 |  | Despesas Pré-operacionais
 |  |  | Ressarcimento de estudos | 3011407.33 | 3011407.33 | 0 | 0 | 0 | 0 | 0 | 0 | 0 | 0 | 0 | 0 | 0 | 0 | 0 | 0 | 0 | 0 | 0 | 0 | 0 | 0 | 0 | 0 | 0 | 0 | 0 | 0 | 0 | 0 | 0
 |  |  | Arapuá | 20559.399997715478 | 20559.399997715478 | 0 | 0 | 0 | 0 | 0 | 0 | 0 | 0 | 0 | 0 | 0 | 0 | 0 | 0 | 0 | 0 | 0 | 0 | 0 | 0 | 0 | 0 | 0 | 0 | 0 | 0 | 0 | 0 | 0
 |  |  | Coromandel | 260377.43935893296 | 260377.43935893296 | 0 | 0 | 0 | 0 | 0 | 0 | 0 | 0 | 0 | 0 | 0 | 0 | 0 | 0 | 0 | 0 | 0 | 0 | 0 | 0 | 0 | 0 | 0 | 0 | 0 | 0 | 0 | 0 | 0
 |  |  | Cruzeiro da Fortaleza | 31191.579342427744 | 31191.579342427744 | 0 | 0 | 0 | 0 | 0 | 0 | 0 | 0 | 0 | 0 | 0 | 0 | 0 | 0 | 0 | 0 | 0 | 0 | 0 | 0 | 0 | 0 | 0 | 0 | 0 | 0 | 0 | 0 | 0
 |  |  | Guimarânia | 83227.26083847013 | 83227.26083847013 | 0 | 0 | 0 | 0 | 0 | 0 | 0 | 0 | 0 | 0 | 0 | 0 | 0 | 0 | 0 | 0 | 0 | 0 | 0 | 0 | 0 | 0 | 0 | 0 | 0 | 0 | 0 | 0 | 0
 |  |  | Lagoa Formosa | 180754.33097591423 | 180754.33097591423 | 0 | 0 | 0 | 0 | 0 | 0 | 0 | 0 | 0 | 0 | 0 | 0 | 0 | 0 | 0 | 0 | 0 | 0 | 0 | 0 | 0 | 0 | 0 | 0 | 0 | 0 | 0 | 0 | 0
 |  |  | Patos de Minas | 2000918.83124954 | 2000918.83124954 | 0 | 0 | 0 | 0 | 0 | 0 | 0 | 0 | 0 | 0 | 0 | 0 | 0 | 0 | 0 | 0 | 0 | 0 | 0 | 0 | 0 | 0 | 0 | 0 | 0 | 0 | 0 | 0 | 0
 |  |  | Presidente Olegário | 163386.07435405147 | 163386.07435405147 | 0 | 0 | 0 | 0 | 0 | 0 | 0 | 0 | 0 | 0 | 0 | 0 | 0 | 0 | 0 | 0 | 0 | 0 | 0 | 0 | 0 | 0 | 0 | 0 | 0 | 0 | 0 | 0 | 0
 |  |  | Rio Paranaíba | 148853.24093382678 | 148853.24093382678 | 0 | 0 | 0 | 0 | 0 | 0 | 0 | 0 | 0 | 0 | 0 | 0 | 0 | 0 | 0 | 0 | 0 | 0 | 0 | 0 | 0 | 0 | 0 | 0 | 0 | 0 | 0 | 0 | 0
 |  |  | Serra do Salitre | 122139.17294912167 | 122139.17294912167 | 0 | 0 | 0 | 0 | 0 | 0 | 0 | 0 | 0 | 0 | 0 | 0 | 0 | 0 | 0 | 0 | 0 | 0 | 0 | 0 | 0 | 0 | 0 | 0 | 0 | 0 | 0 | 0 | 0
 |  |  | B3 | 512268.4 | 512268.4 | 0 | 0 | 0 | 0 | 0 | 0 | 0 | 0 | 0 | 0 | 0 | 0 | 0 | 0 | 0 | 0 | 0 | 0 | 0 | 0 | 0 | 0 | 0 | 0 | 0 | 0 | 0 | 0 | 0
 |  |  | Arapuá | 3497.345190359788 | 3497.345190359788 | 0 | 0 | 0 | 0 | 0 | 0 | 0 | 0 | 0 | 0 | 0 | 0 | 0 | 0 | 0 | 0 | 0 | 0 | 0 | 0 | 0 | 0 | 0 | 0 | 0 | 0 | 0 | 0 | 0
 |  |  | Coromandel | 44292.6245572025 | 44292.6245572025 | 0 | 0 | 0 | 0 | 0 | 0 | 0 | 0 | 0 | 0 | 0 | 0 | 0 | 0 | 0 | 0 | 0 | 0 | 0 | 0 | 0 | 0 | 0 | 0 | 0 | 0 | 0 | 0 | 0
 |  |  | Cruzeiro da Fortaleza | 5305.977801156017 | 5305.977801156017 | 0 | 0 | 0 | 0 | 0 | 0 | 0 | 0 | 0 | 0 | 0 | 0 | 0 | 0 | 0 | 0 | 0 | 0 | 0 | 0 | 0 | 0 | 0 | 0 | 0 | 0 | 0 | 0 | 0
 |  |  | Guimarânia | 14157.731277789562 | 14157.731277789562 | 0 | 0 | 0 | 0 | 0 | 0 | 0 | 0 | 0 | 0 | 0 | 0 | 0 | 0 | 0 | 0 | 0 | 0 | 0 | 0 | 0 | 0 | 0 | 0 | 0 | 0 | 0 | 0 | 0
 |  |  | Lagoa Formosa | 30747.993139175236 | 30747.993139175236 | 0 | 0 | 0 | 0 | 0 | 0 | 0 | 0 | 0 | 0 | 0 | 0 | 0 | 0 | 0 | 0 | 0 | 0 | 0 | 0 | 0 | 0 | 0 | 0 | 0 | 0 | 0 | 0 | 0
 |  |  | Patos de Minas | 340374.9064441813 | 340374.9064441813 | 0 | 0 | 0 | 0 | 0 | 0 | 0 | 0 | 0 | 0 | 0 | 0 | 0 | 0 | 0 | 0 | 0 | 0 | 0 | 0 | 0 | 0 | 0 | 0 | 0 | 0 | 0 | 0 | 0
 |  |  | Presidente Olegário | 27793.491122182724 | 27793.491122182724 | 0 | 0 | 0 | 0 | 0 | 0 | 0 | 0 | 0 | 0 | 0 | 0 | 0 | 0 | 0 | 0 | 0 | 0 | 0 | 0 | 0 | 0 | 0 | 0 | 0 | 0 | 0 | 0 | 0
 |  |  | Rio Paranaíba | 25321.32096788977 | 25321.32096788977 | 0 | 0 | 0 | 0 | 0 | 0 | 0 | 0 | 0 | 0 | 0 | 0 | 0 | 0 | 0 | 0 | 0 | 0 | 0 | 0 | 0 | 0 | 0 | 0 | 0 | 0 | 0 | 0 | 0
 |  |  | Serra do Salitre | 20777.00950006316 | 20777.00950006316 | 0 | 0 | 0 | 0 | 0 | 0 | 0 | 0 | 0 | 0 | 0 | 0 | 0 | 0 | 0 | 0 | 0 | 0 | 0 | 0 | 0 | 0 | 0 | 0 | 0 | 0 | 0 | 0 | 0
 |  |  | Infraestrutura SPE | 3166627.4000000004 | 3166627.4000000004 | 0 | 0 | 0 | 0 | 0 | 0 | 0 | 0 | 0 | 0 | 0 | 0 | 0 | 0 | 0 | 0 | 0 | 0 | 0 | 0 | 0 | 0 | 0 | 0 | 0 | 0 | 0 | 0 | 0
 |  |  | Arapuá | 21619.114329620024 | 21619.114329620024 | 0 | 0 | 0 | 0 | 0 | 0 | 0 | 0 | 0 | 0 | 0 | 0 | 0 | 0 | 0 | 0 | 0 | 0 | 0 | 0 | 0 | 0 | 0 | 0 | 0 | 0 | 0 | 0 | 0
 |  |  | Coromandel | 273798.34192534676 | 273798.34192534676 | 0 | 0 | 0 | 0 | 0 | 0 | 0 | 0 | 0 | 0 | 0 | 0 | 0 | 0 | 0 | 0 | 0 | 0 | 0 | 0 | 0 | 0 | 0 | 0 | 0 | 0 | 0 | 0 | 0
 |  |  | Cruzeiro da Fortaleza | 32799.31904628979 | 32799.31904628979 | 0 | 0 | 0 | 0 | 0 | 0 | 0 | 0 | 0 | 0 | 0 | 0 | 0 | 0 | 0 | 0 | 0 | 0 | 0 | 0 | 0 | 0 | 0 | 0 | 0 | 0 | 0 | 0 | 0
 |  |  | Guimarânia | 87517.12927458622 | 87517.12927458622 | 0 | 0 | 0 | 0 | 0 | 0 | 0 | 0 | 0 | 0 | 0 | 0 | 0 | 0 | 0 | 0 | 0 | 0 | 0 | 0 | 0 | 0 | 0 | 0 | 0 | 0 | 0 | 0 | 0
 |  |  | Lagoa Formosa | 190071.13764878787 | 190071.13764878787 | 0 | 0 | 0 | 0 | 0 | 0 | 0 | 0 | 0 | 0 | 0 | 0 | 0 | 0 | 0 | 0 | 0 | 0 | 0 | 0 | 0 | 0 | 0 | 0 | 0 | 0 | 0 | 0 | 0
 |  |  | Patos de Minas | 2104054.251674671 | 2104054.251674671 | 0 | 0 | 0 | 0 | 0 | 0 | 0 | 0 | 0 | 0 | 0 | 0 | 0 | 0 | 0 | 0 | 0 | 0 | 0 | 0 | 0 | 0 | 0 | 0 | 0 | 0 | 0 | 0 | 0
 |  |  | Presidente Olegário | 171807.65108517444 | 171807.65108517444 | 0 | 0 | 0 | 0 | 0 | 0 | 0 | 0 | 0 | 0 | 0 | 0 | 0 | 0 | 0 | 0 | 0 | 0 | 0 | 0 | 0 | 0 | 0 | 0 | 0 | 0 | 0 | 0 | 0
 |  |  | Rio Paranaíba | 156525.73686199318 | 156525.73686199318 | 0 | 0 | 0 | 0 | 0 | 0 | 0 | 0 | 0 | 0 | 0 | 0 | 0 | 0 | 0 | 0 | 0 | 0 | 0 | 0 | 0 | 0 | 0 | 0 | 0 | 0 | 0 | 0 | 0
 |  |  | Serra do Salitre | 128434.71815353107 | 128434.71815353107 | 0 | 0 | 0 | 0 | 0 | 0 | 0 | 0 | 0 | 0 | 0 | 0 | 0 | 0 | 0 | 0 | 0 | 0 | 0 | 0 | 0 | 0 | 0 | 0 | 0 | 0 | 0 | 0 | 0
 |  | Total |  | 6690303.130000001 | 6690303.130000001 | 0 | 0 | 0 | 0 | 0 | 0 | 0 | 0 | 0 | 0 | 0 | 0 | 0 | 0 | 0 | 0 | 0 | 0 | 0 | 0 | 0 | 0 | 0 | 0 | 0 | 0 | 0 | 0 | 0
 |  | CAPEX
 |  |  |  | TOTAL | 1 | 2 | 3 | 4 | 5 | 6 | 7 | 8 | 9 | 10 | 11 | 12 | 13 | 14 | 15 | 16 | 17 | 18 | 19 | 20 | 21 | 22 | 23 | 24 | 25 | 26 | 27 | 28 | 29 | 30
 |  | Coleta |  | 67352434.41000001 | 14857558.729999997 | 0 | 0 | 0 | 0 | 144335.12 | 3238943.16 | 80011.86 | 13938778.340000002 | 0 | 144335.12 | 0 | 0 | 0 | 3238943.16 | 224346.97999999998 | 13938778.340000002 | 0 | 0 | 0 | 144335.12 | 0 | 3238943.16 | 80011.86 | 13938778.340000002 | 144335.12 | 0 | 0 | 0 | 0
 |  |  | Arapuá | 500580.1428569354 | 106980.59603654359 | 0 | 0 | 0 | 0 | 2475.0966712976647 | 22569.188456055224 | 557.5283843695197 | 103947.9709808764 | 0 | 2475.0966712976647 | 0 | 0 | 0 | 22569.188456055224 | 3032.6250556671844 | 103947.9709808764 | 0 | 0 | 0 | 2475.0966712976647 | 0 | 22569.188456055224 | 557.5283843695197 | 103947.9709808764 | 2475.0966712976647 | 0 | 0 | 0 | 0
 |  |  | Coromandel | 7684524.807483461 | 1682445.3194753448 | 0 | 0 | 0 | 0 | 23532.899999999998 | 302559.24319402676 | 7474.144068692586 | 1651438.2754066521 | 0 | 23532.899999999998 | 0 | 0 | 0 | 302559.24319402676 | 31007.044068692583 | 1651438.2754066521 | 0 | 0 | 0 | 23532.899999999998 | 0 | 302559.24319402676 | 7474.144068692586 | 1651438.2754066521 | 23532.899999999998 | 0 | 0 | 0 | 0
 |  |  | Cruzeiro da Fortaleza | 981026.8682739468 | 217453.56431715674 | 0 | 0 | 0 | 0 | 3309.8161770755073 | 34864.32621705633 | 861.2561105497883 | 213282.49202953142 | 0 | 3309.8161770755073 | 0 | 0 | 0 | 34864.32621705633 | 4171.072287625296 | 213282.49202953142 | 0 | 0 | 0 | 3309.8161770755073 | 0 | 34864.32621705633 | 861.2561105497883 | 213282.49202953142 | 3309.8161770755073 | 0 | 0 | 0 | 0
 |  |  | Guimarânia | 2629623.4906913135 | 581868.3982662226 | 0 | 0 | 0 | 0 | 8831.451952872188 | 94828.99790689297 | 2342.5679703704996 | 570694.3783429799 | 0 | 8831.451952872188 | 0 | 0 | 0 | 94828.99790689297 | 11174.019923242688 | 570694.3783429799 | 0 | 0 | 0 | 8831.451952872188 | 0 | 94828.99790689297 | 2342.5679703704996 | 570694.3783429799 | 8831.451952872188 | 0 | 0 | 0 | 0
 |  |  | Lagoa Formosa | 3969097.7635267675 | 879665.9967159468 | 0 | 0 | 0 | 0 | 6239.135971892776 | 203519.83869597517 | 5027.566103063366 | 810864.624184747 | 0 | 6239.135971892776 | 0 | 0 | 0 | 203519.83869597517 | 11266.702074956142 | 810864.624184747 | 0 | 0 | 0 | 6239.135971892776 | 0 | 203519.83869597517 | 5027.566103063366 | 810864.624184747 | 6239.135971892776 | 0 | 0 | 0 | 0
 |  |  | Patos de Minas | 44025015.06924267 | 9749800.706484042 | 0 | 0 | 0 | 0 | 69066.14402810723 | 2266125.391293851 | 55980.26843751369 | 8987855.554474667 | 0 | 69066.14402810723 | 0 | 0 | 0 | 2266125.391293851 | 125046.41246562092 | 8987855.554474667 | 0 | 0 | 0 | 69066.14402810723 | 0 | 2266125.391293851 | 55980.26843751369 | 8987855.554474667 | 69066.14402810723 | 0 | 0 | 0 | 0
 |  |  | Presidente Olegário | 0 | 0 | 0 | 0 | 0 | 0 | 0 | 0 | 0 | 0 | 0 | 0 | 0 | 0 | 0 | 0 | 0 | 0 | 0 | 0 | 0 | 0 | 0 | 0 | 0 | 0 | 0 | 0 | 0 | 0 | 0
 |  |  | Rio Paranaíba | 3704981.514882559 | 785634.3602558753 | 0 | 0 | 0 | 0 | 17920.083328702334 | 175534.63573388424 | 4336.245499130816 | 763378.0314280421 | 0 | 17920.083328702334 | 0 | 0 | 0 | 175534.63573388424 | 22256.32882783315 | 763378.0314280421 | 0 | 0 | 0 | 17920.083328702334 | 0 | 175534.63573388424 | 4336.245499130816 | 763378.0314280421 | 17920.083328702334 | 0 | 0 | 0 | 0
 |  |  | Serra do Salitre | 3857584.7530423463 | 853709.7884488667 | 0 | 0 | 0 | 0 | 12960.491870052303 | 138941.53850225807 | 3432.2834263097357 | 837317.0131525047 | 0 | 12960.491870052303 | 0 | 0 | 0 | 138941.53850225807 | 16392.775296362037 | 837317.0131525047 | 0 | 0 | 0 | 12960.491870052303 | 0 | 138941.53850225807 | 3432.2834263097357 | 837317.0131525047 | 12960.491870052303 | 0 | 0 | 0 | 0
 |  | Transbordo e Transporte |  | 30562130.840000004 | 20962235.11 | 0 | 200967.25 | 0 | 0 | 0 | 0 | 0 | 0 | 347975.43999999994 | 4190715 | 0 | 0 | 160773.79999999996 | 0 | 0 | 0 | 0 | 0 | 347975.43999999994 | 4190715 | 0 | 0 | 160773.79999999996 | 0 | 0 | 0 | 0 | 0 | 0
 |  |  | Arapuá | 250313.82588671902 | 171096.53697276354 | 0 | 4877.754170493672 | 0 | 0 | 0 | 0 | 0 | 0 | 8445.847040696284 | 24821.71699463969 | 0 | 0 | 3902.203336394937 | 0 | 0 | 0 | 0 | 0 | 8445.847040696284 | 24821.71699463969 | 0 | 0 | 3902.203336394937 | 0 | 0 | 0 | 0 | 0 | 0
 |  |  | Coromandel | 3196147.244838894 | 2191734.14 | 0 | 40193.45 | 0 | 0 | 0 | 0 | 0 | 0 | 69595.088 | 380359.979419447 | 0 | 0 | 32154.759999999995 | 0 | 0 | 0 | 0 | 0 | 69595.088 | 380359.979419447 | 0 | 0 | 32154.759999999995 | 0 | 0 | 0 | 0 | 0 | 0
 |  |  | Cruzeiro da Fortaleza | 421431.0014629685 | 288993.16671104636 | 0 | 5299.745158207056 | 0 | 0 | 0 | 0 | 0 | 0 | 9176.525793705045 | 50152.72287658686 | 0 | 0 | 4239.796126565645 | 0 | 0 | 0 | 0 | 0 | 9176.525793705045 | 50152.72287658686 | 0 | 0 | 4239.796126565645 | 0 | 0 | 0 | 0 | 0 | 0
 |  |  | Guimarânia | 1124487.718275512 | 771109.0676860765 | 0 | 14141.100962449273 | 0 | 0 | 0 | 0 | 0 | 0 | 24485.361816379085 | 133820.53222715462 | 0 | 0 | 11312.880769959416 | 0 | 0 | 0 | 0 | 0 | 24485.361816379085 | 133820.53222715462 | 0 | 0 | 11312.880769959416 | 0 | 0 | 0 | 0 | 0 | 0
 |  |  | Lagoa Formosa | 1571632.9658218103 | 1078504.7881406872 | 0 | 3330.0772499547656 | 0 | 0 | 0 | 0 | 0 | 0 | 5766.03947303354 | 236468.94894258695 | 0 | 0 | 2664.0617999638125 | 0 | 0 | 0 | 0 | 0 | 5766.03947303354 | 236468.94894258695 | 0 | 0 | 2664.0617999638125 | 0 | 0 | 0 | 0 | 0 | 0
 |  |  | Patos de Minas | 17397702.064159464 | 11938859.381859312 | 0 | 36863.37275004523 | 0 | 0 | 0 | 0 | 0 | 0 | 63829.04852696646 | 2617669.9080480505 | 0 | 0 | 29490.69820003618 | 0 | 0 | 0 | 0 | 0 | 63829.04852696646 | 2617669.9080480505 | 0 | 0 | 29490.69820003618 | 0 | 0 | 0 | 0 | 0 | 0
 |  |  | Presidente Olegário | 3137876.6177786323 | 2151540.69 | 0 | 40193.45 | 0 | 0 | 0 | 0 | 0 | 0 | 69595.088 | 371321.3908893165 | 0 | 0 | 32154.759999999995 | 0 | 0 | 0 | 0 | 0 | 69595.088 | 371321.3908893165 | 0 | 0 | 32154.759999999995 | 0 | 0 | 0 | 0 | 0 | 0
 |  |  | Rio Paranaíba | 1812310.8766755853 | 1238765.4330272365 | 0 | 35315.69582950632 | 0 | 0 | 0 | 0 | 0 | 0 | 61149.240959303715 | 179713.0762865124 | 0 | 0 | 28252.556663605057 | 0 | 0 | 0 | 0 | 0 | 61149.240959303715 | 179713.0762865124 | 0 | 0 | 28252.556663605057 | 0 | 0 | 0 | 0 | 0 | 0
 |  |  | Serra do Salitre | 1650228.5251004132 | 1131631.905602877 | 0 | 20752.603879343664 | 0 | 0 | 0 | 0 | 0 | 0 | 35933.200389915866 | 196386.7243157055 | 0 | 0 | 16602.083103474928 | 0 | 0 | 0 | 0 | 0 | 35933.200389915866 | 196386.7243157055 | 0 | 0 | 16602.083103474928 | 0 | 0 | 0 | 0 | 0 | 0
 |  | Triagem e Tratamento |  | 12127398.24 | 5540379.915 | 5404933.485 | 0 | 0 | 0 | 0 | 0 | 0 | 0 | 455595.99 | 135446.43 | 0 | 0 | 0 | 0 | 0 | 0 | 0 | 0 | 455595.99 | 135446.43 | 0 | 0 | 0 | 0 | 0 | 0 | 0 | 0 | 0
 |  |  | Arapuá | 82795.85058582915 | 37825.13434069176 | 36900.41807767045 | 0 | 0 | 0 | 0 | 0 | 0 | 0 | 3110.432820712162 | 924.7162630213062 | 0 | 0 | 0 | 0 | 0 | 0 | 0 | 0 | 3110.432820712162 | 924.7162630213062 | 0 | 0 | 0 | 0 | 0 | 0 | 0 | 0 | 0
 |  |  | Coromandel | 1048579.8013307056 | 479041.7825486805 | 467330.58218652 | 0 | 0 | 0 | 0 | 0 | 0 | 0 | 39392.51793559193 | 11711.200362160556 | 0 | 0 | 0 | 0 | 0 | 0 | 0 | 0 | 39392.51793559193 | 11711.200362160556 | 0 | 0 | 0 | 0 | 0 | 0 | 0 | 0 | 0
 |  |  | Cruzeiro da Fortaleza | 125613.26415453022 | 57386.19215817462 | 55983.26402357598 | 0 | 0 | 0 | 0 | 0 | 0 | 0 | 4718.975851791168 | 1402.9281345986446 | 0 | 0 | 0 | 0 | 0 | 0 | 0 | 0 | 4718.975851791168 | 1402.9281345986446 | 0 | 0 | 0 | 0 | 0 | 0 | 0 | 0 | 0
 |  |  | Guimarânia | 335168.91805283725 | 153121.31299418933 | 149377.93518974943 | 0 | 0 | 0 | 0 | 0 | 0 | 0 | 12591.457130009385 | 3743.3778044398878 | 0 | 0 | 0 | 0 | 0 | 0 | 0 | 0 | 12591.457130009385 | 3743.3778044398878 | 0 | 0 | 0 | 0 | 0 | 0 | 0 | 0 | 0
 |  |  | Lagoa Formosa | 727925.3568628591 | 332551.38051623775 | 324421.4511659874 | 0 | 0 | 0 | 0 | 0 | 0 | 0 | 27346.33324006663 | 8129.929350250335 | 0 | 0 | 0 | 0 | 0 | 0 | 0 | 0 | 27346.33324006663 | 8129.929350250335 | 0 | 0 | 0 | 0 | 0 | 0 | 0 | 0 | 0
 |  |  | Patos de Minas | 8058006.391476282 | 3681285.6214307696 | 3591288.725390631 | 0 | 0 | 0 | 0 | 0 | 0 | 0 | 302719.126287302 | 89996.896040139 | 0 | 0 | 0 | 0 | 0 | 0 | 0 | 0 | 302719.126287302 | 89996.896040139 | 0 | 0 | 0 | 0 | 0 | 0 | 0 | 0 | 0
 |  |  | Presidente Olegário | 657980.7290838445 | 300597.3040325579 | 293248.56038618746 | 0 | 0 | 0 | 0 | 0 | 0 | 0 | 24718.68868617906 | 7348.743646370425 | 0 | 0 | 0 | 0 | 0 | 0 | 0 | 0 | 24718.68868617906 | 7348.743646370425 | 0 | 0 | 0 | 0 | 0 | 0 | 0 | 0 | 0
 |  |  | Rio Paranaíba | 599454.7845240142 | 273859.8322905821 | 267164.74329429655 | 0 | 0 | 0 | 0 | 0 | 0 | 0 | 22520.015473282165 | 6695.088996285567 | 0 | 0 | 0 | 0 | 0 | 0 | 0 | 0 | 22520.015473282165 | 6695.088996285567 | 0 | 0 | 0 | 0 | 0 | 0 | 0 | 0 | 0
 |  |  | Serra do Salitre | 491873.14392909897 | 224711.35468811684 | 219217.8052853826 | 0 | 0 | 0 | 0 | 0 | 0 | 0 | 18478.442575065492 | 5493.549402734269 | 0 | 0 | 0 | 0 | 0 | 0 | 0 | 0 | 18478.442575065492 | 5493.549402734269 | 0 | 0 | 0 | 0 | 0 | 0 | 0 | 0 | 0
 |  | Disposição Final |  | 32532767.849999994 | 2418320.36 | 1500000 | 3851822.96 | 2279292.8819999998 | 0 | 0 | 0 | 0 | 0 | 0 | 13227132.641999999 | 0 | 0 | 0 | 0 | 0 | 0 | 2279292.8819999998 | 0 | 0 | 2418320.36 | 0 | 0 | 2279292.8819999998 | 0 | 0 | 0 | 0 | 0 | 2279292.8819999998
 |  |  | Arapuá | 222106.8470537887 | 16510.292416622127 | 10240.760088929323 | 26297.063225593072 | 15561.127717977526 | 0 | 0 | 0 | 0 | 0 | 0 | 90303.9280341119 | 0 | 0 | 0 | 0 | 0 | 0 | 15561.127717977526 | 0 | 0 | 16510.292416622127 | 0 | 0 | 15561.127717977526 | 0 | 0 | 0 | 0 | 0 | 15561.127717977526
 |  |  | Coromandel | 2812903.6891338173 | 209096.9416901741 | 129695.55966326197 | 333042.8896806682 | 197076.11064498618 | 0 | 0 | 0 | 0 | 0 | 0 | 1143666.913829594 | 0 | 0 | 0 | 0 | 0 | 0 | 197076.11064498618 | 0 | 0 | 209096.9416901741 | 0 | 0 | 197076.11064498618 | 0 | 0 | 0 | 0 | 0 | 197076.11064498618
 |  |  | Cruzeiro da Fortaleza | 336968.1675119178 | 25048.49829941419 | 15536.712203473855 | 39896.443192168525 | 23608.478356706994 | 0 | 0 | 0 | 0 | 0 | 0 | 137004.10209061916 | 0 | 0 | 0 | 0 | 0 | 0 | 23608.478356706994 | 0 | 0 | 25048.49829941419 | 0 | 0 | 23608.478356706994 | 0 | 0 | 0 | 0 | 0 | 23608.478356706994
 |  |  | Guimarânia | 899118.8699966884 | 66835.91999913973 | 41455.99634231653 | 106454.10569400722 | 62993.5715861734 | 0 | 0 | 0 | 0 | 0 | 0 | 365562.6416173917 | 0 | 0 | 0 | 0 | 0 | 0 | 62993.5715861734 | 0 | 0 | 66835.91999913973 | 0 | 0 | 62993.5715861734 | 0 | 0 | 0 | 0 | 0 | 62993.5715861734
 |  |  | Lagoa Formosa | 1952721.1177776742 | 145155.3479340279 | 90034.8132126886 | 231198.7738212969 | 136810.47259192044 | 0 | 0 | 0 | 0 | 0 | 0 | 793934.9445079509 | 0 | 0 | 0 | 0 | 0 | 0 | 136810.47259192044 | 0 | 0 | 145155.3479340279 | 0 | 0 | 136810.47259192044 | 0 | 0 | 0 | 0 | 0 | 136810.47259192044
 |  |  | Patos de Minas | 21616281.256688915 | 1606844.314986165 | 996669.6358125388 | 2559329.9911717167 | 1514468.004408701 | 0 | 0 | 0 | 0 | 0 | 0 | 8788720.982097521 | 0 | 0 | 0 | 0 | 0 | 0 | 1514468.004408701 | 0 | 0 | 1606844.314986165 | 0 | 0 | 1514468.004408701 | 0 | 0 | 0 | 0 | 0 | 1514468.004408701
 |  |  | Presidente Olegário | 1765088.7589767522 | 131207.7134881904 | 81383.58072306252 | 208983.42986407044 | 123664.67750249921 | 0 | 0 | 0 | 0 | 0 | 0 | 717647.6114032415 | 0 | 0 | 0 | 0 | 0 | 0 | 123664.67750249921 | 0 | 0 | 131207.7134881904 | 0 | 0 | 123664.67750249921 | 0 | 0 | 0 | 0 | 0 | 123664.67750249921
 |  |  | Rio Paranaíba | 1608087.9802535062 | 119537.07478099904 | 74144.68948667271 | 190394.81155122438 | 112664.97532338221 | 0 | 0 | 0 | 0 | 0 | 0 | 653814.4283600819 | 0 | 0 | 0 | 0 | 0 | 0 | 112664.97532338221 | 0 | 0 | 119537.07478099904 | 0 | 0 | 112664.97532338221 | 0 | 0 | 0 | 0 | 0 | 112664.97532338221
 |  |  | Serra do Salitre | 1319491.1626069446 | 98084.25640526754 | 60838.25246705583 | 156225.45179925484 | 92445.46386765284 | 0 | 0 | 0 | 0 | 0 | 0 | 536477.0900594874 | 0 | 0 | 0 | 0 | 0 | 0 | 92445.46386765284 | 0 | 0 | 98084.25640526754 | 0 | 0 | 92445.46386765284 | 0 | 0 | 0 | 0 | 0 | 92445.46386765284
 |  | Inclusão Catador |  | 2392998.340000001 | 1015670.3800000001 | 0 | 0 | 0 | 69509.20000000001 | 0 | 0 | 0 | 0 | 549645.5800000001 | 0 | 0 | 0 | 0 | 69509.20000000001 | 0 | 0 | 0 | 0 | 549645.5800000001 | 0 | 0 | 0 | 0 | 69509.20000000001 | 0 | 0 | 0 | 0 | 69509.20000000001
 |  |  | Arapuá | 16337.414595430746 | 6934.157794007786 | 0 | 0 | 0 | 474.5513607822707 | 0 | 0 | 0 | 0 | 3752.525679146939 | 0 | 0 | 0 | 0 | 474.5513607822707 | 0 | 0 | 0 | 0 | 3752.525679146939 | 0 | 0 | 0 | 0 | 474.5513607822707 | 0 | 0 | 0 | 0 | 474.5513607822707
 |  |  | Coromandel | 206907.5059863712 | 87818.62557833196 | 0 | 0 | 0 | 6010.023063830406 | 0 | 0 | 0 | 0 | 47524.39407635882 | 0 | 0 | 0 | 0 | 6010.023063830406 | 0 | 0 | 0 | 0 | 47524.39407635882 | 0 | 0 | 0 | 0 | 6010.023063830406 | 0 | 0 | 0 | 0 | 6010.023063830406
 |  |  | Cruzeiro da Fortaleza | 24786.217674647116 | 10520.118925101951 | 0 | 0 | 0 | 719.9629572624699 | 0 | 0 | 0 | 0 | 5693.1234602476425 | 0 | 0 | 0 | 0 | 719.9629572624699 | 0 | 0 | 0 | 0 | 5693.1234602476425 | 0 | 0 | 0 | 0 | 719.9629572624699 | 0 | 0 | 0 | 0 | 719.9629572624699
 |  |  | Guimarânia | 66136.08695347302 | 28070.418372186163 | 0 | 0 | 0 | 1921.0487606382321 | 0 | 0 | 0 | 0 | 15190.736769366964 | 0 | 0 | 0 | 0 | 1921.0487606382321 | 0 | 0 | 0 | 0 | 15190.736769366964 | 0 | 0 | 0 | 0 | 1921.0487606382321 | 0 | 0 | 0 | 0 | 1921.0487606382321
 |  |  | Lagoa Formosa | 143635.43904011592 | 60963.79529930697 | 0 | 0 | 0 | 4172.165225708944 | 0 | 0 | 0 | 0 | 32991.491418986596 | 0 | 0 | 0 | 0 | 4172.165225708944 | 0 | 0 | 0 | 0 | 32991.491418986596 | 0 | 0 | 0 | 0 | 4172.165225708944 | 0 | 0 | 0 | 0 | 4172.165225708944
 |  |  | Patos de Minas | 1590019.189351873 | 674858.5518267886 | 0 | 0 | 0 | 46185.13936641395 | 0 | 0 | 0 | 0 | 365210.0400297144 | 0 | 0 | 0 | 0 | 46185.13936641395 | 0 | 0 | 0 | 0 | 365210.0400297144 | 0 | 0 | 0 | 0 | 46185.13936641395 | 0 | 0 | 0 | 0 | 46185.13936641395
 |  |  | Presidente Olegário | 129833.84904902976 | 55105.928239169065 | 0 | 0 | 0 | 3771.271726130332 | 0 | 0 | 0 | 0 | 29821.41695266968 | 0 | 0 | 0 | 0 | 3771.271726130332 | 0 | 0 | 0 | 0 | 29821.41695266968 | 0 | 0 | 0 | 0 | 3771.271726130332 | 0 | 0 | 0 | 0 | 3771.271726130332
 |  |  | Rio Paranaíba | 118285.41257428218 | 50204.37663060725 | 0 | 0 | 0 | 3435.8253669780206 | 0 | 0 | 0 | 0 | 27168.867237881415 | 0 | 0 | 0 | 0 | 3435.8253669780206 | 0 | 0 | 0 | 0 | 27168.867237881415 | 0 | 0 | 0 | 0 | 3435.8253669780206 | 0 | 0 | 0 | 0 | 3435.8253669780206
 |  |  | Serra do Salitre | 97057.224774777 | 41194.40733450035 | 0 | 0 | 0 | 2819.2121722553843 | 0 | 0 | 0 | 0 | 22292.98437562755 | 0 | 0 | 0 | 0 | 2819.2121722553843 | 0 | 0 | 0 | 0 | 22292.98437562755 | 0 | 0 | 0 | 0 | 2819.2121722553843 | 0 | 0 | 0 | 0 | 2819.2121722553843
 |  | Total |  | 144967729.68 | 44794164.495 | 6904933.485 | 4052790.21 | 2279292.8819999998 | 69509.20000000001 | 144335.12 | 3238943.16 | 80011.86 | 13938778.340000002 | 1353217.01 | 17697629.191999998 | 0 | 0 | 160773.79999999996 | 3308452.3600000003 | 224346.97999999998 | 13938778.340000002 | 2279292.8819999998 | 0 | 1353217.01 | 6888816.91 | 0 | 3238943.16 | 2520078.542 | 14008287.540000001 | 144335.12 | 0 | 0 | 0 | 2348802.082
 |  | % de execução por ano |  | 1 | 0.308994040217627 | 0.04763083135979204 | 0.0279564991391262 | 0.015722760417309998 | 0.00047948050337432867 | 0.000995636203440611 | 0.022342511448234747 | 0.0005519287649507735 | 0.09615090455488466 | 0.009334608557277366 | 0.12207978445317126 | 0 | 0 | 0.0011090316469388746 | 0.022821991951609076 | 0.0015475649683913844 | 0.09615090455488466 | 0.015722760417309998 | 0 | 0.009334608557277366 | 0.047519657824581306 | 0 | 0.022342511448234747 | 0.017383720829199645 | 0.096630385058259 | 0.000995636203440611 | 0 | 0 | 0 | 0.016202240920684327
 |  | OPEX
 |  |  |  | TOTAL | 1 | 2 | 3 | 4 | 5 | 6 | 7 | 8 | 9 | 10 | 11 | 12 | 13 | 14 | 15 | 16 | 17 | 18 | 19 | 20 | 21 | 22 | 23 | 24 | 25 | 26 | 27 | 28 | 29 | 30
 |  | Coleta |  | 397334998.1444376 | 9570445.33653993 | 9570445.33653993 | 11217954.005187 | 11217954.005187 | 11217954.005187 | 11217954.005187 | 11217954.005187 | 14527060.325187 | 13980785.32364707 | 13980785.32364707 | 13980785.32364707 | 13980785.32364707 | 13980785.32364707 | 13980785.32364707 | 13980785.32364707 | 13980785.32364707 | 13980785.32364707 | 13980785.32364707 | 13980785.32364707 | 13980785.32364707 | 13980785.32364707 | 13980785.32364707 | 13980785.32364707 | 13980785.32364707 | 13980785.32364707 | 13980785.32364707 | 13980785.32364707 | 13980785.32364707 | 13980785.32364707 | 13980785.32364707
 |  |  | Arapuá | 3214002.9179034997 | 75227.51550000001 | 75227.51550000001 | 90845.32650000001 | 90845.32650000001 | 90845.32650000001 | 90845.32650000001 | 90845.32650000001 | 117681.49752932003 | 113256.35258518999 | 113256.35258518999 | 113256.35258518999 | 113256.35258518999 | 113256.35258518999 | 113256.35258518999 | 113256.35258518999 | 113256.35258518999 | 113256.35258518999 | 113256.35258518999 | 113256.35258518999 | 113256.35258518999 | 113256.35258518999 | 113256.35258518999 | 113256.35258518999 | 113256.35258518999 | 113256.35258518999 | 113256.35258518999 | 113256.35258518999 | 113256.35258518999 | 113256.35258518999 | 113256.35258518999
 |  |  | Coromandel | 38919205.2882217 | 1089029.0159999998 | 1089029.0159999998 | 1089335.9999999998 | 1089335.9999999998 | 1089335.9999999998 | 1089335.9999999998 | 1089335.9999999998 | 1411370.05235184 | 1358322.6001759039 | 1358322.6001759039 | 1358322.6001759039 | 1358322.6001759039 | 1358322.6001759039 | 1358322.6001759039 | 1358322.6001759039 | 1358322.6001759039 | 1358322.6001759039 | 1358322.6001759039 | 1358322.6001759039 | 1358322.6001759039 | 1358322.6001759039 | 1358322.6001759039 | 1358322.6001759039 | 1358322.6001759039 | 1358322.6001759039 | 1358322.6001759039 | 1358322.6001759039 | 1358322.6001759039 | 1358322.6001759039 | 1358322.6001759039
 |  |  | Cruzeiro da Fortaleza | 4536013.857561631 | 106610.77349999998 | 106610.77349999998 | 128790.36749999998 | 128790.36749999998 | 128790.36749999998 | 128790.36749999998 | 128790.36749999998 | 165948.14277136617 | 159676.92410410303 | 159676.92410410303 | 159676.92410410303 | 159676.92410410303 | 159676.92410410303 | 159676.92410410303 | 159676.92410410303 | 159676.92410410303 | 159676.92410410303 | 159676.92410410303 | 159676.92410410303 | 159676.92410410303 | 159676.92410410303 | 159676.92410410303 | 159676.92410410303 | 159676.92410410303 | 159676.92410410303 | 159676.92410410303 | 159676.92410410303 | 159676.92410410303 | 159676.92410410303 | 159676.92410410303
 |  |  | Guimarânia | 11219183.54675048 | 263065.54500000004 | 263065.54500000004 | 317747.07000000007 | 317747.07000000007 | 317747.07000000007 | 317747.07000000007 | 317747.07000000007 | 410641.50817841553 | 395167.0726623663 | 395167.0726623663 | 395167.0726623663 | 395167.0726623663 | 395167.0726623663 | 395167.0726623663 | 395167.0726623663 | 395167.0726623663 | 395167.0726623663 | 395167.0726623663 | 395167.0726623663 | 395167.0726623663 | 395167.0726623663 | 395167.0726623663 | 395167.0726623663 | 395167.0726623663 | 395167.0726623663 | 395167.0726623663 | 395167.0726623663 | 395167.0726623663 | 395167.0726623663 | 395167.0726623663
 |  |  | Lagoa Formosa | 25670129.53656983 | 600435.5684999999 | 600435.5684999999 | 725301.3104999999 | 725301.3104999999 | 725301.3104999999 | 725301.3104999999 | 725301.3104999999 | 939990.6787345601 | 904670.9621970573 | 904670.9621970573 | 904670.9621970573 | 904670.9621970573 | 904670.9621970573 | 904670.9621970573 | 904670.9621970573 | 904670.9621970573 | 904670.9621970573 | 904670.9621970573 | 904670.9621970573 | 904670.9621970573 | 904670.9621970573 | 904670.9621970573 | 904670.9621970573 | 904670.9621970573 | 904670.9621970573 | 904670.9621970573 | 904670.9621970573 | 904670.9621970573 | 904670.9621970573 | 904670.9621970573
 |  |  | Patos de Minas | 276645679.83857 | 6474644.78103993 | 6474644.78103993 | 7821192.706005 | 7821192.706005 | 7821192.706005 | 7821192.706005 | 7821192.706005 | 10129103.414526522 | 9748241.96963357 | 9748241.96963357 | 9748241.96963357 | 9748241.96963357 | 9748241.96963357 | 9748241.96963357 | 9748241.96963357 | 9748241.96963357 | 9748241.96963357 | 9748241.96963357 | 9748241.96963357 | 9748241.96963357 | 9748241.96963357 | 9748241.96963357 | 9748241.96963357 | 9748241.96963357 | 9748241.96963357 | 9748241.96963357 | 9748241.96963357 | 9748241.96963357 | 9748241.96963357 | 9748241.96963357
 |  |  | Presidente Olegário | 0 | 0 | 0 | 0 | 0 | 0 | 0 | 0 | 0 | 0 | 0 | 0 | 0 | 0 | 0 | 0 | 0 | 0 | 0 | 0 | 0 | 0 | 0 | 0 | 0 | 0 | 0 | 0 | 0 | 0 | 0
 |  |  | Rio Paranaíba | 20531783.72842162 | 572833.5599999999 | 572833.5599999999 | 575327.8049999999 | 575327.8049999999 | 575327.8049999999 | 575327.8049999999 | 575327.8049999999 | 744602.114569557 | 716585.2485841853 | 716585.2485841853 | 716585.2485841853 | 716585.2485841853 | 716585.2485841853 | 716585.2485841853 | 716585.2485841853 | 716585.2485841853 | 716585.2485841853 | 716585.2485841853 | 716585.2485841853 | 716585.2485841853 | 716585.2485841853 | 716585.2485841853 | 716585.2485841853 | 716585.2485841853 | 716585.2485841853 | 716585.2485841853 | 716585.2485841853 | 716585.2485841853 | 716585.2485841853 | 716585.2485841853
 |  |  | Serra do Salitre | 16598999.43043869 | 388598.577 | 388598.577 | 469413.419682 | 469413.419682 | 469413.419682 | 469413.419682 | 469413.419682 | 607722.9165254186 | 584864.1937046938 | 584864.1937046938 | 584864.1937046938 | 584864.1937046938 | 584864.1937046938 | 584864.1937046938 | 584864.1937046938 | 584864.1937046938 | 584864.1937046938 | 584864.1937046938 | 584864.1937046938 | 584864.1937046938 | 584864.1937046938 | 584864.1937046938 | 584864.1937046938 | 584864.1937046938 | 584864.1937046938 | 584864.1937046938 | 584864.1937046938 | 584864.1937046938 | 584864.1937046938 | 584864.1937046938
 |  | Transbordo e Transporte |  | 105968910.93999991 | 13531663.489999998 | 13531663.489999998 | 2818056.5700000003 | 2818056.5700000003 | 2818056.5700000003 | 2818056.5700000003 | 2818056.5700000003 | 2818056.5700000003 | 2818056.5700000003 | 2818056.5700000003 | 2818056.5700000003 | 2818056.5700000003 | 2818056.5700000003 | 2818056.5700000003 | 2818056.5700000003 | 2818056.5700000003 | 2818056.5700000003 | 2818056.5700000003 | 2818056.5700000003 | 2818056.5700000003 | 2818056.5700000003 | 2818056.5700000003 | 2818056.5700000003 | 2818056.5700000003 | 2818056.5700000003 | 2818056.5700000003 | 2818056.5700000003 | 2818056.5700000003 | 2818056.5700000003 | 2818056.5700000003
 |  |  | Arapuá | 2973695.937866677 | 115607.5043070671 | 115607.5043070671 | 97945.7474733051 | 97945.7474733051 | 97945.7474733051 | 97945.7474733051 | 97945.7474733051 | 97945.7474733051 | 97945.7474733051 | 97945.7474733051 | 97945.7474733051 | 97945.7474733051 | 97945.7474733051 | 97945.7474733051 | 97945.7474733051 | 97945.7474733051 | 97945.7474733051 | 97945.7474733051 | 97945.7474733051 | 97945.7474733051 | 97945.7474733051 | 97945.7474733051 | 97945.7474733051 | 97945.7474733051 | 97945.7474733051 | 97945.7474733051 | 97945.7474733051 | 97945.7474733051 | 97945.7474733051 | 97945.7474733051
 |  |  | Coromandel | 29868885.560000017 | 1263349.12 | 1263349.12 | 976506.6900000001 | 976506.6900000001 | 976506.6900000001 | 976506.6900000001 | 976506.6900000001 | 976506.6900000001 | 976506.6900000001 | 976506.6900000001 | 976506.6900000001 | 976506.6900000001 | 976506.6900000001 | 976506.6900000001 | 976506.6900000001 | 976506.6900000001 | 976506.6900000001 | 976506.6900000001 | 976506.6900000001 | 976506.6900000001 | 976506.6900000001 | 976506.6900000001 | 976506.6900000001 | 976506.6900000001 | 976506.6900000001 | 976506.6900000001 | 976506.6900000001 | 976506.6900000001 | 976506.6900000001 | 976506.6900000001
 |  |  | Cruzeiro da Fortaleza | 2729903.251047208 | 182925.99136567928 | 182925.99136567928 | 84430.40243985174 | 84430.40243985174 | 84430.40243985174 | 84430.40243985174 | 84430.40243985174 | 84430.40243985174 | 84430.40243985174 | 84430.40243985174 | 84430.40243985174 | 84430.40243985174 | 84430.40243985174 | 84430.40243985174 | 84430.40243985174 | 84430.40243985174 | 84430.40243985174 | 84430.40243985174 | 84430.40243985174 | 84430.40243985174 | 84430.40243985174 | 84430.40243985174 | 84430.40243985174 | 84430.40243985174 | 84430.40243985174 | 84430.40243985174 | 84430.40243985174 | 84430.40243985174 | 84430.40243985174 | 84430.40243985174
 |  |  | Guimarânia | 6549142.388371537 | 438846.4549167789 | 438846.4549167789 | 202551.76709064218 | 202551.76709064218 | 202551.76709064218 | 202551.76709064218 | 202551.76709064218 | 202551.76709064218 | 202551.76709064218 | 202551.76709064218 | 202551.76709064218 | 202551.76709064218 | 202551.76709064218 | 202551.76709064218 | 202551.76709064218 | 202551.76709064218 | 202551.76709064218 | 202551.76709064218 | 202551.76709064218 | 202551.76709064218 | 202551.76709064218 | 202551.76709064218 | 202551.76709064218 | 202551.76709064218 | 202551.76709064218 | 202551.76709064218 | 202551.76709064218 | 202551.76709064218 | 202551.76709064218 | 202551.76709064218
 |  |  | Lagoa Formosa | 2795483.4777190913 | 759581.4745845025 | 759581.4745845025 | 45582.8760196459 | 45582.8760196459 | 45582.8760196459 | 45582.8760196459 | 45582.8760196459 | 45582.8760196459 | 45582.8760196459 | 45582.8760196459 | 45582.8760196459 | 45582.8760196459 | 45582.8760196459 | 45582.8760196459 | 45582.8760196459 | 45582.8760196459 | 45582.8760196459 | 45582.8760196459 | 45582.8760196459 | 45582.8760196459 | 45582.8760196459 | 45582.8760196459 | 45582.8760196459 | 45582.8760196459 | 45582.8760196459 | 45582.8760196459 | 45582.8760196459 | 45582.8760196459 | 45582.8760196459 | 45582.8760196459
 |  |  | Patos de Minas | 30038201.062280938 | 8161901.595415496 | 8161901.595415496 | 489799.92398035416 | 489799.92398035416 | 489799.92398035416 | 489799.92398035416 | 489799.92398035416 | 489799.92398035416 | 489799.92398035416 | 489799.92398035416 | 489799.92398035416 | 489799.92398035416 | 489799.92398035416 | 489799.92398035416 | 489799.92398035416 | 489799.92398035416 | 489799.92398035416 | 489799.92398035416 | 489799.92398035416 | 489799.92398035416 | 489799.92398035416 | 489799.92398035416 | 489799.92398035416 | 489799.92398035416 | 489799.92398035416 | 489799.92398035416 | 489799.92398035416 | 489799.92398035416 | 489799.92398035416 | 489799.92398035416
 |  |  | Presidente Olegário | 3390039.319999996 | 1262838.4000000001 | 1262838.4000000001 | 30870.09 | 30870.09 | 30870.09 | 30870.09 | 30870.09 | 30870.09 | 30870.09 | 30870.09 | 30870.09 | 30870.09 | 30870.09 | 30870.09 | 30870.09 | 30870.09 | 30870.09 | 30870.09 | 30870.09 | 30870.09 | 30870.09 | 30870.09 | 30870.09 | 30870.09 | 30870.09 | 30870.09 | 30870.09 | 30870.09 | 30870.09 | 30870.09
 |  |  | Rio Paranaíba | 17929812.16213332 | 697052.045692933 | 697052.045692933 | 590561.0025266949 | 590561.0025266949 | 590561.0025266949 | 590561.0025266949 | 590561.0025266949 | 590561.0025266949 | 590561.0025266949 | 590561.0025266949 | 590561.0025266949 | 590561.0025266949 | 590561.0025266949 | 590561.0025266949 | 590561.0025266949 | 590561.0025266949 | 590561.0025266949 | 590561.0025266949 | 590561.0025266949 | 590561.0025266949 | 590561.0025266949 | 590561.0025266949 | 590561.0025266949 | 590561.0025266949 | 590561.0025266949 | 590561.0025266949 | 590561.0025266949 | 590561.0025266949 | 590561.0025266949 | 590561.0025266949
 |  |  | Serra do Salitre | 9693747.780581255 | 649560.9037175418 | 649560.9037175418 | 299808.07046950614 | 299808.07046950614 | 299808.07046950614 | 299808.07046950614 | 299808.07046950614 | 299808.07046950614 | 299808.07046950614 | 299808.07046950614 | 299808.07046950614 | 299808.07046950614 | 299808.07046950614 | 299808.07046950614 | 299808.07046950614 | 299808.07046950614 | 299808.07046950614 | 299808.07046950614 | 299808.07046950614 | 299808.07046950614 | 299808.07046950614 | 299808.07046950614 | 299808.07046950614 | 299808.07046950614 | 299808.07046950614 | 299808.07046950614 | 299808.07046950614 | 299808.07046950614 | 299808.07046950614 | 299808.07046950614
 |  | Triagem e Tratamento |  | 67250307.88000001 | 0 | 0 | 2401796.71 | 2401796.71 | 2401796.71 | 2401796.71 | 2401796.71 | 2401796.71 | 2401796.71 | 2401796.71 | 2401796.71 | 2401796.71 | 2401796.71 | 2401796.71 | 2401796.71 | 2401796.71 | 2401796.71 | 2401796.71 | 2401796.71 | 2401796.71 | 2401796.71 | 2401796.71 | 2401796.71 | 2401796.71 | 2401796.71 | 2401796.71 | 2401796.71 | 2401796.71 | 2401796.71 | 2401796.71
 |  |  | Arapuá | 459129.512603809 | 0 | 0 | 16397.48259299317 | 16397.48259299317 | 16397.48259299317 | 16397.48259299317 | 16397.48259299317 | 16397.48259299317 | 16397.48259299317 | 16397.48259299317 | 16397.48259299317 | 16397.48259299317 | 16397.48259299317 | 16397.48259299317 | 16397.48259299317 | 16397.48259299317 | 16397.48259299317 | 16397.48259299317 | 16397.48259299317 | 16397.48259299317 | 16397.48259299317 | 16397.48259299317 | 16397.48259299317 | 16397.48259299317 | 16397.48259299317 | 16397.48259299317 | 16397.48259299317 | 16397.48259299317 | 16397.48259299317 | 16397.48259299317
 |  |  | Coromandel | 5814710.878682187 | 0 | 0 | 207668.24566722088 | 207668.24566722088 | 207668.24566722088 | 207668.24566722088 | 207668.24566722088 | 207668.24566722088 | 207668.24566722088 | 207668.24566722088 | 207668.24566722088 | 207668.24566722088 | 207668.24566722088 | 207668.24566722088 | 207668.24566722088 | 207668.24566722088 | 207668.24566722088 | 207668.24566722088 | 207668.24566722088 | 207668.24566722088 | 207668.24566722088 | 207668.24566722088 | 207668.24566722088 | 207668.24566722088 | 207668.24566722088 | 207668.24566722088 | 207668.24566722088 | 207668.24566722088 | 207668.24566722088 | 207668.24566722088
 |  |  | Cruzeiro da Fortaleza | 696565.7860843794 | 0 | 0 | 24877.349503013567 | 24877.349503013567 | 24877.349503013567 | 24877.349503013567 | 24877.349503013567 | 24877.349503013567 | 24877.349503013567 | 24877.349503013567 | 24877.349503013567 | 24877.349503013567 | 24877.349503013567 | 24877.349503013567 | 24877.349503013567 | 24877.349503013567 | 24877.349503013567 | 24877.349503013567 | 24877.349503013567 | 24877.349503013567 | 24877.349503013567 | 24877.349503013567 | 24877.349503013567 | 24877.349503013567 | 24877.349503013567 | 24877.349503013567 | 24877.349503013567 | 24877.349503013567 | 24877.349503013567 | 24877.349503013567
 |  |  | Guimarânia | 1858619.0116619612 | 0 | 0 | 66379.25041649859 | 66379.25041649859 | 66379.25041649859 | 66379.25041649859 | 66379.25041649859 | 66379.25041649859 | 66379.25041649859 | 66379.25041649859 | 66379.25041649859 | 66379.25041649859 | 66379.25041649859 | 66379.25041649859 | 66379.25041649859 | 66379.25041649859 | 66379.25041649859 | 66379.25041649859 | 66379.25041649859 | 66379.25041649859 | 66379.25041649859 | 66379.25041649859 | 66379.25041649859 | 66379.25041649859 | 66379.25041649859 | 66379.25041649859 | 66379.25041649859 | 66379.25041649859 | 66379.25041649859 | 66379.25041649859
 |  |  | Lagoa Formosa | 4036579.272314403 | 0 | 0 | 144163.54543980001 | 144163.54543980001 | 144163.54543980001 | 144163.54543980001 | 144163.54543980001 | 144163.54543980001 | 144163.54543980001 | 144163.54543980001 | 144163.54543980001 | 144163.54543980001 | 144163.54543980001 | 144163.54543980001 | 144163.54543980001 | 144163.54543980001 | 144163.54543980001 | 144163.54543980001 | 144163.54543980001 | 144163.54543980001 | 144163.54543980001 | 144163.54543980001 | 144163.54543980001 | 144163.54543980001 | 144163.54543980001 | 144163.54543980001 | 144163.54543980001 | 144163.54543980001 | 144163.54543980001 | 144163.54543980001
 |  |  | Patos de Minas | 44684226.57536049 | 0 | 0 | 1595865.2348343024 | 1595865.2348343024 | 1595865.2348343024 | 1595865.2348343024 | 1595865.2348343024 | 1595865.2348343024 | 1595865.2348343024 | 1595865.2348343024 | 1595865.2348343024 | 1595865.2348343024 | 1595865.2348343024 | 1595865.2348343024 | 1595865.2348343024 | 1595865.2348343024 | 1595865.2348343024 | 1595865.2348343024 | 1595865.2348343024 | 1595865.2348343024 | 1595865.2348343024 | 1595865.2348343024 | 1595865.2348343024 | 1595865.2348343024 | 1595865.2348343024 | 1595865.2348343024 | 1595865.2348343024 | 1595865.2348343024 | 1595865.2348343024 | 1595865.2348343024
 |  |  | Presidente Olegário | 3648713.9066685243 | 0 | 0 | 130311.21095244733 | 130311.21095244733 | 130311.21095244733 | 130311.21095244733 | 130311.21095244733 | 130311.21095244733 | 130311.21095244733 | 130311.21095244733 | 130311.21095244733 | 130311.21095244733 | 130311.21095244733 | 130311.21095244733 | 130311.21095244733 | 130311.21095244733 | 130311.21095244733 | 130311.21095244733 | 130311.21095244733 | 130311.21095244733 | 130311.21095244733 | 130311.21095244733 | 130311.21095244733 | 130311.21095244733 | 130311.21095244733 | 130311.21095244733 | 130311.21095244733 | 130311.21095244733 | 130311.21095244733 | 130311.21095244733
 |  |  | Rio Paranaíba | 3324168.7970971577 | 0 | 0 | 118720.3141820414 | 118720.3141820414 | 118720.3141820414 | 118720.3141820414 | 118720.3141820414 | 118720.3141820414 | 118720.3141820414 | 118720.3141820414 | 118720.3141820414 | 118720.3141820414 | 118720.3141820414 | 118720.3141820414 | 118720.3141820414 | 118720.3141820414 | 118720.3141820414 | 118720.3141820414 | 118720.3141820414 | 118720.3141820414 | 118720.3141820414 | 118720.3141820414 | 118720.3141820414 | 118720.3141820414 | 118720.3141820414 | 118720.3141820414 | 118720.3141820414 | 118720.3141820414 | 118720.3141820414 | 118720.3141820414
 |  |  | Serra do Salitre | 2727594.1395271146 | 0 | 0 | 97414.0764116827 | 97414.0764116827 | 97414.0764116827 | 97414.0764116827 | 97414.0764116827 | 97414.0764116827 | 97414.0764116827 | 97414.0764116827 | 97414.0764116827 | 97414.0764116827 | 97414.0764116827 | 97414.0764116827 | 97414.0764116827 | 97414.0764116827 | 97414.0764116827 | 97414.0764116827 | 97414.0764116827 | 97414.0764116827 | 97414.0764116827 | 97414.0764116827 | 97414.0764116827 | 97414.0764116827 | 97414.0764116827 | 97414.0764116827 | 97414.0764116827 | 97414.0764116827 | 97414.0764116827 | 97414.0764116827
 |  | Disposição Final |  | 140854558.67000002 | 9379687.46 | 9393532.98 | 13549245.059999999 | 13580277.67 | 2339759.15 | 2339759.15 | 2339759.15 | 2339759.15 | 2339759.15 | 2339759.15 | 4045663.03 | 4045663.03 | 4045663.03 | 4045663.03 | 4045663.03 | 4045663.03 | 4045663.03 | 4045663.03 | 4045663.03 | 4045663.03 | 4045663.03 | 4045663.03 | 4045663.03 | 4045663.03 | 4045663.03 | 4045663.03 | 4045663.03 | 4045663.03 | 4045663.03 | 4045663.03
 |  |  | Arapuá | 961638.4951809922 | 64036.75265799924 | 64131.27842375022 | 92503.04536371386 | 92714.91037300939 | 15973.94141401813 | 15973.94141401813 | 15973.94141401813 | 15973.94141401813 | 15973.94141401813 | 15973.94141401813 | 27620.44299392058 | 27620.44299392058 | 27620.44299392058 | 27620.44299392058 | 27620.44299392058 | 27620.44299392058 | 27620.44299392058 | 27620.44299392058 | 27620.44299392058 | 27620.44299392058 | 27620.44299392058 | 27620.44299392058 | 27620.44299392058 | 27620.44299392058 | 27620.44299392058 | 27620.44299392058 | 27620.44299392058 | 27620.44299392058 | 27620.44299392058 | 27620.44299392058
 |  |  | Coromandel | 12178807.211884946 | 811002.5430607868 | 812199.6780376061 | 1171517.9473809248 | 1174201.1418620995 | 202304.24829099205 | 202304.24829099205 | 202304.24829099205 | 202304.24829099205 | 202304.24829099205 | 202304.24829099205 | 349803.0205898788 | 349803.0205898788 | 349803.0205898788 | 349803.0205898788 | 349803.0205898788 | 349803.0205898788 | 349803.0205898788 | 349803.0205898788 | 349803.0205898788 | 349803.0205898788 | 349803.0205898788 | 349803.0205898788 | 349803.0205898788 | 349803.0205898788 | 349803.0205898788 | 349803.0205898788 | 349803.0205898788 | 349803.0205898788 | 349803.0205898788 | 349803.0205898788
 |  |  | Cruzeiro da Fortaleza | 1458944.4937354089 | 97153.00308303513 | 97296.41232273342 | 140340.4807143732 | 140661.91053470166 | 24234.776359329742 | 24234.776359329742 | 24234.776359329742 | 24234.776359329742 | 24234.776359329742 | 24234.776359329742 | 41904.20144622934 | 41904.20144622934 | 41904.20144622934 | 41904.20144622934 | 41904.20144622934 | 41904.20144622934 | 41904.20144622934 | 41904.20144622934 | 41904.20144622934 | 41904.20144622934 | 41904.20144622934 | 41904.20144622934 | 41904.20144622934 | 41904.20144622934 | 41904.20144622934 | 41904.20144622934 | 41904.20144622934 | 41904.20144622934 | 41904.20144622934 | 41904.20144622934
 |  |  | Guimarânia | 3892844.046014751 | 259229.52602255484 | 259612.1792402065 | 374464.96909900685 | 375322.6276101086 | 64664.697842867754 | 64664.697842867754 | 64664.697842867754 | 64664.697842867754 | 64664.697842867754 | 64664.697842867754 | 111811.32784928347 | 111811.32784928347 | 111811.32784928347 | 111811.32784928347 | 111811.32784928347 | 111811.32784928347 | 111811.32784928347 | 111811.32784928347 | 111811.32784928347 | 111811.32784928347 | 111811.32784928347 | 111811.32784928347 | 111811.32784928347 | 111811.32784928347 | 111811.32784928347 | 111811.32784928347 | 111811.32784928347 | 111811.32784928347 | 111811.32784928347 | 111811.32784928347
 |  |  | Lagoa Formosa | 8454542.586672757 | 562998.9389696652 | 563829.9915076868 | 813269.1654333625 | 815131.842263264 | 140439.8520219527 | 140439.8520219527 | 140439.8520219527 | 140439.8520219527 | 140439.8520219527 | 140439.8520219527 | 242833.6768183532 | 242833.6768183532 | 242833.6768183532 | 242833.6768183532 | 242833.6768183532 | 242833.6768183532 | 242833.6768183532 | 242833.6768183532 | 242833.6768183532 | 242833.6768183532 | 242833.6768183532 | 242833.6768183532 | 242833.6768183532 | 242833.6768183532 | 242833.6768183532 | 242833.6768183532 | 242833.6768183532 | 242833.6768183532 | 242833.6768183532 | 242833.6768183532
 |  |  | Patos de Minas | 93590307.79477645 | 6232299.789862425 | 6241499.396113115 | 9002747.42632336 | 9023366.933061369 | 1554644.59994637 | 1554644.59994637 | 1554644.59994637 | 1554644.59994637 | 1554644.59994637 | 1554644.59994637 | 2688126.3324869014 | 2688126.3324869014 | 2688126.3324869014 | 2688126.3324869014 | 2688126.3324869014 | 2688126.3324869014 | 2688126.3324869014 | 2688126.3324869014 | 2688126.3324869014 | 2688126.3324869014 | 2688126.3324869014 | 2688126.3324869014 | 2688126.3324869014 | 2688126.3324869014 | 2688126.3324869014 | 2688126.3324869014 | 2688126.3324869014 | 2688126.3324869014 | 2688126.3324869014 | 2688126.3324869014
 |  |  | Presidente Olegário | 7642165.563820856 | 508901.7010386716 | 509652.8997017201 | 735124.052718044 | 736807.7493320323 | 126945.31843769943 | 126945.31843769943 | 126945.31843769943 | 126945.31843769943 | 126945.31843769943 | 126945.31843769943 | 219500.3625202098 | 219500.3625202098 | 219500.3625202098 | 219500.3625202098 | 219500.3625202098 | 219500.3625202098 | 219500.3625202098 | 219500.3625202098 | 219500.3625202098 | 219500.3625202098 | 219500.3625202098 | 219500.3625202098 | 219500.3625202098 | 219500.3625202098 | 219500.3625202098 | 219500.3625202098 | 219500.3625202098 | 219500.3625202098 | 219500.3625202098 | 219500.3625202098
 |  |  | Rio Paranaíba | 6962411.676912986 | 463636.00946915866 | 464320.39065661293 | 669736.3785016894 | 671270.3139899635 | 115653.81043356752 | 115653.81043356752 | 115653.81043356752 | 115653.81043356752 | 115653.81043356752 | 115653.81043356752 | 199976.28608470762 | 199976.28608470762 | 199976.28608470762 | 199976.28608470762 | 199976.28608470762 | 199976.28608470762 | 199976.28608470762 | 199976.28608470762 | 199976.28608470762 | 199976.28608470762 | 199976.28608470762 | 199976.28608470762 | 199976.28608470762 | 199976.28608470762 | 199976.28608470762 | 199976.28608470762 | 199976.28608470762 | 199976.28608470762 | 199976.28608470762 | 199976.28608470762
 |  |  | Serra do Salitre | 5712896.801000789 | 380429.1958357051 | 380990.7539965702 | 549541.5944655259 | 550800.2409734537 | 94897.90525320263 | 94897.90525320263 | 94897.90525320263 | 94897.90525320263 | 94897.90525320263 | 94897.90525320263 | 164087.37921051602 | 164087.37921051602 | 164087.37921051602 | 164087.37921051602 | 164087.37921051602 | 164087.37921051602 | 164087.37921051602 | 164087.37921051602 | 164087.37921051602 | 164087.37921051602 | 164087.37921051602 | 164087.37921051602 | 164087.37921051602 | 164087.37921051602 | 164087.37921051602 | 164087.37921051602 | 164087.37921051602 | 164087.37921051602 | 164087.37921051602 | 164087.37921051602
 |  | Socioambiental |  | 18260494.679999992 | 1528539.35 | 1513518.25 | 543515.6100000001 | 543515.6100000001 | 543515.6100000001 | 543515.6100000001 | 543515.6100000001 | 543515.6100000001 | 543515.6100000001 | 543515.6100000001 | 543515.6100000001 | 543515.6100000001 | 543515.6100000001 | 543515.6100000001 | 543515.6100000001 | 543515.6100000001 | 543515.6100000001 | 543515.6100000001 | 543515.6100000001 | 543515.6100000001 | 543515.6100000001 | 543515.6100000001 | 543515.6100000001 | 543515.6100000001 | 543515.6100000001 | 543515.6100000001 | 543515.6100000001 | 543515.6100000001 | 543515.6100000001 | 543515.6100000001
 |  |  | Arapuá | 124667.56341536676 | 10435.60317989198 | 10333.051525644101 | 3710.675311065384 | 3710.675311065384 | 3710.675311065384 | 3710.675311065384 | 3710.675311065384 | 3710.675311065384 | 3710.675311065384 | 3710.675311065384 | 3710.675311065384 | 3710.675311065384 | 3710.675311065384 | 3710.675311065384 | 3710.675311065384 | 3710.675311065384 | 3710.675311065384 | 3710.675311065384 | 3710.675311065384 | 3710.675311065384 | 3710.675311065384 | 3710.675311065384 | 3710.675311065384 | 3710.675311065384 | 3710.675311065384 | 3710.675311065384 | 3710.675311065384 | 3710.675311065384 | 3710.675311065384 | 3710.675311065384
 |  |  | Coromandel | 1578870.0515004124 | 132163.17764371246 | 130864.39766287389 | 46994.37414977949 | 46994.37414977949 | 46994.37414977949 | 46994.37414977949 | 46994.37414977949 | 46994.37414977949 | 46994.37414977949 | 46994.37414977949 | 46994.37414977949 | 46994.37414977949 | 46994.37414977949 | 46994.37414977949 | 46994.37414977949 | 46994.37414977949 | 46994.37414977949 | 46994.37414977949 | 46994.37414977949 | 46994.37414977949 | 46994.37414977949 | 46994.37414977949 | 46994.37414977949 | 46994.37414977949 | 46994.37414977949 | 46994.37414977949 | 46994.37414977949 | 46994.37414977949 | 46994.37414977949 | 46994.37414977949
 |  |  | Cruzeiro da Fortaleza | 189138.7003574835 | 15832.317315089997 | 15676.731643303594 | 5629.630407110359 | 5629.630407110359 | 5629.630407110359 | 5629.630407110359 | 5629.630407110359 | 5629.630407110359 | 5629.630407110359 | 5629.630407110359 | 5629.630407110359 | 5629.630407110359 | 5629.630407110359 | 5629.630407110359 | 5629.630407110359 | 5629.630407110359 | 5629.630407110359 | 5629.630407110359 | 5629.630407110359 | 5629.630407110359 | 5629.630407110359 | 5629.630407110359 | 5629.630407110359 | 5629.630407110359 | 5629.630407110359 | 5629.630407110359 | 5629.630407110359 | 5629.630407110359 | 5629.630407110359 | 5629.630407110359
 |  |  | Guimarânia | 504671.3337753139 | 42244.74780179126 | 41829.60469068621 | 15021.320760101295 | 15021.320760101295 | 15021.320760101295 | 15021.320760101295 | 15021.320760101295 | 15021.320760101295 | 15021.320760101295 | 15021.320760101295 | 15021.320760101295 | 15021.320760101295 | 15021.320760101295 | 15021.320760101295 | 15021.320760101295 | 15021.320760101295 | 15021.320760101295 | 15021.320760101295 | 15021.320760101295 | 15021.320760101295 | 15021.320760101295 | 15021.320760101295 | 15021.320760101295 | 15021.320760101295 | 15021.320760101295 | 15021.320760101295 | 15021.320760101295 | 15021.320760101295 | 15021.320760101295 | 15021.320760101295
 |  |  | Lagoa Formosa | 1096053.4851233964 | 91747.83657699631 | 90846.22195516356 | 32623.55094968701 | 32623.55094968701 | 32623.55094968701 | 32623.55094968701 | 32623.55094968701 | 32623.55094968701 | 32623.55094968701 | 32623.55094968701 | 32623.55094968701 | 32623.55094968701 | 32623.55094968701 | 32623.55094968701 | 32623.55094968701 | 32623.55094968701 | 32623.55094968701 | 32623.55094968701 | 32623.55094968701 | 32623.55094968701 | 32623.55094968701 | 32623.55094968701 | 32623.55094968701 | 32623.55094968701 | 32623.55094968701 | 32623.55094968701 | 32623.55094968701 | 32623.55094968701 | 32623.55094968701 | 32623.55094968701
 |  |  | Patos de Minas | 12133120.388314942 | 1015632.5048597566 | 1005651.7886820873 | 361137.0033847533 | 361137.0033847533 | 361137.0033847533 | 361137.0033847533 | 361137.0033847533 | 361137.0033847533 | 361137.0033847533 | 361137.0033847533 | 361137.0033847533 | 361137.0033847533 | 361137.0033847533 | 361137.0033847533 | 361137.0033847533 | 361137.0033847533 | 361137.0033847533 | 361137.0033847533 | 361137.0033847533 | 361137.0033847533 | 361137.0033847533 | 361137.0033847533 | 361137.0033847533 | 361137.0033847533 | 361137.0033847533 | 361137.0033847533 | 361137.0033847533 | 361137.0033847533 | 361137.0033847533 | 361137.0033847533
 |  |  | Presidente Olegário | 990736.295221889 | 82932.00371940169 | 82117.02311646889 | 29488.831013786385 | 29488.831013786385 | 29488.831013786385 | 29488.831013786385 | 29488.831013786385 | 29488.831013786385 | 29488.831013786385 | 29488.831013786385 | 29488.831013786385 | 29488.831013786385 | 29488.831013786385 | 29488.831013786385 | 29488.831013786385 | 29488.831013786385 | 29488.831013786385 | 29488.831013786385 | 29488.831013786385 | 29488.831013786385 | 29488.831013786385 | 29488.831013786385 | 29488.831013786385 | 29488.831013786385 | 29488.831013786385 | 29488.831013786385 | 29488.831013786385 | 29488.831013786385 | 29488.831013786385 | 29488.831013786385
 |  |  | Rio Paranaíba | 902612.4719477588 | 75555.3836492737 | 74812.89378577485 | 26865.864089739676 | 26865.864089739676 | 26865.864089739676 | 26865.864089739676 | 26865.864089739676 | 26865.864089739676 | 26865.864089739676 | 26865.864089739676 | 26865.864089739676 | 26865.864089739676 | 26865.864089739676 | 26865.864089739676 | 26865.864089739676 | 26865.864089739676 | 26865.864089739676 | 26865.864089739676 | 26865.864089739676 | 26865.864089739676 | 26865.864089739676 | 26865.864089739676 | 26865.864089739676 | 26865.864089739676 | 26865.864089739676 | 26865.864089739676 | 26865.864089739676 | 26865.864089739676 | 26865.864089739676 | 26865.864089739676
 |  |  | Serra do Salitre | 740624.3903434469 | 61995.77525408627 | 61386.53693799768 | 22044.359933977237 | 22044.359933977237 | 22044.359933977237 | 22044.359933977237 | 22044.359933977237 | 22044.359933977237 | 22044.359933977237 | 22044.359933977237 | 22044.359933977237 | 22044.359933977237 | 22044.359933977237 | 22044.359933977237 | 22044.359933977237 | 22044.359933977237 | 22044.359933977237 | 22044.359933977237 | 22044.359933977237 | 22044.359933977237 | 22044.359933977237 | 22044.359933977237 | 22044.359933977237 | 22044.359933977237 | 22044.359933977237 | 22044.359933977237 | 22044.359933977237 | 22044.359933977237 | 22044.359933977237 | 22044.359933977237
 |  | Outras Despesas |  | 183891506.8132512 | 6827653.7938058395 | 6253996.695407707 | 6138224.179594988 | 6086038.539924017 | 6063299.0354337795 | 6055436.976359958 | 6063277.109135197 | 6066353.449511414 | 6128968.2226165645 | 6099004.338885643 | 6111377.995832572 | 6057930.676953111 | 6066418.011578632 | 6075461.005837135 | 6094951.118088617 | 6092677.15399359 | 6142218.493061923 | 6102948.00927828 | 6096505.085521657 | 6102772.832398057 | 6123681.6915048575 | 6101096.099514797 | 6113954.553780757 | 6112957.56683474 | 6154682.223555746 | 6107671.201324774 | 6108675.725654826 | 6110182.308915898 | 6111685.778187992 | 6121406.94075811
 |  |  | Despesa com órgão regulador | 26361232.270298854 | 840855.9228158095 | 844724.797964596 | 848593.6731133822 | 852462.5482621685 | 856331.423410955 | 860199.1672125333 | 863559.5548369109 | 866919.9424612885 | 870280.3300856659 | 873640.7177100435 | 876993.9934680653 | 878924.1433148335 | 880854.2931616018 | 882784.4430083698 | 884714.5928551378 | 886653.9296438046 | 887411.7754336398 | 888169.6212234751 | 888927.4670133104 | 889685.3128031455 | 890444.1559957534 | 891202.0017855885 | 891959.8475754237 | 892717.6933652587 | 893475.539155094 | 894233.384944929 | 894991.2307347644 | 895749.0765245995 | 896506.9223144349 | 897264.76810427
 |  |  | Arapuá | 189225.78791334096 | 7051.760091220069 | 7011.723603192704 | 6971.687115165338 | 6931.650627137973 | 6891.614139110607 | 6851.57765108324 | 6800.8647662485755 | 6750.151881413913 | 6699.438996579249 | 6648.726111744584 | 6603.351425313571 | 6544.631242873434 | 6485.911060433296 | 6427.19087799316 | 6368.470695553024 | 6312.41961231471 | 6251.030330672749 | 6189.641049030788 | 6128.251767388827 | 6066.862485746866 | 6000.135005701255 | 5938.745724059294 | 5877.356442417333 | 5815.967160775372 | 5754.5778791334105 | 5693.188597491449 | 5631.799315849488 | 5570.410034207527 | 5509.020752565566 | 5447.631470923604
 |  |  | Coromandel | 2494885.06984149 | 85342.74316882399 | 85390.77742368658 | 85438.81167854919 | 85486.8459334118 | 85534.8801882744 | 85588.56553194436 | 85461.41603377865 | 85334.26653561293 | 85207.11703744723 | 85079.96753928153 | 84952.81804111581 | 84706.99567799544 | 84461.17331487508 | 84215.3509517547 | 83969.52858863432 | 83718.0551367066 | 83364.86208624628 | 83011.66903578598 | 82658.47598532568 | 82305.28293486538 | 81954.91542880876 | 81601.72237834845 | 81248.52932788814 | 80895.33627742785 | 80542.14322696754 | 80188.95017650725 | 79835.75712604694 | 79482.56407558665 | 79129.37102512634 | 78776.17797466603
 |  |  | Cruzeiro da Fortaleza | 334228.03483977 | 11294.271421528349 | 11306.66228430567 | 11319.053147082992 | 11331.444009860314 | 11343.834872637635 | 11362.421166803617 | 11359.323451109285 | 11356.225735414955 | 11353.128019720625 | 11350.030304026295 | 11340.737156943303 | 11315.95543138866 | 11291.173705834019 | 11266.391980279375 | 11241.610254724734 | 11219.926244864422 | 11182.753656532457 | 11145.581068200494 | 11108.40847986853 | 11071.235891536566 | 11034.063303204603 | 10996.890714872638 | 10959.718126540673 | 10922.545538208711 | 10885.372949876746 | 10848.200361544783 | 10811.027773212818 | 10773.855184880855 | 10736.682596548892 | 10699.510008216927
 |  |  | Guimarânia | 753326.4963761021 | 22717.124544564154 | 22927.49147894222 | 23137.85841332028 | 23348.22534769834 | 23558.5922820764 | 23766.454848188056 | 23949.273731635654 | 24132.092615083253 | 24314.911498530855 | 24497.730381978457 | 24678.04489715965 | 24823.298256611168 | 24968.551616062687 | 25113.804975514202 | 25259.058334965724 | 25409.32043095005 | 25514.503898139083 | 25619.687365328115 | 25724.870832517146 | 25830.05429970617 | 25930.22903036239 | 26035.412497551424 | 26140.595964740452 | 26245.779431929484 | 26350.962899118516 | 26456.14636630754 | 26561.329833496577 | 26666.513300685605 | 26771.696767874637 | 26876.88023506367
 |  |  | Lagoa Formosa | 1550361.3212018625 | 50220.06297079983 | 50435.501819720695 | 50650.94066864156 | 50866.379517562425 | 51081.81836648329 | 51294.72264071097 | 51418.91680067711 | 51543.11096064326 | 51667.3051206094 | 51791.49928057554 | 51920.76258992807 | 51968.91950909861 | 52017.07642826915 | 52065.2333474397 | 52113.39026661025 | 52166.61633516716 | 52136.201438848926 | 52105.78654253068 | 52075.37164621244 | 52044.95674989421 | 52014.54185357597 | 51984.12695725773 | 51953.71206093949 | 51923.29716462125 | 51892.88226830301 | 51862.46737198478 | 51832.052475666525 | 51801.637579348295 | 51771.22268303005 | 51740.80778671181
 |  |  | Patos de Minas | 17637469.702555347 | 553675.5870807298 | 556651.6816488839 | 559627.7762170378 | 562603.8707851918 | 565579.9653533457 | 568552.8494634974 | 571535.3649476562 | 574517.8804318147 | 577500.3959159733 | 580482.9114001319 | 583459.005968286 | 585465.5422197382 | 587472.0784711905 | 589478.6147226428 | 591485.150974095 | 593488.4767675449 | 594698.8194344209 | 595909.1621012969 | 597119.504768173 | 598329.8474350489 | 599536.9796439226 | 600747.3223107986 | 601957.6649776746 | 603168.0076445506 | 604378.3503114266 | 605588.6929783026 | 606799.0356451785 | 608009.3783120546 | 609219.7209789306 | 610430.0636458066
 |  |  | Presidente Olegário | 1267779.6463414633 | 45512.66419512196 | 45391.21453658537 | 45269.76487804878 | 45148.3152195122 | 45026.86556097561 | 44900.653170731704 | 44688.7116097561 | 44476.7700487805 | 44264.82848780488 | 44052.88692682927 | 43838.564 | 43548.03736585366 | 43257.51073170732 | 42966.98409756098 | 42676.45746341464 | 42381.16809756098 | 42066.82780487805 | 41752.487512195126 | 41438.1472195122 | 41123.806926829275 | 40814.229365853666 | 40499.889073170736 | 40185.54878048781 | 39871.208487804884 | 39556.868195121955 | 39242.527902439026 | 38928.187609756096 | 38613.847317073174 | 38299.507024390245 | 37985.16673170732
 |  |  | Rio Paranaíba | 1170014.3329479771 | 35708.04208092486 | 36017.68277456648 | 36327.323468208095 | 36636.96416184971 | 36946.604855491336 | 37251.624046242774 | 37496.56369942197 | 37741.50335260116 | 37986.443005780355 | 38231.382658959534 | 38478.633063583824 | 38675.04693641619 | 38871.46080924856 | 39067.87468208093 | 39264.2885549133 | 39463.013179190755 | 39590.10450867052 | 39717.19583815029 | 39844.28716763006 | 39971.37849710982 | 40100.78057803469 | 40227.871907514455 | 40354.96323699423 | 40482.05456647399 | 40609.145895953756 | 40736.237225433535 | 40863.3285549133 | 40990.419884393064 | 41117.51121387284 | 41244.6025433526
 |  |  | Serra do Salitre | 963941.8782815016 | 29333.667262096435 | 29592.062394712317 | 29850.457527328195 | 30108.852659944074 | 30367.247792559952 | 30630.298693331075 | 30849.119796627405 | 31067.940899923735 | 31286.762003220072 | 31505.5831065164 | 31722.076325735106 | 31875.716674858064 | 32029.357023981014 | 32182.997373103975 | 32336.63772222693 | 32494.93383950513 | 32606.672275230914 | 32718.410710956698 | 32830.14914668249 | 32941.88758240827 | 33058.2817862893 | 33170.02022201508 | 33281.75865774087 | 33393.49709346666 | 33505.23552919244 | 33616.97396491823 | 33728.71240064401 | 33840.4508363698 | 33952.189272095595 | 34063.92770782137
 |  |  | Serviço de Registro e Liquidação | 102144750.58476892 | 3258156.4333969904 | 3273147.5871892073 | 3288138.7409814233 | 3303129.8947736397 | 3318121.048565857 | 3333107.818603278 | 3346128.6801563594 | 3359149.5417094408 | 3372170.4032625225 | 3385191.2648156043 | 3398184.5692420816 | 3405663.532010886 | 3413142.49477969 | 3420621.4575484945 | 3428100.4203172987 | 3435614.980734924 | 3438551.4887247896 | 3441487.9967146562 | 3444424.504704521 | 3447361.0126943868 | 3450301.3854298904 | 3453237.8934197566 | 3456174.4014096214 | 3459110.909399487 | 3462047.417389352 | 3464983.925379218 | 3467920.4333690833 | 3470856.9413589486 | 3473793.4493488153 | 3476729.9573386805
 |  |  | Arapuá | 733213.861644544 | 27324.226284856268 | 27169.09252472272 | 27013.958764589166 | 26858.82500445562 | 26703.691244322064 | 26548.55748418851 | 26352.054721352677 | 26155.551958516848 | 25959.049195681015 | 25762.546432845178 | 25586.72817136049 | 25359.19865649795 | 25131.6691416354 | 24904.139626772863 | 24676.610111910315 | 24459.422847723345 | 24221.551082185233 | 23983.679316647118 | 23745.807551109006 | 23507.935785570895 | 23249.37951868164 | 23011.50775314353 | 22773.635987605416 | 22535.764222067304 | 22297.89245652919 | 22060.020690991078 | 21822.148925452962 | 21584.27715991485 | 21346.405394376736 | 21108.533628838624
 |  |  | Coromandel | 9667204.119427672 | 330686.8634142455 | 330872.9869964876 | 331059.1105787298 | 331245.2341609719 | 331431.3577432141 | 331639.3782174847 | 331146.6981468437 | 330654.0180762027 | 330161.3380055617 | 329668.65793492075 | 329175.9778642797 | 328223.4630610404 | 327270.9482578011 | 326318.43345456186 | 325365.91865132254 | 324391.50695605477 | 323022.9512042742 | 321654.39545249357 | 320285.83970071306 | 318917.2839489324 | 317559.6766431661 | 316191.12089138554 | 314822.56513960497 | 313454.0093878244 | 312085.45363604376 | 310716.8978842632 | 309348.3421324826 | 307979.78638070205 | 306611.2306289214 | 305242.6748771409
 |  |  | Cruzeiro da Fortaleza | 1295069.9309914587 | 43763.149065247315 | 43811.161296805454 | 43859.1735283636 | 43907.18575992175 | 43955.19799147989 | 44027.2163388171 | 44015.213280927564 | 44003.210223038026 | 43991.207165148495 | 43979.204107258956 | 43943.19493359035 | 43847.17047047406 | 43751.14600735778 | 43655.12154424149 | 43559.097081125205 | 43475.07567589845 | 43331.03898122403 | 43187.0022865496 | 43042.965591875174 | 42898.928897200734 | 42754.89220252632 | 42610.855507851884 | 42466.81881317745 | 42322.78211850302 | 42178.74542382859 | 42034.70872915417 | 41890.672034479736 | 41746.6353398053 | 41602.59864513088 | 41458.56195045645
 |  |  | Guimarânia | 2918996.5890908786 | 88024.52771610631 | 88839.6594907897 | 89654.79126547308 | 90469.92304015646 | 91285.05481483984 | 92090.48263982461 | 92798.87096782326 | 93507.25929582189 | 94215.64762382055 | 94924.03595181921 | 95622.72033011925 | 96185.54941263872 | 96748.37849515819 | 97311.20757767766 | 97874.03666019715 | 98456.27364211384 | 98863.83952945552 | 99271.40541679722 | 99678.97130413892 | 100086.5371914806 | 100474.69517942506 | 100882.26106676675 | 101289.82695410846 | 101697.39284145013 | 102104.95872879183 | 102512.52461613351 | 102920.09050347519 | 103327.6563908169 | 103735.22227815859 | 104142.78816550027
 |  |  | Lagoa Formosa | 6007354.6200972665 | 194593.1720454274 | 195427.95652225497 | 196262.74099908254 | 197097.5254759101 | 197932.30995273765 | 198757.2734357202 | 199238.50213412667 | 199719.73083253315 | 200200.95953093964 | 200682.18822934612 | 201183.05891544264 | 201369.6577984982 | 201556.2566815538 | 201742.85556460934 | 201929.45444766496 | 202135.69531841058 | 202017.8433922702 | 201899.99146612984 | 201782.13953998947 | 201664.28761384913 | 201546.43568770876 | 201428.58376156838 | 201310.73183542804 | 201192.87990928767 | 201075.0279831473 | 200957.17605700693 | 200839.32413086656 | 200721.4722047262 | 200603.62027858588 | 200485.7683524455
 |  |  | Patos de Minas | 68341833.38780278 | 2145387.3691237536 | 2156919.1683303965 | 2168450.96753704 | 2179982.7667436833 | 2191514.5659503266 | 2203033.9252441265 | 2214590.6042764583 | 2226147.28330879 | 2237703.962341122 | 2249260.6413734537 | 2260792.440580097 | 2268567.38610777 | 2276342.3316354416 | 2284117.277163114 | 2291892.222690786 | 2299654.728305614 | 2304344.575447906 | 2309034.422590198 | 2313724.2697324893 | 2318414.1168747814 | 2323091.524104229 | 2327781.371246521 | 2332471.218388813 | 2337161.065531105 | 2341850.9126733965 | 2346540.7598156882 | 2351230.6069579804 | 2355920.4541002717 | 2360610.301242564 | 2365300.1483848556
 |  |  | Presidente Olegário | 4912404.490206603 | 176352.8990219838 | 175882.30474351367 | 175411.7104650435 | 174941.1161865734 | 174470.52190810326 | 173981.47295204605 | 173160.23979942172 | 172339.00664679738 | 171517.77349417302 | 170696.54034154868 | 169866.07985013077 | 168740.34451731987 | 167614.60918450897 | 166488.87385169807 | 165363.13851888716 | 164218.9485084892 | 163000.93978774297 | 161782.93106699677 | 160564.9223462505 | 159346.9136255043 | 158147.35958234512 | 156929.3508615989 | 155711.34214085268 | 154493.33342010644 | 153275.32469936024 | 152057.315978614 | 150839.30725786777 | 149621.29853712156 | 148403.28981637533 | 147185.2810956291
 |  |  | Rio Paranaíba | 4533582.534919221 | 138361.8570948221 | 139561.6557650289 | 140761.45443523576 | 141961.25310544256 | 143161.05177564942 | 144342.9430030173 | 145292.03747347946 | 146241.13194394158 | 147190.22641440367 | 148139.3208848658 | 149097.3690767474 | 149858.435397401 | 150619.50171805455 | 151380.56803870812 | 152141.63435936172 | 152911.65440143476 | 153404.10907950473 | 153896.5637575747 | 154389.01843564466 | 154881.47311371463 | 155382.88151320408 | 155875.33619127402 | 156367.79086934403 | 156860.24554741397 | 157352.70022548392 | 157845.15490355392 | 158337.60958162387 | 158830.0642596938 | 159322.51893776382 | 159814.97361583376
 |  |  | Serra do Salitre | 3735091.0505884886 | 113662.3696305481 | 114663.60151920702 | 115664.83340786592 | 116666.06529652482 | 117667.2971851837 | 118686.5692880527 | 119534.459355926 | 120382.34942379931 | 121230.2394916726 | 122078.12955954592 | 122916.99952031419 | 123512.32658924651 | 124107.65365817884 | 124702.98072711116 | 125298.30779604347 | 125911.67507918586 | 126344.64022022756 | 126777.60536126923 | 127210.57050231093 | 127643.5356433526 | 128094.54099860438 | 128527.50613964607 | 128960.47128068775 | 129393.43642172945 | 129826.40156277112 | 130259.3667038128 | 130692.33184485452 | 131125.2969858962 | 131558.2621269379 | 131991.22726797956
 |  |  | Sistema de Gestão | 2364045.591227841 | 94416.67407703021 | 76656.32082691733 | 76832.47887680444 | 77008.63692669156 | 77184.79497657868 | 77360.90151383996 | 77513.90705369585 | 77666.91259355177 | 77819.91813340766 | 77972.92367326356 | 78125.60539483634 | 78213.48919049287 | 78301.37298614942 | 78389.25678180595 | 78477.14057746247 | 78565.44267397057 | 78599.94899203937 | 78634.45531010818 | 78668.961628177 | 78703.4679462458 | 78738.01967816762 | 78772.52599623644 | 78807.03231430525 | 78841.53863237405 | 78876.04495044285 | 78910.55126851166 | 78945.05758658047 | 78979.56390464927 | 79014.07022271809 | 79048.57654078689
 |  |  | Arapuá | 16115.76986937667 | 750.7694936391453 | 603.2823091745076 | 598.4491952985917 | 593.644675548446 | 588.868358746086 | 584.1216138598431 | 578.6624061002827 | 573.2289599002654 | 567.8209739819285 | 562.4381517470389 | 557.5325627751838 | 551.9622816224795 | 546.4056920864346 | 540.8627029475039 | 535.3332237946743 | 530.0385397656288 | 524.6481210095135 | 519.2627459986306 | 513.8824013219908 | 508.50707361610824 | 502.68843999260577 | 497.32331840334393 | 491.9631735891921 | 486.60799237565 | 481.25776163467697 | 475.912468284487 | 470.5720992893459 | 465.2366416593682 | 459.9060824503166 | 454.5804087634002
 |  |  | Coromandel | 205185.0810276975 | 8784.6392593806 | 7103.21588804014 | 7090.760938953869 | 7078.43829863929 | 7066.246157064539 | 7054.669700990641 | 7030.390669501908 | 7006.260540206263 | 6982.277571713223 | 6958.440049680639 | 6934.766802696281 | 6907.0363830239185 | 6879.3844604278665 | 6851.810511926225 | 6824.314019172597 | 6796.400512004746 | 6764.688400352175 | 6733.007410304302 | 6701.357459110808 | 6669.738464314492 | 6638.3649925950895 | 6606.807644102712 | 6575.281006334102 | 6543.784997991948 | 6512.319538065634 | 6480.8845458299675 | 6449.4799408439385 | 6418.105642949455 | 6386.761572270115 | 6355.447649209953
 |  |  | Cruzeiro da Fortaleza | 24492.844234831915 | 1036.0732679062546 | 838.2110500521328 | 837.1873505440483 | 836.1772133832172 | 835.1804530318232 | 834.6544914834067 | 832.7924031278402 | 830.943996439056 | 829.1091114118598 | 827.2875905263552 | 825.0310074049912 | 822.3157482736207 | 819.6085381296517 | 816.9093233472059 | 814.2180507757222 | 811.7545839455001 | 808.7018432298651 | 805.6521604584187 | 802.605527500287 | 799.5619362533968 | 796.5196722658637 | 793.4821484637622 | 790.447642215514 | 787.4161455330619 | 784.3876504565188 | 781.3621490540428 | 778.3396334217141 | 775.3200956834129 | 772.3035279906962 | 769.2899225226774
 |  |  | Guimarânia | 65481.29950066261 | 2475.4810578398924 | 2019.0612897031515 | 2032.8705216002118 | 2046.637597109032 | 2060.3630929442497 | 2073.835271439982 | 2085.694217316625 | 2097.5229507868594 | 2109.3218251805793 | 2121.0911883395524 | 2132.621270805616 | 2142.796188181112 | 2152.9539267275463 | 2163.0946008977967 | 2173.2183241302837 | 2183.7443692109255 | 2191.7994003246467 | 2199.8480667487047 | 2207.890385406393 | 2215.926373161061 | 2223.521782406662 | 2231.5453379209293 | 2239.5626124656987 | 2247.573622667928 | 2255.5783850959424 | 2263.5769162596907 | 2271.569232611 | 2279.555350543836 | 2287.5352863945523 | 2295.509056442145
 |  |  | Lagoa Formosa | 142039.28326343888 | 5762.774542622407 | 4677.10839999043 | 4686.21491514168 | 4695.32897753733 | 4704.45048392834 | 4713.360582636711 | 4715.517275414441 | 4717.701875621156 | 4719.91405688334 | 4722.153497896921 | 4724.895162417126 | 4724.035958421643 | 4723.190394799984 | 4722.358380673998 | 4721.539825971053 | 4721.1689675008165 | 4716.297464589352 | 4711.432191056055 | 4706.573130337413 | 4701.720265928586 | 4696.86351932551 | 4692.023018716988 | 4687.188665200364 | 4682.360442503076 | 4677.538334409956 | 4672.722324762962 | 4667.91239746093 | 4663.10853645933 | 4658.3107257700185 | 4653.518949460976
 |  |  | Patos de Minas | 1573368.4146039693 | 61889.00852199255 | 50283.83458187382 | 50435.66168411674 | 50587.32201760831 | 50738.81786380534 | 50890.016831162575 | 51056.7656462723 | 51223.2570293739 | 51389.49399109887 | 51555.47949531595 | 51720.800293996355 | 51841.14931325515 | 51961.36098869705 | 52081.43623536664 | 52201.375960198005 | 52320.62715237693 | 52403.78470277285 | 52486.88827640452 | 52569.93801679262 | 52652.93406694951 | 52735.48120092422 | 52818.370359644694 | 52901.20625417817 | 52983.989025525414 | 53066.71881418997 | 53149.3957601803 | 53232.02000301201 | 53314.59168171 | 53397.11093481065 | 53479.57790036386
 |  |  | Presidente Olegário | 123796.6310174343 | 5558.60235482989 | 4480.1428821658155 | 4457.813527664299 | 4435.634166382492 | 4413.602746358889 | 4391.264640063998 | 4361.97551093939 | 4332.8342806341625 | 4303.839219492153 | 4274.988624723263 | 4246.062731019618 | 4213.2484184381865 | 4180.51715253821 | 4147.868380026333 | 4115.301552513362 | 4082.3362216797213 | 4050.2379539120525 | 4018.170084920022 | 3986.1325338752713 | 3954.1252202357437 | 3922.5974007270215 | 3890.6501940185194 | 3858.732984937855 | 3826.8456940754177 | 3794.9882423016397 | 3763.160550765753 | 3731.362540894563 | 3699.5941343912345 | 3667.8552532340746 | 3636.1458196753224
 |  |  | Rio Paranaíba | 117487.39478699103 | 4494.405723586558 | 3663.605640014615 | 3686.5484728253778 | 3709.424532306262 | 3732.2347319405694 | 3754.525444840716 | 3771.809475435015 | 3789.05511086351 | 3806.2628001523294 | 3823.4329853530667 | 3840.808115429338 | 3856.134892513804 | 3871.4373542525614 | 3886.715662645083 | 3901.969978254955 | 3917.409563063791 | 3928.2607905109076 | 3939.1038281871524 | 3949.938697868588 | 3960.765421254149 | 3971.804381365117 | 3982.614760255683 | 3993.417057715833 | 4004.211295138699 | 4014.9974938419737 | 4025.775675068235 | 4036.5458599852855 | 4047.3080696864695 | 4058.062325191017 | 4068.80864744435
 |  |  | Serra do Salitre | 96078.87292343947 | 3664.919855232913 | 2987.8587859027257 | 3006.9722706596162 | 3026.0294481771803 | 3045.0310887588175 | 3064.4529373620835 | 3080.2994495880216 | 3096.107849726591 | 3111.8785834933574 | 3127.612089680773 | 3143.0874482918325 | 3154.810006762952 | 3166.514478490131 | 3178.200983975174 | 3189.8696426518113 | 3201.9627644224997 | 3211.5303153380196 | 3221.0905460303948 | 3230.6434759636195 | 3240.189124532747 | 3250.1782885655193 | 3259.7092147098188 | 3269.2329176685334 | 3278.7494165628545 | 3288.258730446542 | 3297.760878306222 | 3307.255879061682 | 3316.7437515661654 | 3326.224514606664 | 3335.6981869042056
 |  |  | Serviço de Impressão | 972556.0476017898 | 31022.051796026615 | 31164.787836769596 | 31307.523877512573 | 31450.259918255546 | 31592.99595899853 | 31735.690260472344 | 31859.666456761803 | 31983.642653051258 | 32107.618849340728 | 32231.595045630183 | 32355.308860838093 | 32426.51869226798 | 32497.72852369786 | 32568.938355127746 | 32640.148186557628 | 32711.696955705258 | 32739.65647969474 | 32767.616003684227 | 32795.5755276737 | 32823.53505166319 | 32851.531373253354 | 32879.49089724284 | 32907.450421232315 | 32935.40994522181 | 32963.369469211284 | 32991.32899320077 | 33019.288517190245 | 33047.24804117974 | 33075.207565169214 | 33103.1670891587
 |  |  | Arapuá | 6981.186710481766 | 260.16355580919424 | 258.6864727898385 | 257.20938977048274 | 255.732306751127 | 254.25522373177122 | 252.77814071241548 | 250.90716888789817 | 249.03619706338088 | 247.16522523886357 | 245.29425341434626 | 243.62022599240976 | 241.4538375640213 | 239.28744913563284 | 237.12106070724442 | 234.95467227885598 | 232.8867560517579 | 230.6218954220791 | 228.35703479240024 | 226.09217416272142 | 223.8273135330426 | 221.365508500783 | 219.10064787110417 | 216.83578724142535 | 214.57092661174653 | 212.30606598206768 | 210.04120535238886 | 207.77634472271004 | 205.51148409303119 | 203.24662346335236 | 200.98176283367354
 |  |  | Coromandel | 92044.84592625029 | 3148.585776897946 | 3150.357924898451 | 3152.1300728989563 | 3153.9022208994616 | 3155.6743688999672 | 3157.655004900532 | 3152.964024899194 | 3148.2730448978564 | 3143.582064896518 | 3138.891084895181 | 3134.200104893843 | 3125.1308768912563 | 3116.06164888867 | 3106.9924208860834 | 3097.923192883497 | 3088.645476880851 | 3075.614976877135 | 3062.5844768734187 | 3049.5539768697026 | 3036.5234768659866 | 3023.5972208623 | 3010.5667208585837 | 2997.5362208548677 | 2984.5057208511516 | 2971.475220847435 | 2958.444720843719 | 2945.414220840003 | 2932.383720836287 | 2919.3532208325705 | 2906.3227208288545
 |  |  | Cruzeiro da Fortaleza | 12330.81569285057 | 416.6843136024207 | 417.1414549228841 | 417.5985962433476 | 418.055737563811 | 418.51287888427447 | 419.1985908649696 | 419.08430553485374 | 418.97002020473786 | 418.85573487462204 | 418.74144954450617 | 418.3985935541586 | 417.4843109132317 | 416.5700282723048 | 415.655745631378 | 414.7414629904511 | 413.9414656796401 | 412.5700417182498 | 411.1986177568595 | 409.8271937954692 | 408.45576983407886 | 407.0843458726886 | 405.7129219112983 | 404.34149794990793 | 402.97007398851764 | 401.59865002712735 | 400.22722606573706 | 398.8558021043467 | 397.4843781429565 | 396.1129541815661 | 394.74153022017583
 |  |  | Guimarânia | 27792.791792010565 | 838.1124460874246 | 845.8736020207665 | 853.6347579541083 | 861.3959138874501 | 869.157069820792 | 876.8258310406417 | 883.5706451255696 | 890.3154592104976 | 897.0602732954255 | 903.8050873803537 | 910.4575067517895 | 915.816400134335 | 921.1752935168806 | 926.534186899426 | 931.8930802819716 | 937.4367630915015 | 941.3173410581725 | 945.1979190248434 | 949.0784969915143 | 952.9590749581852 | 956.6548634978717 | 960.5354414645427 | 964.4160194312135 | 968.2965973978845 | 972.1771753645554 | 976.0577533312263 | 979.9383312978972 | 983.8189092645681 | 987.6994872312391 | 991.5800651979099
 |  |  | Lagoa Formosa | 57198.13335894855 | 1852.7899398778893 | 1860.7382160911536 | 1868.6864923044182 | 1876.6347685176825 | 1884.583044730947 | 1892.4378118122906 | 1897.0197592764077 | 1901.6017067405248 | 1906.183654204642 | 1910.765601668759 | 1915.5345673967176 | 1917.311240903212 | 1919.0879144097064 | 1920.864587916201 | 1922.6412614226954 | 1924.6049531930312 | 1923.482843609982 | 1922.360734026933 | 1921.2386244438837 | 1920.116514860835 | 1918.9944052777857 | 1917.8722956947367 | 1916.7501861116875 | 1915.6280765286385 | 1914.5059669455893 | 1913.3838573625403 | 1912.261747779491 | 1911.139638196442 | 1910.0175286133929 | 1908.8954190303439
 |  |  | Patos de Minas | 650706.6000454111 | 20426.98668648886 | 20536.78499716018 | 20646.583307831494 | 20756.381618502808 | 20866.179929174126 | 20975.859795065862 | 21085.89499529634 | 21195.930195526817 | 21305.965395757295 | 21416.00059598777 | 21525.79890665909 | 21599.826893897032 | 21673.854881134972 | 21747.882868372915 | 21821.910855610855 | 21895.82039806922 | 21940.474079971144 | 21985.127761873075 | 22029.781443775 | 22074.435125676926 | 22118.97036279927 | 22163.6240447012 | 22208.277726603126 | 22252.931408505054 | 22297.585090406978 | 22342.23877230891 | 22386.892454210833 | 22431.54613611276 | 22476.199818014687 | 22520.853499916615
 |  |  | Presidente Olegário | 46772.72858238315 | 1679.1178937149698 | 1674.6372002982964 | 1670.1565068816228 | 1665.6758134649494 | 1661.1951200482758 | 1656.538713164282 | 1648.7194638685185 | 1640.900214572755 | 1633.0809652769915 | 1625.261715981228 | 1617.3546099518042 | 1606.636088445252 | 1595.9175669386996 | 1585.1990454321474 | 1574.4805239255952 | 1563.5862889517225 | 1551.9892001085675 | 1540.3921112654127 | 1528.7950224222577 | 1517.197933579103 | 1505.7765582032687 | 1494.1794693601137 | 1482.582380516959 | 1470.9852916738039 | 1459.388202830649 | 1447.791113987494 | 1436.194025144339 | 1424.5969363011845 | 1412.9998474580295 | 1401.4027586148748
 |  |  | Rio Paranaíba | 43165.83168880933 | 1317.3918395670266 | 1328.8155441229046 | 1340.2392486787826 | 1351.6629532346606 | 1363.0866577905383 | 1374.3398592933434 | 1383.376521106202 | 1392.4131829190608 | 1401.4498447319195 | 1410.486506544778 | 1419.6084198841731 | 1426.8547996397674 | 1434.1011793953617 | 1441.347559150956 | 1448.59393890655 | 1455.9255701886805 | 1460.6144041481825 | 1465.3032381076848 | 1469.9920720671869 | 1474.680906026689 | 1479.4549915127277 | 1484.1438254722298 | 1488.832659431732 | 1493.5214933912341 | 1498.2103273507362 | 1502.8991613102385 | 1507.5879952697405 | 1512.2768292292426 | 1516.9656631887449 | 1521.654497148247
 |  |  | Serra do Salitre | 35563.11380464441 | 1082.2193439808837 | 1091.7524244651213 | 1101.285504949359 | 1110.8185854335964 | 1120.351665917834 | 1130.056513618004 | 1138.1295727668178 | 1146.2026319156314 | 1154.2756910644455 | 1162.348750213259 | 1170.335925754107 | 1176.0042438798698 | 1181.6725620056327 | 1187.3408801313956 | 1193.0091982571585 | 1198.8492835988536 | 1202.9716967812267 | 1207.0941099635995 | 1211.2165231459726 | 1215.3389363283457 | 1219.633116726651 | 1223.755529909024 | 1227.8779430913971 | 1232.0003562737702 | 1236.122769456143 | 1240.245182638516 | 1244.3675958208892 | 1248.4900090032622 | 1252.6124221856353 | 1256.7348353680081
 |  |  | Serviço de Postagem | 14514368.95834907 | 462971.2670265617 | 465101.4512602686 | 467231.6354939753 | 469361.8197276821 | 471492.0039613889 | 473621.56528071023 | 475471.77870484674 | 477321.9921289832 | 479172.20555311965 | 481022.4189772561 | 482868.7166416431 | 483931.4479560838 | 484994.17927052465 | 486056.91058496543 | 487119.64189940627 | 488187.4315003091 | 488604.69778340287 | 489021.9640664967 | 489439.2303495904 | 489856.4966326842 | 490274.31208099506 | 490691.5783640888 | 491108.8446471826 | 491526.11093027634 | 491943.37721337005 | 492360.64349646406 | 492777.90977955784 | 493195.1760626515 | 493612.44234574534 | 494029.70862883906
 |  |  | Arapuá | 104186.81774990499 | 3882.6655264158117 | 3860.6216267578875 | 3838.5777270999624 | 3816.5338274420383 | 3794.489927784113 | 3772.4460281261886 | 3744.52375522615 | 3716.6014823261125 | 3688.679209426074 | 3660.756936526036 | 3635.773850247055 | 3603.442797415432 | 3571.1117445838086 | 3538.780691752186 | 3506.449638920563 | 3475.5881793994686 | 3441.787533257317 | 3407.9868871151657 | 3374.1862409730143 | 3340.3855948308633 | 3303.645762067655 | 3269.845115925504 | 3236.0444697833527 | 3202.2438236412017 | 3168.4431774990503 | 3134.642531356899 | 3100.841885214748 | 3067.0412390725965 | 3033.240592930445 | 2999.439946788294
 |  |  | Coromandel | 1373671.8390496299 | 46989.3079947394 | 47015.7554267322 | 47042.202858724995 | 47068.65029071779 | 47095.097722710605 | 47124.65661729079 | 47054.64870907455 | 46984.64080085831 | 46914.63289264207 | 46844.624984425835 | 46774.6170762096 | 46639.2684536582 | 46503.9198311068 | 46368.57120855541 | 46233.22258600401 | 46094.76250086523 | 45900.29608915346 | 45705.82967744168 | 45511.36326572991 | 45316.89685401814 | 45123.98617360006 | 44929.51976188828 | 44735.05335017651 | 44540.58693846474 | 44346.12052675296 | 44151.65411504119 | 43957.187703329415 | 43762.72129161764 | 43568.254879905864 | 43373.78846819409
 |  |  | Cruzeiro da Fortaleza | 184024.36442070667 | 6218.572062448644 | 6225.394412489729 | 6232.216762530814 | 6239.039112571899 | 6245.861462612983 | 6256.09498767461 | 6254.389400164338 | 6252.683812654067 | 6250.978225143796 | 6249.272637633525 | 6244.155875102711 | 6230.511175020542 | 6216.866474938372 | 6203.221774856204 | 6189.577074774034 | 6177.637962202137 | 6157.170912078883 | 6136.703861955629 | 6116.236811832375 | 6095.769761709121 | 6075.302711585868 | 6054.835661462613 | 6034.368611339359 | 6013.901561216106 | 5993.434511092851 | 5972.967460969598 | 5952.500410846344 | 5932.03336072309 | 5911.566310599836 | 5891.099260476582
 |  |  | Guimarânia | 414777.9816356512 | 12507.940597453478 | 12623.767629774733 | 12739.594662095986 | 12855.421694417239 | 12971.248726738493 | 13085.696865817827 | 13186.356072477964 | 13287.0152791381 | 13387.674485798238 | 13488.333692458376 | 13587.614005876594 | 13667.589813907935 | 13747.565621939277 | 13827.541429970617 | 13907.51723800196 | 13990.25083251714 | 14048.164348677768 | 14106.077864838395 | 14163.991380999023 | 14221.904897159648 | 14277.060626836435 | 14334.974142997064 | 14392.88765915769 | 14450.801175318316 | 14508.714691478945 | 14566.62820763957 | 14624.541723800197 | 14682.455239960824 | 14740.368756121452 | 14798.282272282078
 |  |  | Lagoa Formosa | 853621.5607807871 | 27650.927528565382 | 27769.54713288193 | 27888.166737198477 | 28006.786341515024 | 28125.40594583157 | 28242.630025391452 | 28311.010738468052 | 28379.39145154465 | 28447.772164621245 | 28516.15287769784 | 28587.32464028777 | 28613.83961066441 | 28640.35458104105 | 28666.86955141769 | 28693.38452179433 | 28722.6905416843 | 28705.944244604318 | 28689.197947524335 | 28672.45165044435 | 28655.70535336437 | 28638.959056284388 | 28622.212759204405 | 28605.46646212442 | 28588.720165044437 | 28571.973867964454 | 28555.22757088447 | 28538.481273804486 | 28521.734976724503 | 28504.98867964452 | 28488.24238256454
 |  |  | Patos de Minas | 9711106.830276009 | 304851.14169623516 | 306489.7651935819 | 308128.3886909285 | 309767.0121882752 | 311405.63568562194 | 313042.4915200804 | 314684.6503432035 | 316326.80916632654 | 317968.9679894496 | 319611.12681257265 | 321249.75030991936 | 322354.5396150344 | 323459.3289201495 | 324564.1182252646 | 325668.90753037966 | 326771.92917260656 | 327438.33808145195 | 328104.7469902974 | 328771.1558991428 | 329437.56480798824 | 330102.20605394547 | 330768.61496279086 | 331435.0238716363 | 332101.4327804817 | 332767.8416893271 | 333434.2505981726 | 334100.659507018 | 334767.0684158634 | 335433.47732470883 | 336099.8862335542
 |  |  | Presidente Olegário | 698033.4362296748 | 25059.05617886179 | 24992.186575203254 | 24925.316971544715 | 24858.44736788618 | 24791.57776422764 | 24722.08582317073 | 24605.391808943088 | 24488.69779471545 | 24372.003780487805 | 24255.309766260165 | 24137.304583333334 | 23977.34200203252 | 23817.379420731708 | 23657.416839430894 | 23497.45425813008 | 23334.869339430898 | 23161.79507113821 | 22988.72080284553 | 22815.646534552845 | 22642.572266260166 | 22472.120335365857 | 22299.04606707317 | 22125.97179878049 | 21952.897530487804 | 21779.823262195125 | 21606.748993902438 | 21433.674725609755 | 21260.600457317072 | 21087.52618902439 | 20914.451920731706
 |  |  | Rio Paranaíba | 644204.3202243325 | 19660.677931461603 | 19831.164622901186 | 20001.65131434077 | 20172.138005780347 | 20342.62469721993 | 20510.566811175337 | 20645.429417836498 | 20780.29202449766 | 20915.154631158824 | 21050.017237819982 | 21186.152133223233 | 21294.29667630058 | 21402.441219377928 | 21510.585762455274 | 21618.73030553262 | 21728.14713735205 | 21798.123018166803 | 21868.09889898156 | 21938.074779796312 | 22008.050660611065 | 22079.298830167907 | 22149.27471098266 | 22219.250591797416 | 22289.22647261217 | 22359.20235342692 | 22429.178234241674 | 22499.154115056426 | 22569.12999587118 | 22639.105876685935 | 22709.081757500688
 |  |  | Serra do Salitre | 530741.8079823743 | 16150.977510380475 | 16293.248639945768 | 16435.51976951106 | 16577.79089907635 | 16720.06202864164 | 16864.896601982884 | 16985.37845945259 | 17105.860316922295 | 17226.342174392 | 17346.824031861706 | 17466.024167443436 | 17550.617812049826 | 17635.211456656216 | 17719.805101262606 | 17804.398745868995 | 17891.555834251336 | 17953.078484874164 | 18014.60113549699 | 18076.12378611982 | 18137.64643674265 | 18201.732531141428 | 18263.255181764256 | 18324.777832387088 | 18386.300483009916 | 18447.82313363274 | 18509.345784255573 | 18570.8684348784 | 18632.39108550123 | 18693.913736124057 | 18755.436386746886
 |  |  | Gestão administrativa da cobrança - protesto | 11610219.29250989 | 1032291.5286714968 | 593416.322249634 | 471885.94310298515 | 410193.74234588013 | 379501.24207080767 | 355722.84793573606 | 339898.39699007577 | 341221.050836465 | 342543.70468285435 | 343866.35852924356 | 345186.21313386597 | 345945.92314482306 | 346705.6331557799 | 347465.3431667369 | 348225.05317769386 | 348988.3791834101 | 349286.6684764737 | 349584.95776953734 | 349883.2470626011 | 350181.5363556646 | 350480.21822802594 | 350778.50752108963 | 351076.7968141534 | 351375.08610721683 | 351673.3754002806 | 351971.66469334427 | 352269.9539864079 | 352568.2432794715 | 352866.53257253516 | 353164.8218655988
 |  |  | Arapuá | 84745.13793794131 | 8657.217017646908 | 4925.712188470589 | 3876.815552122509 | 3335.4189191962605 | 3054.1634397201037 | 2833.3702330753194 | 2676.831052643196 | 2656.8703815285094 | 2636.9097104138227 | 2616.9490392991365 | 2599.0894914596806 | 2575.9771354321488 | 2552.8647794046174 | 2529.752423377086 | 2506.6400673495546 | 2484.578272959638 | 2460.4153552944913 | 2436.252437629345 | 2412.089519964198 | 2387.926602299052 | 2361.662561358675 | 2337.4996436935285 | 2313.3367260283817 | 2289.173808363235 | 2265.0108906980886 | 2240.8479730329423 | 2216.6850553677955 | 2192.5221377026487 | 2168.3592200375024 | 2144.1963023723556
 |  |  | Coromandel | 1106864.323276361 | 104772.51621388934 | 59986.73321169026 | 47510.81171582532 | 41135.14350426047 | 37906.57727183504 | 35393.90578628082 | 33637.74756666235 | 33587.701324498106 | 33537.65508233386 | 33487.60884016962 | 33437.56259800537 | 33340.80652982116 | 33244.05046163694 | 33147.29439345274 | 33050.53832526853 | 32951.5579796548 | 32812.540640309664 | 32673.52330096453 | 32534.505961619405 | 32395.48862227427 | 32257.583421643907 | 32118.56608229877 | 31979.548742953644 | 31840.53140360852 | 31701.51406426338 | 31562.496724918255 | 31423.47938557313 | 31284.462046228 | 31145.444706882867 | 31006.427367537734
 |  |  | Cruzeiro da Fortaleza | 148085.79239513454 | 13865.610498309132 | 7942.892129884562 | 6294.298718664155 | 5452.541503510045 | 5027.258496324206 | 4698.763926961612 | 4471.047549989764 | 4469.828284227564 | 4468.609018465363 | 4467.389752703162 | 4463.731955416561 | 4453.977829318955 | 4444.22370322135 | 4434.469577123746 | 4424.715451026139 | 4416.180590690736 | 4401.549401544327 | 4386.91821239792 | 4372.287023251512 | 4357.655834105104 | 4343.0246449586975 | 4328.393455812288 | 4313.762266665881 | 4299.131077519473 | 4284.499888373066 | 4269.868699226658 | 4255.23751008025 | 4240.606320933843 | 4225.975131787434 | 4211.343942641028
 |  |  | Guimarânia | 329986.1671165239 | 27889.076578777716 | 16106.485454939786 | 12866.49958005773 | 11234.858296158123 | 10440.484592841069 | 9828.271551726231 | 9426.471752717558 | 9498.429552356623 | 9570.387351995687 | 9642.345151634756 | 9713.317227991094 | 9770.489178389253 | 9827.661128787417 | 9884.833079185577 | 9942.005029583739 | 10001.148426547352 | 10042.548804421884 | 10083.949182296416 | 10125.349560170947 | 10166.749938045477 | 10206.178869354555 | 10247.579247229085 | 10288.979625103615 | 10330.380002978145 | 10371.780380852677 | 10413.180758727207 | 10454.581136601739 | 10495.981514476269 | 10537.3818923508 | 10578.78227022533
 |  |  | Lagoa Formosa | 683930.2008413952 | 61653.54154906963 | 35430.76996530623 | 28165.973496813647 | 24476.23137981876 | 22637.979860763102 | 21212.186104475837 | 20238.56640532096 | 20287.449421728546 | 20336.33243813613 | 20385.21545454372 | 20436.093696110802 | 20455.048335125986 | 20474.002974141178 | 20492.957613156363 | 20511.912252171547 | 20532.86211634623 | 20520.89076538927 | 20508.919414432305 | 20496.94806347535 | 20484.97671251839 | 20473.00536156143 | 20461.034010604468 | 20449.062659647512 | 20437.09130869055 | 20425.119957733586 | 20413.148606776627 | 20401.177255819668 | 20389.20590486271 | 20377.234553905746 | 20365.263202948787
 |  |  | Patos de Minas | 7755456.853552094 | 679729.5501727171 | 391045.92938918236 | 311197.7962290545 | 270717.567224645 | 250648.63144576416 | 235116.75728368032 | 224957.2172304137 | 226131.14000897063 | 227305.06278752768 | 228478.98556608468 | 229650.38106201828 | 230440.15688182256 | 231229.93270162676 | 232019.70852143096 | 232809.4843412352 | 233597.99651972772 | 234074.38929423364 | 234550.7820687396 | 235027.17484324554 | 235503.56761775137 | 235978.69675094562 | 236455.08952545153 | 236931.48229995748 | 237407.8750744633 | 237884.26784896926 | 238360.6606234752 | 238837.05339798113 | 239313.44617248702 | 239789.8389469929 | 240266.23172149883
 |  |  | Presidente Olegário | 565418.4312732295 | 55874.42083842761 | 31887.175157693844 | 25173.609432124773 | 21724.77420651167 | 19954.600450000158 | 18568.011722012165 | 17589.54707249641 | 17506.12654124563 | 17422.706009994843 | 17339.285478744066 | 17254.927638153385 | 17140.57589868602 | 17026.224159218655 | 16911.87241975129 | 16797.520680283928 | 16681.294322136768 | 16557.569489270438 | 16433.84465640411 | 16310.119823537781 | 16186.394990671455 | 16064.544776484918 | 15940.819943618588 | 15817.09511075226 | 15693.37027788593 | 15569.645445019603 | 15445.920612153273 | 15322.195779286943 | 15198.470946420617 | 15074.746113554287 | 14951.021280687959
 |  |  | Rio Paranaíba | 513113.28004992794 | 43837.60445207512 | 25302.30070140907 | 20200.896893691737 | 17629.22426137975 | 16373.663338323455 | 15404.867036667081 | 14758.706359837312 | 14855.114992002393 | 14951.523624167474 | 15047.93225633255 | 15145.250403895416 | 15222.559212707038 | 15299.868021518658 | 15377.176830330278 | 15454.485639141898 | 15532.703963351301 | 15582.72731022941 | 15632.750657107517 | 15682.774003985623 | 15732.797350863731 | 15783.730213139625 | 15833.753560017733 | 15883.77690689584 | 15933.800253773945 | 15983.823600652053 | 16033.846947530164 | 16083.870294408269 | 16133.893641286377 | 16183.916988164485 | 16233.940335042593
 |  |  | Serra do Salitre | 422619.10606728244 | 36011.99135058437 | 20788.324051057243 | 16599.24148463078 | 14487.983050400093 | 13457.883175236359 | 12666.714290856653 | 12142.26199999459 | 12228.390329907019 | 12314.518659819449 | 12400.646989731875 | 12485.859060815448 | 12546.332143519918 | 12606.805226224385 | 12667.278308928857 | 12727.751391633328 | 12790.056991995512 | 12834.037415780582 | 12878.01783956565 | 12921.99826335072 | 12965.97868713579 | 13011.791628578567 | 13055.772052363638 | 13099.752476148708 | 13143.732899933777 | 13187.713323718846 | 13231.693747503916 | 13275.674171288983 | 13319.654595074055 | 13363.635018859124 | 13407.615442644192
 |  |  | Gestão administrativa da cobrança - equipe | 19245600 | 641520 | 641520 | 641520 | 641520 | 641520 | 641520 | 641520 | 641520 | 641520 | 641520 | 641520 | 641520 | 641520 | 641520 | 641520 | 641520 | 641520 | 641520 | 641520 | 641520 | 641520 | 641520 | 641520 | 641520 | 641520 | 641520 | 641520 | 641520 | 641520 | 641520
 |  |  | Arapuá | 131148.2216393715 | 5101.150302820895 | 5048.7378314891885 | 4996.807774268706 | 4945.353501327069 | 4894.36850376323 | 4843.8641534745775 | 4789.121344435618 | 4734.80701208856 | 4680.916145457989 | 4627.443811401954 | 4578.118631707598 | 4527.286105904793 | 4476.679861658289 | 4426.298391381292 | 4376.140200849606 | 4327.988393593068 | 4282.092633725643 | 4236.2783019140525 | 4190.545181646411 | 4144.893057177749 | 4095.6667356148228 | 4050.1793129924044 | 4004.7722373584324 | 3959.445296018661 | 3914.198277028906 | 3869.030969191739 | 3823.943162053208 | 3778.9346458995656 | 3734.0052117540154 | 3689.15465137348
 |  |  | Coromandel | 1670162.736578146 | 59687.7811336595 | 59445.26175192331 | 59204.97456357586 | 58966.888891512885 | 58730.97461819521 | 58501.27930282536 | 58184.865061369936 | 57870.92742149618 | 57559.43741969243 | 57250.3665423257 | 56944.09120776884 | 56652.65705824192 | 56362.520231086346 | 56073.672082972465 | 55786.10404718142 | 55495.4787762661 | 55212.28649949191 | 54929.59666121293 | 54647.407925478015 | 54365.71896106813 | 54086.246103931844 | 53805.55195154301 | 53525.35360499496 | 53245.649751792356 | 52966.43908406831 | 52687.720298564054 | 52409.49209660864 | 52131.753184098794 | 51854.50227147884 | 51577.7380737207
 |  |  | Cruzeiro da Fortaleza | 199371.58310187253 | 7039.664649540117 | 7014.8051332072855 | 6990.174428475441 | 6965.76939077952 | 6941.58693291284 | 6921.423340453742 | 6892.350066736817 | 6863.504352042967 | 6834.8835351010075 | 6806.484995976219 | 6774.653318788003 | 6744.770042769253 | 6715.019792487433 | 6685.401681666844 | 6655.914831887353 | 6628.318799828371 | 6600.492915349947 | 6572.716399433704 | 6544.989120811861 | 6517.3109486816 | 6489.664106877223 | 6462.083847695746 | 6434.552305074539 | 6407.069350051307 | 6379.634854118541 | 6352.248689221505 | 6324.910727756253 | 6297.620842567651 | 6270.378906947391 | 6243.184794632044
 |  |  | Guimarânia | 533149.9990188133 | 16819.810947055965 | 16897.082779317807 | 16973.64338729778 | 17049.502545373693 | 17124.669849633952 | 17197.405631269252 | 17261.606402656038 | 17325.304669063204 | 17388.506307216685 | 17451.21710256163 | 17511.790030079483 | 17575.569442937474 | 17639.064941026856 | 17702.278415912097 | 17765.211742391686 | 17831.194480118786 | 17889.110226250607 | 17946.923218519685 | 18004.633730141835 | 18062.242033365103 | 18116.199768293664 | 18173.607448508534 | 18230.913726314717 | 18288.118870144277 | 18345.223147482684 | 18402.226824872945 | 18459.130167919742 | 18515.93344129362 | 18572.636908735003 | 18629.240833058342
 |  |  | Lagoa Formosa | 1156314.5474052248 | 39155.53222693449 | 39141.69827608359 | 39127.991655483165 | 39114.410615229615 | 39100.953437338336 | 39085.830462202626 | 39026.52772267446 | 38967.68915080779 | 38909.30931822622 | 38851.38288087023 | 38797.96808325499 | 38747.325805470246 | 38696.90896235063 | 38646.7160519517 | 38596.7455856416 | 38550.33731051027 | 38493.6528367187 | 38437.06893227187 | 38380.58532976248 | 38324.20176273037 | 38267.81391294223 | 38211.62986586382 | 38155.545059822194 | 38099.559232106825 | 38043.67212093369 | 37987.88346544109 | 37932.193005685614 | 37876.600482638154 | 37821.105638179855 | 37765.708215098086
 |  |  | Patos de Minas | 12809062.98314602 | 420508.74101577426 | 420814.4248639245 | 421117.29514121695 | 421417.39051464497 | 421714.7489458969 | 422008.57227196137 | 422555.6102430384 | 423098.36650069413 | 423636.89111897215 | 424171.23339413677 | 424699.7848774116 | 425209.6978622195 | 425717.34096368094 | 426222.7293047524 | 426725.8778743472 | 427220.003966364 | 427711.16767426516 | 428201.4599616701 | 428690.8831456291 | 429179.4395349852 | 429663.6623361444 | 430150.4937741639 | 430636.4652944813 | 431121.5791734677 | 431605.8376794666 | 432089.243072829 | 432571.7976059488 | 433053.50352329836 | 433534.3630614621 | 434014.3784491721
 |  |  | Presidente Olegário | 1007557.051480605 | 37768.27152120581 | 37493.33689333279 | 37220.93281478858 | 36951.02450815379 | 36683.577830365844 | 36414.83018899251 | 36100.54809699359 | 35788.72591805847 | 35479.334883845426 | 35172.34667285986 | 34866.08710981895 | 34557.76175403016 | 34250.808912006 | 33945.21943945889 | 33640.98427315224 | 33333.998305079745 | 33057.38343999202 | 32781.25934378455 | 32505.624711534936 | 32230.478242942965 | 31959.461195493463 | 31685.284696672166 | 31411.59249119424 | 31138.38329704015 | 30865.65583671141 | 30593.408837210616 | 30321.64103002165 | 30050.351151090013 | 29779.53794080322 | 29509.200143971277
 |  |  | Rio Paranaíba | 956566.1866595773 | 30537.520919694092 | 30659.91512283606 | 30781.182787022157 | 30901.3393943129 | 31020.400144368497 | 31134.631528864928 | 31216.220503565757 | 31297.170874318625 | 31377.49010950802 | 31457.18556151502 | 31538.38245166523 | 31628.657432996268 | 31718.530554239747 | 31808.004492763477 | 31897.081902204274 | 31987.30252593988 | 32061.825670952912 | 32136.21659732897 | 32210.47565662875 | 32284.603199167723 | 32360.376310554504 | 32434.240094335608 | 32507.97340836836 | 32581.576598031796 | 32655.05000748699 | 32728.393979682372 | 32801.60885635914 | 32874.694978056476 | 32947.65268411693 | 33020.48231269157
 |  |  | Serra do Salitre | 782266.6909703696 | 24901.5272833149 | 25004.737347885548 | 25106.99744787133 | 25208.3206386656 | 25308.719737524993 | 25412.163119955636 | 25493.15055852921 | 25573.50410143002 | 25653.231161979907 | 25732.339038352624 | 25809.124289505293 | 25876.274495430363 | 25943.125781463834 | 26009.680139140895 | 26075.939542344604 | 26145.377442299723 | 26211.988103253225 | 26278.480583864246 | 26344.855198366597 | 26411.112259881054 | 26480.909530147776 | 26546.92900822495 | 26612.831872391347 | 26678.61843134689 | 26744.28899270287 | 26809.843862986734 | 26875.28334764688 | 26940.607751057385 | 27005.817376522726 | 27070.912526282464
 |  |  | Agente Financeiro | 2898000 | 96600 | 96600 | 96600 | 96600 | 96600 | 96600 | 96600 | 96600 | 96600 | 96600 | 96600 | 96600 | 96600 | 96600 | 96600 | 96600 | 96600 | 96600 | 96600 | 96600 | 96600 | 96600 | 96600 | 96600 | 96600 | 96600 | 96600 | 96600 | 96600 | 96600
 |  |  | Arapuá | 19785.14849181145 | 659.5049497270484 | 659.5049497270484 | 659.5049497270484 | 659.5049497270484 | 659.5049497270484 | 659.5049497270484 | 659.5049497270484 | 659.5049497270484 | 659.5049497270484 | 659.5049497270484 | 659.5049497270484 | 659.5049497270484 | 659.5049497270484 | 659.5049497270484 | 659.5049497270484 | 659.5049497270484 | 659.5049497270484 | 659.5049497270484 | 659.5049497270484 | 659.5049497270484 | 659.5049497270484 | 659.5049497270484 | 659.5049497270484 | 659.5049497270484 | 659.5049497270484 | 659.5049497270484 | 659.5049497270484 | 659.5049497270484 | 659.5049497270484 | 659.5049497270484
 |  |  | Coromandel | 250571.82126942198 | 8352.39404231407 | 8352.39404231407 | 8352.39404231407 | 8352.39404231407 | 8352.39404231407 | 8352.39404231407 | 8352.39404231407 | 8352.39404231407 | 8352.39404231407 | 8352.39404231407 | 8352.39404231407 | 8352.39404231407 | 8352.39404231407 | 8352.39404231407 | 8352.39404231407 | 8352.39404231407 | 8352.39404231407 | 8352.39404231407 | 8352.39404231407 | 8352.39404231407 | 8352.39404231407 | 8352.39404231407 | 8352.39404231407 | 8352.39404231407 | 8352.39404231407 | 8352.39404231407 | 8352.39404231407 | 8352.39404231407 | 8352.39404231407 | 8352.39404231407
 |  |  | Cruzeiro da Fortaleza | 30016.927977111474 | 1000.5642659037162 | 1000.5642659037162 | 1000.5642659037162 | 1000.5642659037162 | 1000.5642659037162 | 1000.5642659037162 | 1000.5642659037162 | 1000.5642659037162 | 1000.5642659037162 | 1000.5642659037162 | 1000.5642659037162 | 1000.5642659037162 | 1000.5642659037162 | 1000.5642659037162 | 1000.5642659037162 | 1000.5642659037162 | 1000.5642659037162 | 1000.5642659037162 | 1000.5642659037162 | 1000.5642659037162 | 1000.5642659037162 | 1000.5642659037162 | 1000.5642659037162 | 1000.5642659037162 | 1000.5642659037162 | 1000.5642659037162 | 1000.5642659037162 | 1000.5642659037162 | 1000.5642659037162 | 1000.5642659037162
 |  |  | Guimarânia | 80092.98493335558 | 2669.7661644451846 | 2669.7661644451846 | 2669.7661644451846 | 2669.7661644451846 | 2669.7661644451846 | 2669.7661644451846 | 2669.7661644451846 | 2669.7661644451846 | 2669.7661644451846 | 2669.7661644451846 | 2669.7661644451846 | 2669.7661644451846 | 2669.7661644451846 | 2669.7661644451846 | 2669.7661644451846 | 2669.7661644451846 | 2669.7661644451846 | 2669.7661644451846 | 2669.7661644451846 | 2669.7661644451846 | 2669.7661644451846 | 2669.7661644451846 | 2669.7661644451846 | 2669.7661644451846 | 2669.7661644451846 | 2669.7661644451846 | 2669.7661644451846 | 2669.7661644451846 | 2669.7661644451846 | 2669.7661644451846
 |  |  | Lagoa Formosa | 173947.25912691443 | 5798.2419708971465 | 5798.2419708971465 | 5798.2419708971465 | 5798.2419708971465 | 5798.2419708971465 | 5798.2419708971465 | 5798.2419708971465 | 5798.2419708971465 | 5798.2419708971465 | 5798.2419708971465 | 5798.2419708971465 | 5798.2419708971465 | 5798.2419708971465 | 5798.2419708971465 | 5798.2419708971465 | 5798.2419708971465 | 5798.2419708971465 | 5798.2419708971465 | 5798.2419708971465 | 5798.2419708971465 | 5798.2419708971465 | 5798.2419708971465 | 5798.2419708971465 | 5798.2419708971465 | 5798.2419708971465 | 5798.2419708971465 | 5798.2419708971465 | 5798.2419708971465 | 5798.2419708971465 | 5798.2419708971465
 |  |  | Patos de Minas | 1925565.7363898256 | 64185.5245463275 | 64185.5245463275 | 64185.5245463275 | 64185.5245463275 | 64185.5245463275 | 64185.5245463275 | 64185.5245463275 | 64185.5245463275 | 64185.5245463275 | 64185.5245463275 | 64185.5245463275 | 64185.5245463275 | 64185.5245463275 | 64185.5245463275 | 64185.5245463275 | 64185.5245463275 | 64185.5245463275 | 64185.5245463275 | 64185.5245463275 | 64185.5245463275 | 64185.5245463275 | 64185.5245463275 | 64185.5245463275 | 64185.5245463275 | 64185.5245463275 | 64185.5245463275 | 64185.5245463275 | 64185.5245463275 | 64185.5245463275 | 64185.5245463275
 |  |  | Presidente Olegário | 157233.07795695672 | 5241.102598565227 | 5241.102598565227 | 5241.102598565227 | 5241.102598565227 | 5241.102598565227 | 5241.102598565227 | 5241.102598565227 | 5241.102598565227 | 5241.102598565227 | 5241.102598565227 | 5241.102598565227 | 5241.102598565227 | 5241.102598565227 | 5241.102598565227 | 5241.102598565227 | 5241.102598565227 | 5241.102598565227 | 5241.102598565227 | 5241.102598565227 | 5241.102598565227 | 5241.102598565227 | 5241.102598565227 | 5241.102598565227 | 5241.102598565227 | 5241.102598565227 | 5241.102598565227 | 5241.102598565227 | 5241.102598565227 | 5241.102598565227 | 5241.102598565227
 |  |  | Rio Paranaíba | 143247.54008825167 | 4774.918002941723 | 4774.918002941723 | 4774.918002941723 | 4774.918002941723 | 4774.918002941723 | 4774.918002941723 | 4774.918002941723 | 4774.918002941723 | 4774.918002941723 | 4774.918002941723 | 4774.918002941723 | 4774.918002941723 | 4774.918002941723 | 4774.918002941723 | 4774.918002941723 | 4774.918002941723 | 4774.918002941723 | 4774.918002941723 | 4774.918002941723 | 4774.918002941723 | 4774.918002941723 | 4774.918002941723 | 4774.918002941723 | 4774.918002941723 | 4774.918002941723 | 4774.918002941723 | 4774.918002941723 | 4774.918002941723 | 4774.918002941723 | 4774.918002941723
 |  |  | Serra do Salitre | 117539.5037663519 | 3917.983458878395 | 3917.983458878395 | 3917.983458878395 | 3917.983458878395 | 3917.983458878395 | 3917.983458878395 | 3917.983458878395 | 3917.983458878395 | 3917.983458878395 | 3917.983458878395 | 3917.983458878395 | 3917.983458878395 | 3917.983458878395 | 3917.983458878395 | 3917.983458878395 | 3917.983458878395 | 3917.983458878395 | 3917.983458878395 | 3917.983458878395 | 3917.983458878395 | 3917.983458878395 | 3917.983458878395 | 3917.983458878395 | 3917.983458878395 | 3917.983458878395 | 3917.983458878395 | 3917.983458878395 | 3917.983458878395 | 3917.983458878395 | 3917.983458878395
 |  |  | Seguros e Garantias | 3780734.0684948284 | 369819.9160219245 | 231665.42808031477 | 216114.1841489062 | 204311.63796969876 | 190955.5264891926 | 185568.98555338758 | 190725.12493654588 | 173970.36712863433 | 216754.0420496529 | 166959.06013460158 | 159543.58909124017 | 94705.62264372414 | 91802.30970118883 | 89454.65639163423 | 97554.12107506033 | 83835.29330146714 | 128904.2571718834 | 85161.39819032195 | 74246.09923578287 | 76041.47091426613 | 92472.06871877174 | 65414.10153079401 | 73800.18059883863 | 68330.81845490559 | 105583.09997799489 | 54099.70254910654 | 50631.85168124055 | 47666.059744396895 | 44697.153818575585 | 49945.94119077662
 |  |  | Arapuá | 25811.727036998152 | 2524.824690725679 | 1581.6200465797426 | 1475.449007789094 | 1394.8709785492451 | 1303.686489620673 | 1266.9116406654891 | 1302.1134982708252 | 1187.7258615648668 | 1479.817428624129 | 1139.8584530077192 | 1089.2317464067414 | 646.5717070447009 | 626.7502861729758 | 610.7224499628894 | 666.0188997440379 | 572.3580837902324 | 880.0517147592699 | 581.4116318032446 | 506.89099320832736 | 519.148306961531 | 631.3228471172849 | 446.5934134731506 | 503.84662935490854 | 466.50634565124824 | 720.8341308800564 | 369.34804979189215 | 345.67243061722485 | 325.4244548179602 | 305.15521927600247 | 340.98960076701087
 |  |  | Coromandel | 326896.28063426557 | 31976.00065538936 | 20030.65156633706 | 18686.0333762411 | 17665.541488131897 | 16510.722585872452 | 16044.982291660252 | 16490.801213660587 | 15042.122753047588 | 18741.35786193597 | 14435.899163339574 | 13794.730051915927 | 8188.599154690332 | 7937.567956717193 | 7734.581150131864 | 8434.89088685838 | 7248.710189511666 | 11145.539851256312 | 7363.37013333314 | 6419.592928799297 | 6574.827418562269 | 7995.477803800481 | 5655.94567193718 | 6381.037150677456 | 5908.135827838486 | 9129.106161752126 | 4677.660799814916 | 4377.81756039051 | 4121.384196994692 | 3864.681586570045 | 4318.5111970974285
 |  |  | Cruzeiro da Fortaleza | 39160.118093381985 | 3830.523734897007 | 2399.546055718947 | 2238.469254806738 | 2116.2207459703673 | 1977.8807058169423 | 1922.0879482890534 | 1975.494250740472 | 1801.9516840068532 | 2245.0967801767515 | 1729.3299113825262 | 1652.521885079926 | 980.9426687108925 | 950.8707102943645 | 926.554167744976 | 1010.4468689373706 | 868.3498830124763 | 1335.1655636547553 | 882.0854230189809 | 769.0268507046123 | 787.6229660825205 | 957.8079456956092 | 677.5467130218434 | 764.4081110190338 | 707.757507307792 | 1093.6094919391421 | 560.3543391993395 | 524.4350052669388 | 493.7159014148567 | 462.9645434624075 | 517.3304760084843
 |  |  | Guimarânia | 104489.39847652878 | 10220.835390613807 | 6402.614092759149 | 5972.819218399852 | 5646.62834424302 | 5277.501071787397 | 5128.63145756575 | 5271.1333878382065 | 4808.076602237419 | 5990.503182928489 | 4614.302790837766 | 4409.358963871003 | 2617.4106306100252 | 2537.170810125796 | 2472.2879387831804 | 2696.1355243104035 | 2316.9837416417704 | 3562.569609217752 | 2353.6337412563657 | 2051.9640122332567 | 2101.5832933907905 | 2555.6811617145627 | 1807.8711691976791 | 2039.640011311836 | 1888.4814399560407 | 2918.035070998798 | 1495.1713806641155 | 1399.3292387348142 | 1317.3626656109059 | 1235.3100301432191 | 1380.3725035455948
 |  |  | Lagoa Formosa | 226931.7904425202 | 22197.778040910773 | 13905.30236336579 | 12971.866801639573 | 12263.440107853523 | 11461.763439590044 | 11138.445968244907 | 11447.933999085737 | 10442.259672646303 | 13010.273126023834 | 10021.418528923265 | 9576.318162074502 | 5684.535363279384 | 5510.269204293285 | 5369.355519484019 | 5855.511379414044 | 5032.063315352372 | 7737.247144527265 | 5111.660385998023 | 4456.489117642968 | 4564.253086789363 | 5550.4702896570125 | 3926.3642752005912 | 4429.723650186082 | 4101.434984171707 | 6337.436456623598 | 3247.2377425805475 | 3039.086205822031 | 2861.06985711442 | 2682.866596796176 | 2997.915657229002
 |  |  | Patos de Minas | 2512095.231433866 | 245725.52067853013 | 153929.26522344214 | 143596.29680640952 | 135754.1372050153 | 126879.71669491679 | 123300.64883306471 | 126726.62720720543 | 115593.98829884642 | 144021.44810034885 | 110935.3504399714 | 106008.1672238611 | 62926.81228648018 | 60997.716384422514 | 59437.82653839058 | 64819.48688259513 | 55704.060828673755 | 85649.97270012458 | 56585.18647975652 | 49332.55512388622 | 50525.48341518092 | 61442.735368513524 | 43464.165833133935 | 49036.26608022939 | 45402.167962815634 | 70154.31320201802 | 35946.35389145646 | 33642.152783771 | 31671.542937377846 | 29698.864012144502 | 33186.40201128388
 |  |  | Presidente Olegário | 205126.4508371876 | 20064.845992377665 | 12569.174711278089 | 11725.43076738754 | 11085.07512091207 | 10360.42966969874 | 10068.179010320628 | 10347.929067459712 | 9438.887611089358 | 11760.146718798676 | 9058.484098607332 | 8656.152374436042 | 5138.321790235615 | 4980.800454753525 | 4853.42683300159 | 5292.869124919725 | 4548.544239894383 | 6993.793346062923 | 4620.493016073959 | 4028.2756070185637 | 4125.684790967726 | 5017.1387128018305 | 3549.089208238655 | 4004.0819700947845 | 3707.337786398493 | 5728.487160033553 | 2935.2183396659225 | 2747.0675923055796 | 2586.1564139722973 | 2425.076283923459 | 2709.8530244592685
 |  |  | Rio Paranaíba | 186880.9023601559 | 18280.121892955314 | 11451.174153208032 | 10682.47938492417 | 10099.08197051787 | 9438.892144870193 | 9172.636541475184 | 9427.503443818036 | 8599.319233756698 | 10714.10742850181 | 8252.7517804445 | 7886.206581839538 | 4681.279322373951 | 4537.769164636005 | 4421.725147529814 | 4822.080010170415 | 4143.9611932409425 | 6371.7107476796655 | 4209.510283381542 | 3669.969315622539 | 3758.714166032078 | 4570.875214229061 | 3233.405497366936 | 3647.9276497075057 | 3377.5782111394533 | 5218.950775272501 | 2674.1370978832406 | 2502.7219473605655 | 2356.1234658676653 | 2209.371060544223 | 2468.8175338064993
 |  |  | Serra do Salitre | 153342.169179925 | 14999.464945524818 | 9396.079867625836 | 8765.339531308633 | 8286.642008505494 | 7744.9336870193765 | 7526.461862101619 | 7735.588868466895 | 7056.03541143883 | 8791.29142231441 | 6771.664968087497 | 6470.902101755389 | 3841.149720299072 | 3723.394729773183 | 3628.1766466053145 | 3956.6814981108346 | 3400.2618263495547 | 5228.206494600889 | 3454.0470957001853 | 3011.335286667092 | 3084.1534702989366 | 3750.55937524238 | 2653.119749224046 | 2993.24934625764 | 2771.4183896267355 | 4282.3275284771 | 2194.2209080501116 | 2053.5689169718917 | 1933.2798512262564 | 1812.8644857155532 | 2025.7491865794605
 |  | Despesas Administrativas e de Pessoal SPE |  | 65719940.4 | 2190664.68 | 2190664.68 | 2190664.68 | 2190664.68 | 2190664.68 | 2190664.68 | 2190664.68 | 2190664.68 | 2190664.68 | 2190664.68 | 2190664.68 | 2190664.68 | 2190664.68 | 2190664.68 | 2190664.68 | 2190664.68 | 2190664.68 | 2190664.68 | 2190664.68 | 2190664.68 | 2190664.68 | 2190664.68 | 2190664.68 | 2190664.68 | 2190664.68 | 2190664.68 | 2190664.68 | 2190664.68 | 2190664.68 | 2190664.68
 |  |  | Arapuá | 448681.4284634228 | 14956.047615447416 | 14956.047615447416 | 14956.047615447416 | 14956.047615447416 | 14956.047615447416 | 14956.047615447416 | 14956.047615447416 | 14956.047615447416 | 14956.047615447416 | 14956.047615447416 | 14956.047615447416 | 14956.047615447416 | 14956.047615447416 | 14956.047615447416 | 14956.047615447416 | 14956.047615447416 | 14956.047615447416 | 14956.047615447416 | 14956.047615447416 | 14956.047615447416 | 14956.047615447416 | 14956.047615447416 | 14956.047615447416 | 14956.047615447416 | 14956.047615447416 | 14956.047615447416 | 14956.047615447416 | 14956.047615447416 | 14956.047615447416 | 14956.047615447416
 |  |  | Coromandel | 5682389.63414281 | 189412.98780476043 | 189412.98780476043 | 189412.98780476043 | 189412.98780476043 | 189412.98780476043 | 189412.98780476043 | 189412.98780476043 | 189412.98780476043 | 189412.98780476043 | 189412.98780476043 | 189412.98780476043 | 189412.98780476043 | 189412.98780476043 | 189412.98780476043 | 189412.98780476043 | 189412.98780476043 | 189412.98780476043 | 189412.98780476043 | 189412.98780476043 | 189412.98780476043 | 189412.98780476043 | 189412.98780476043 | 189412.98780476043 | 189412.98780476043 | 189412.98780476043 | 189412.98780476043 | 189412.98780476043 | 189412.98780476043 | 189412.98780476043 | 189412.98780476043
 |  |  | Cruzeiro da Fortaleza | 680714.5333495027 | 22690.484444983427 | 22690.484444983427 | 22690.484444983427 | 22690.484444983427 | 22690.484444983427 | 22690.484444983427 | 22690.484444983427 | 22690.484444983427 | 22690.484444983427 | 22690.484444983427 | 22690.484444983427 | 22690.484444983427 | 22690.484444983427 | 22690.484444983427 | 22690.484444983427 | 22690.484444983427 | 22690.484444983427 | 22690.484444983427 | 22690.484444983427 | 22690.484444983427 | 22690.484444983427 | 22690.484444983427 | 22690.484444983427 | 22690.484444983427 | 22690.484444983427 | 22690.484444983427 | 22690.484444983427 | 22690.484444983427 | 22690.484444983427 | 22690.484444983427
 |  |  | Guimarânia | 1816323.7392264397 | 60544.12464088133 | 60544.12464088133 | 60544.12464088133 | 60544.12464088133 | 60544.12464088133 | 60544.12464088133 | 60544.12464088133 | 60544.12464088133 | 60544.12464088133 | 60544.12464088133 | 60544.12464088133 | 60544.12464088133 | 60544.12464088133 | 60544.12464088133 | 60544.12464088133 | 60544.12464088133 | 60544.12464088133 | 60544.12464088133 | 60544.12464088133 | 60544.12464088133 | 60544.12464088133 | 60544.12464088133 | 60544.12464088133 | 60544.12464088133 | 60544.12464088133 | 60544.12464088133 | 60544.12464088133 | 60544.12464088133 | 60544.12464088133 | 60544.12464088133
 |  |  | Lagoa Formosa | 3944721.7055086824 | 131490.72351695615 | 131490.72351695615 | 131490.72351695615 | 131490.72351695615 | 131490.72351695615 | 131490.72351695615 | 131490.72351695615 | 131490.72351695615 | 131490.72351695615 | 131490.72351695615 | 131490.72351695615 | 131490.72351695615 | 131490.72351695615 | 131490.72351695615 | 131490.72351695615 | 131490.72351695615 | 131490.72351695615 | 131490.72351695615 | 131490.72351695615 | 131490.72351695615 | 131490.72351695615 | 131490.72351695615 | 131490.72351695615 | 131490.72351695615 | 131490.72351695615 | 131490.72351695615 | 131490.72351695615 | 131490.72351695615 | 131490.72351695615 | 131490.72351695615
 |  |  | Patos de Minas | 43667379.37605984 | 1455579.3125353276 | 1455579.3125353276 | 1455579.3125353276 | 1455579.3125353276 | 1455579.3125353276 | 1455579.3125353276 | 1455579.3125353276 | 1455579.3125353276 | 1455579.3125353276 | 1455579.3125353276 | 1455579.3125353276 | 1455579.3125353276 | 1455579.3125353276 | 1455579.3125353276 | 1455579.3125353276 | 1455579.3125353276 | 1455579.3125353276 | 1455579.3125353276 | 1455579.3125353276 | 1455579.3125353276 | 1455579.3125353276 | 1455579.3125353276 | 1455579.3125353276 | 1455579.3125353276 | 1455579.3125353276 | 1455579.3125353276 | 1455579.3125353276 | 1455579.3125353276 | 1455579.3125353276 | 1455579.3125353276
 |  |  | Presidente Olegário | 3565682.7164388364 | 118856.09054796127 | 118856.09054796127 | 118856.09054796127 | 118856.09054796127 | 118856.09054796127 | 118856.09054796127 | 118856.09054796127 | 118856.09054796127 | 118856.09054796127 | 118856.09054796127 | 118856.09054796127 | 118856.09054796127 | 118856.09054796127 | 118856.09054796127 | 118856.09054796127 | 118856.09054796127 | 118856.09054796127 | 118856.09054796127 | 118856.09054796127 | 118856.09054796127 | 118856.09054796127 | 118856.09054796127 | 118856.09054796127 | 118856.09054796127 | 118856.09054796127 | 118856.09054796127 | 118856.09054796127 | 118856.09054796127 | 118856.09054796127 | 118856.09054796127
 |  |  | Rio Paranaíba | 3248523.0493604257 | 108284.10164534747 | 108284.10164534747 | 108284.10164534747 | 108284.10164534747 | 108284.10164534747 | 108284.10164534747 | 108284.10164534747 | 108284.10164534747 | 108284.10164534747 | 108284.10164534747 | 108284.10164534747 | 108284.10164534747 | 108284.10164534747 | 108284.10164534747 | 108284.10164534747 | 108284.10164534747 | 108284.10164534747 | 108284.10164534747 | 108284.10164534747 | 108284.10164534747 | 108284.10164534747 | 108284.10164534747 | 108284.10164534747 | 108284.10164534747 | 108284.10164534747 | 108284.10164534747 | 108284.10164534747 | 108284.10164534747 | 108284.10164534747 | 108284.10164534747
 |  |  | Serra do Salitre | 2665524.217450041 | 88850.80724833469 | 88850.80724833469 | 88850.80724833469 | 88850.80724833469 | 88850.80724833469 | 88850.80724833469 | 88850.80724833469 | 88850.80724833469 | 88850.80724833469 | 88850.80724833469 | 88850.80724833469 | 88850.80724833469 | 88850.80724833469 | 88850.80724833469 | 88850.80724833469 | 88850.80724833469 | 88850.80724833469 | 88850.80724833469 | 88850.80724833469 | 88850.80724833469 | 88850.80724833469 | 88850.80724833469 | 88850.80724833469 | 88850.80724833469 | 88850.80724833469 | 88850.80724833469 | 88850.80724833469 | 88850.80724833469 | 88850.80724833469 | 88850.80724833469
 |  | Consórcio Gestão Contratual |  | 18000000 | 600000 | 600000 | 600000 | 600000 | 600000 | 600000 | 600000 | 600000 | 600000 | 600000 | 600000 | 600000 | 600000 | 600000 | 600000 | 600000 | 600000 | 600000 | 600000 | 600000 | 600000 | 600000 | 600000 | 600000 | 600000 | 600000 | 600000 | 600000 | 600000 | 600000
 |  | Inclusão social e emancipação econômica de catadores |  | 43426342.42700001 | 2048350.9469999997 | 1611617.3099999998 | 1480218.5999999999 | 1480218.5999999999 | 1630785.5399999998 | 1376184.68 | 1376184.68 | 1382084.5899999999 | 1376184.68 | 1520851.71 | 1382084.5899999999 | 1376184.68 | 1376184.68 | 1382084.5899999999 | 1520851.71 | 1376184.68 | 1382084.5899999999 | 1376184.68 | 1376184.68 | 1526751.6199999999 | 1376184.68 | 1376184.68 | 1382084.5899999999 | 1376184.68 | 1520851.71 | 1382084.5899999999 | 1376184.68 | 1376184.68 | 1382084.5899999999 | 1520851.71
 |  |  | Arapuá | 296479.1695563998 | 13984.447084105454 | 11002.79081791709 | 10105.709041180558 | 10105.709041180558 | 11133.655647756701 | 9395.451430626648 | 9395.451430626648 | 9435.731139197496 | 9395.451430626648 | 10383.118328631941 | 9435.731139197496 | 9395.451430626648 | 9395.451430626648 | 9435.731139197496 | 10383.118328631941 | 9395.451430626648 | 9435.731139197496 | 9395.451430626648 | 9395.451430626648 | 10423.39803720279 | 9395.451430626648 | 9395.451430626648 | 9435.731139197496 | 9395.451430626648 | 10383.118328631941 | 9435.731139197496 | 9395.451430626648 | 9395.451430626648 | 9435.731139197496 | 10383.118328631941
 |  |  | Coromandel | 3754802.5234654825 | 177108.01497195842 | 139346.40598896716 | 127985.18650064673 | 127985.18650064673 | 141003.76220070323 | 118990.02818173805 | 118990.02818173805 | 119500.15626801329 | 118990.02818173805 | 131498.47579551933 | 119500.15626801329 | 118990.02818173805 | 118990.02818173805 | 119500.15626801329 | 131498.47579551933 | 118990.02818173805 | 119500.15626801329 | 118990.02818173805 | 118990.02818173805 | 132008.60388179455 | 118990.02818173805 | 118990.02818173805 | 119500.15626801329 | 118990.02818173805 | 131498.47579551933 | 119500.15626801329 | 118990.02818173805 | 118990.02818173805 | 119500.15626801329 | 131498.47579551933
 |  |  | Cruzeiro da Fortaleza | 449801.72289187025 | 21216.426103501413 | 16692.822885071135 | 15331.820257619322 | 15331.820257619322 | 16891.363733711132 | 14254.25687465984 | 14254.25687465984 | 14315.367010457438 | 14254.25687465984 | 15752.690214954053 | 14315.367010457438 | 14254.25687465984 | 14254.25687465984 | 14315.367010457438 | 15752.690214954053 | 14254.25687465984 | 14315.367010457438 | 14254.25687465984 | 14254.25687465984 | 15813.80035075165 | 14254.25687465984 | 14254.25687465984 | 14315.367010457438 | 14254.25687465984 | 15752.690214954053 | 14315.367010457438 | 14254.25687465984 | 14254.25687465984 | 14315.367010457438 | 15752.690214954053
 |  |  | Guimarânia | 1200188.195209265 | 56610.95291107506 | 44540.800872382664 | 40909.29124495259 | 40909.29124495259 | 45070.55958756179 | 38034.071373621366 | 38034.071373621366 | 38197.12913854136 | 38034.071373621366 | 42032.28195131056 | 38197.12913854136 | 38034.071373621366 | 38034.071373621366 | 38197.12913854136 | 42032.28195131056 | 38034.071373621366 | 38197.12913854136 | 38034.071373621366 | 38034.071373621366 | 42195.339716230555 | 38034.071373621366 | 38034.071373621366 | 38197.12913854136 | 38034.071373621366 | 42032.28195131056 | 38197.12913854136 | 38034.071373621366 | 38034.071373621366 | 38197.12913854136 | 42032.28195131056
 |  |  | Lagoa Formosa | 2606588.419283467 | 122948.59660478587 | 96734.4423174571 | 88847.47010996495 | 88847.47010996495 | 97884.98098923567 | 82603.02040664242 | 82603.02040664242 | 82957.15193652353 | 82603.02040664242 | 91286.39975603204 | 82957.15193652353 | 82603.02040664242 | 82603.02040664242 | 82957.15193652353 | 91286.39975603204 | 82603.02040664242 | 82957.15193652353 | 82603.02040664242 | 82603.02040664242 | 91640.53128591315 | 82603.02040664242 | 82603.02040664242 | 82957.15193652353 | 82603.02040664242 | 91286.39975603204 | 82957.15193652353 | 82603.02040664242 | 82603.02040664242 | 82957.15193652353 | 91286.39975603204
 |  |  | Patos de Minas | 28854477.927592464 | 1361019.4615751724 | 1070833.358284589 | 983525.9553232972 | 983525.9553232972 | 1083569.6201601028 | 914400.9892175967 | 914400.9892175967 | 918321.1633182812 | 914400.9892175967 | 1010524.4799537178 | 918321.1633182812 | 914400.9892175967 | 914400.9892175967 | 918321.1633182812 | 1010524.4799537178 | 914400.9892175967 | 918321.1633182812 | 914400.9892175967 | 914400.9892175967 | 1014444.6540544023 | 914400.9892175967 | 914400.9892175967 | 918321.1633182812 | 914400.9892175967 | 1010524.4799537178 | 918321.1633182812 | 914400.9892175967 | 914400.9892175967 | 918321.1633182812 | 1010524.4799537178
 |  |  | Presidente Olegário | 2356127.49627674 | 111134.75642955737 | 87439.45829537991 | 80310.32661391907 | 80310.32661391907 | 88479.44442439539 | 74665.89132974797 | 74665.89132974797 | 74985.99519757717 | 74665.89132974797 | 82514.90527239512 | 74985.99519757717 | 74665.89132974797 | 74665.89132974797 | 74985.99519757717 | 82514.90527239512 | 74665.89132974797 | 74985.99519757717 | 74665.89132974797 | 74665.89132974797 | 82835.00914022431 | 74665.89132974797 | 74665.89132974797 | 74985.99519757717 | 74665.89132974797 | 82514.90527239512 | 74985.99519757717 | 74665.89132974797 | 74665.89132974797 | 74985.99519757717 | 82514.90527239512
 |  |  | Rio Paranaíba | 2146555.116527891 | 101249.56328336465 | 79661.91001419783 | 73166.89897959826 | 73166.89897959826 | 80609.39165510391 | 68024.52384994403 | 68024.52384994403 | 68316.15517991023 | 68024.52384994403 | 75175.38519548348 | 68316.15517991023 | 68024.52384994403 | 68024.52384994403 | 68316.15517991023 | 75175.38519548348 | 68024.52384994403 | 68316.15517991023 | 68024.52384994403 | 68024.52384994403 | 75467.01652544968 | 68024.52384994403 | 68024.52384994403 | 68316.15517991023 | 68024.52384994403 | 75175.38519548348 | 68316.15517991023 | 68024.52384994403 | 68024.52384994403 | 68316.15517991023 | 75175.38519548348
 |  |  | Serra do Salitre | 1761321.8561964289 | 83078.72803647924 | 65365.32052403824 | 60035.941928821274 | 60035.941928821274 | 66142.7616014293 | 55816.44733542295 | 55816.44733542295 | 56055.74081149822 | 55816.44733542295 | 61683.97353195571 | 56055.74081149822 | 55816.44733542295 | 55816.44733542295 | 56055.74081149822 | 61683.97353195571 | 55816.44733542295 | 56055.74081149822 | 55816.44733542295 | 55816.44733542295 | 61923.267008030976 | 55816.44733542295 | 55816.44733542295 | 56055.74081149822 | 55816.44733542295 | 61683.97353195571 | 56055.74081149822 | 55816.44733542295 | 55816.44733542295 | 56055.74081149822 | 61683.97353195571
 |  | Total |  | 1040707059.9546887 | 45677005.05734576 | 44665438.74194763 | 40939675.41478199 | 40918522.38511102 | 29805831.300620776 | 29543368.38154695 | 29551208.51432219 | 32869291.084698413 | 32379730.946263634 | 32494434.092532713 | 34073944.50947964 | 34014597.28060018 | 34023084.6152257 | 34038027.51948421 | 34196284.75173569 | 34049343.75764066 | 34104785.006708995 | 34059614.61292535 | 34053171.68916873 | 34210006.37604513 | 34080348.295151934 | 34057762.703161865 | 34076521.06742783 | 34069624.170481816 | 34256015.85720282 | 34070237.71497184 | 34065342.32930189 | 34066848.91256297 | 34074252.29183507 | 34222740.57440518
 |  | % de execução por ano |  | 1 | 0.04389035763756085 | 0.042918358547401725 | 0.039338327748602436 | 0.03931800211568909 | 0.028639981842650795 | 0.028387785111050598 | 0.02839531857851413 | 0.03158361497627345 | 0.03111320389012583 | 0.031223420444507686 | 0.032741148610025944 | 0.03268412273678738 | 0.03269227809092314 | 0.03270663650630581 | 0.03285870353682866 | 0.03271751011194556 | 0.03277078278703508 | 0.032727379224667 | 0.03272118831465539 | 0.03287188844239665 | 0.03274730191283199 | 0.0327255997520039 | 0.03274362438639696 | 0.03273699726027147 | 0.03291609827139473 | 0.032737586806084726 | 0.032732882902500024 | 0.03273433055604159 | 0.03274144435353271 | 0.03288412454499463
 |  |  |  | CAPEX - POR ANO |  |  |  |  |  |  |  | OPEX - POR ANO
 |  |  | COLETA | 464687432.55443764 | 0.3897190846781548
 |  |  | TRANSBORDO E TRANSPORTE | 136531041.7799999 | 0.1145043935020195
 |  |  | TRIAGEM E TRATAMENTO | 79377706.12 | 0.06657164538082051
 |  |  | DISPOSIÇÃO FINAL | 173387326.52 | 0.14541462809681371
 |  |  | SOCIOAMBIENTAL | 18260494.679999992 | 0.015314516326253833
 |  |  | CONSÓRCIO  | 63819340.767000005 | 0.053523321970978435
 |  |  | SPE | 65719940.4 | 0.05511729653844347
 |  |  | OUTRAS | 190581809.9432512 | 0.15983511350651575
 |  |  |  | 1192365092.7646887 | 1
[262 linhas]
