 | Distribuição de receita por categoria e município | 1 | 2 | 3 | 4 | 5 | 6 | 7 | 8 | 9 | 10 | 11 | 12 | 13 | 14 | 15 | 16 | 17 | 18 | 19 | 20 | 21 | 22 | 23 | 24 | 25 | 26 | 27 | 28 | 29 | 30
 | Arapuá | 537260.1875116698 | 534209.883646161 | 531159.5797806517 | 528109.2759151427 | 525058.9720496336 | 522008.66818412446 | 518144.9499544795 | 514281.23172483477 | 510417.51349518984 | 506553.79526554496 | 503096.78421796806 | 498623.0052152213 | 494149.2262124746 | 489675.44720972795 | 485201.6682069812 | 480931.2427952686 | 476254.11020148784 | 471576.9776077073 | 466899.8450139266 | 462222.712420146 | 457138.87264429755 | 452461.74005051696 | 447784.60745673627 | 443107.47486295557 | 438430.342269175 | 433753.2096753944 | 429076.07708161377 | 424398.9444878331 | 419721.8118940526 | 415044.6793002719
 | Social | 76157.51196022623 | 75725.12638891535 | 75292.74081760444 | 74860.35524629356 | 74427.96967498264 | 73995.58410367175 | 73447.89571334461 | 72900.20732301749 | 72352.51893269033 | 71804.8305423632 | 71314.79356154418 | 70680.62805695487 | 70046.46255236554 | 69412.29704777623 | 68778.1315431869 | 68172.79174335164 | 67509.80053400827 | 66846.8093246649 | 66183.81811532151 | 65520.82690597814 | 64800.18428712664 | 64137.19307778327 | 63474.201868439886 | 62811.210659096505 | 62148.21944975314 | 61485.22824040976 | 60822.23703106637 | 60159.245821723 | 59496.25461237963 | 58833.263403036246
 | Residencial (Fixa) | 14864.623385228831 | 14780.22923277674 | 14695.835080324647 | 14611.440927872552 | 14527.046775420455 | 14442.652622968364 | 14335.75336319571 | 14228.854103423058 | 14121.954843650405 | 14015.05558387775 | 13919.40887776538 | 13795.630787502309 | 13671.852697239236 | 13548.074606976168 | 13424.296516713095 | 13306.144703280163 | 13176.740336186953 | 13047.335969093741 | 12917.931602000528 | 12788.52723490732 | 12647.87031415383 | 12518.46594706062 | 12389.061579967409 | 12259.657212874195 | 12130.252845780988 | 12000.848478687776 | 11871.444111594565 | 11742.039744501353 | 11612.635377408144 | 11483.231010314932
 | Residencial (0 a 5 m³) | 64975.66982954665 | 64606.769357387995 | 64237.86888522932 | 63868.96841307067 | 63500.06794091199 | 63131.16746875332 | 62663.89353735234 | 62196.61960595137 | 61729.34567455039 | 61262.07174314941 | 60843.984541369595 | 60302.93051553688 | 59761.87648970416 | 59220.822463871446 | 58679.76843803873 | 58163.307777016606 | 57597.66038637331 | 57032.012995730016 | 56466.36560508673 | 55900.718214443434 | 55285.88409417899 | 54720.2367035357 | 54154.589312892414 | 53588.94192224913 | 53023.29453160583 | 52457.647140962545 | 51891.99975031925 | 51326.352359675955 | 50760.70496903267 | 50195.05757838939
 | Residencial (> 5m³ a 10m³) | 93426.58529996505 | 92896.15427063144 | 92365.72324129778 | 91835.29221196414 | 91304.8611826305 | 90774.43015329687 | 90102.55084947425 | 89430.67154565165 | 88758.79224182903 | 88086.91293800641 | 87485.75777142831 | 86707.79226173896 | 85929.82675204962 | 85151.86124236029 | 84373.89573267094 | 83631.29229160385 | 82817.96471329227 | 82004.63713498069 | 81191.3095566691 | 80377.98197835752 | 79493.93026280146 | 78680.60268448989 | 77867.2751061783 | 77053.94752786672 | 76240.61994955514 | 75427.29237124354 | 74613.96479293198 | 73800.6372146204 | 72987.30963630883 | 72173.98205799724
 | Residencial (> 10m³ a 15m³) | 107680.99792368176 | 107069.63722388798 | 106458.27652409418 | 105846.91582430039 | 105235.55512450657 | 104624.19442471277 | 103849.80420497395 | 103075.41398523514 | 102301.02376549633 | 101526.63354575749 | 100833.7580859912 | 99937.09572629361 | 99040.43336659601 | 98143.77100689847 | 97247.10864720088 | 96391.20366748956 | 95453.7839278057 | 94516.3641881219 | 93578.94444843807 | 92641.52470875422 | 91622.59020909789 | 90685.17046941406 | 89747.75072973024 | 88810.3309900464 | 87872.91125036257 | 86935.49151067874 | 85998.07177099491 | 85060.65203131108 | 84123.23229162725 | 83185.81255194343
 | Residencial (> 15m³ a 20m³) | 77316.3534661893 | 76877.38855249029 | 76438.42363879124 | 75999.45872509223 | 75560.49381139319 | 75121.52889769417 | 74565.50667367538 | 74009.48444965662 | 73453.46222563784 | 72897.44000161906 | 72399.94643276016 | 71756.13122600158 | 71112.31601924301 | 70468.50081248443 | 69824.68560572584 | 69210.13472654721 | 68537.05519220869 | 67863.97565787018 | 67190.89612353165 | 66517.81658919314 | 65786.20839969478 | 65113.12886535626 | 64440.04933101773 | 63766.96979667922 | 63093.89026234071 | 62420.810728002194 | 61747.73119366368 | 61074.65165932516 | 60401.572124986655 | 59728.492590648144
 | Residencial (> 20m³ a 40m³) | 70400.81761296003 | 70001.11577185694 | 69601.41393075383 | 69201.71208965074 | 68802.01024854762 | 68402.30840744452 | 67896.01940871392 | 67389.73040998333 | 66883.44141125273 | 66377.15241252212 | 65924.15699260528 | 65337.927625654054 | 64751.69825870283 | 64165.46889175162 | 63579.2395248004 | 63019.65694725605 | 62406.78079089795 | 61793.90463453987 | 61181.028478181775 | 60568.152321823676 | 59901.982586651844 | 59289.106430293745 | 58676.23027393566 | 58063.35411757757 | 57450.47796121947 | 56837.60180486138 | 56224.72564850329 | 55611.84949214519 | 54998.97333578711 | 54386.09717942901
 | Residencial (>40m³) | 16949.158028450227 | 16852.928895056302 | 16756.699761662374 | 16660.47062826845 | 16564.24149487452 | 16468.012361480596 | 16346.12212584829 | 16224.231890215982 | 16102.341654583675 | 15980.451418951367 | 15871.391734438253 | 15730.255672127161 | 15589.119609816069 | 15447.983547504979 | 15306.847485193883 | 15172.126698442387 | 15024.5753605717 | 14877.024022701013 | 14729.472684830327 | 14581.92134695964 | 14421.539457969762 | 14273.988120099075 | 14126.43678222839 | 13978.885444357702 | 13831.334106487015 | 13683.782768616327 | 13536.231430745638 | 13388.68009287495 | 13241.128755004265 | 13093.577417133582
 | Comercial | 15488.470005421796 | 15400.533953157856 | 15312.597900893918 | 15224.66184862998 | 15136.72579636604 | 15048.789744102101 | 14937.404077901112 | 14826.018411700119 | 14714.63274549913 | 14603.24707929814 | 14503.586220065677 | 14374.6133434119 | 14245.640466758123 | 14116.667590104345 | 13987.69471345057 | 13864.584240281056 | 13729.748960143013 | 13594.913680004976 | 13460.078399866932 | 13325.243119728895 | 13178.683032622328 | 13043.847752484291 | 12909.01247234625 | 12774.17719220821 | 12639.341912070171 | 12504.50663193213 | 12369.67135179409 | 12234.836071656053 | 12100.000791518009 | 11965.165511379972
 | Industrial | 0 | 0 | 0 | 0 | 0 | 0 | 0 | 0 | 0 | 0 | 0 | 0 | 0 | 0 | 0 | 0 | 0 | 0 | 0 | 0 | 0 | 0 | 0 | 0 | 0 | 0 | 0 | 0 | 0 | 0
 | Pública | 0 | 0 | 0 | 0 | 0 | 0 | 0 | 0 | 0 | 0 | 0 | 0 | 0 | 0 | 0 | 0 | 0 | 0 | 0 | 0 | 0 | 0 | 0 | 0 | 0 | 0 | 0 | 0 | 0 | 0
 | Coromandel | 4966988.894346843 | 4969784.511192423 | 4972580.128038003 | 4975375.744883583 | 4978171.361729163 | 4981295.8746742215 | 4973895.712435922 | 4966495.550197623 | 4959095.387959323 | 4951695.225721022 | 4944295.063482723 | 4929988.083155344 | 4915681.1028279625 | 4901374.122500585 | 4887067.142173205 | 4872431.265746345 | 4851875.259528845 | 4831319.253311346 | 4810763.247093846 | 4790207.240876348 | 4769815.682708588 | 4749259.676491088 | 4728703.670273589 | 4708147.664056089 | 4687591.657838589 | 4667035.651621089 | 4646479.645403591 | 4625923.639186092 | 4605367.632968591 | 4584811.626751091
 | Social | 792581.4660250877 | 793027.5620694007 | 793473.6581137136 | 793919.7541580263 | 794365.8502023394 | 794864.4281342184 | 793683.5856639784 | 792502.7431937384 | 791321.9007234983 | 790141.0582532585 | 788960.2157830185 | 786677.2536738877 | 784394.2915647571 | 782111.3294556265 | 779828.3673464957 | 777492.9233497989 | 774212.80537691 | 770932.687404021 | 767652.5694311322 | 764372.4514582434 | 761118.5744291377 | 757838.4564562485 | 754558.3384833599 | 751278.2205104709 | 747998.1025375819 | 744717.9845646931 | 741437.8665918042 | 738157.7486189154 | 734877.6306460263 | 731597.5126731376
 | Residencial (Fixa) | 90099.87945360201 | 90150.59121200193 | 90201.30297040186 | 90252.01472880178 | 90302.7264872017 | 90359.40433482514 | 90225.16732729593 | 90090.93031976672 | 89956.69331223752 | 89822.45630470832 | 89688.21929717912 | 89428.69441595598 | 89169.16953473285 | 88909.64465350972 | 88650.1197722866 | 88384.62880183995 | 88011.74822536994 | 87638.86764889993 | 87265.98707242993 | 86893.10649595992 | 86523.20896410166 | 86150.32838763164 | 85777.44781116163 | 85404.56723469161 | 85031.6866582216 | 84658.8060817516 | 84285.92550528157 | 83913.04492881156 | 83540.16435234156 | 83167.28377587155
 | Residencial (0 a 5 m³) | 596646.9901673347 | 596982.8065768448 | 597318.6229863549 | 597654.439395865 | 597990.2558053753 | 598365.580027769 | 597476.6542378891 | 596587.7284480094 | 595698.8026581295 | 594809.8768682496 | 593920.9510783699 | 592202.3612179356 | 590483.7713575012 | 588765.181497067 | 587046.5916366325 | 585288.4939633147 | 582819.2556580929 | 580350.0173528712 | 577880.7790476496 | 575411.5407424278 | 572962.0563436479 | 570492.8180384261 | 568023.5797332044 | 565554.3414279828 | 563085.103122761 | 560615.8648175392 | 558146.6265123177 | 555677.3882070959 | 553208.149901874 | 550738.9115966524
 | Residencial (> 5m³ a 10m³) | 821460.629372776 | 821922.9797468766 | 822385.3301209772 | 822847.680495078 | 823310.0308691788 | 823826.7754049383 | 822602.9067676129 | 821379.0381302875 | 820155.1694929622 | 818931.3008556371 | 817707.4322183115 | 815341.2861861491 | 812975.1401539866 | 810608.9941218246 | 808242.8480896621 | 805822.3078958411 | 802422.6727921593 | 799023.0376884778 | 795623.4025847964 | 792223.7674811147 | 788851.3294582628 | 785451.6943545812 | 782052.0592508996 | 778652.4241472181 | 775252.7890435365 | 771853.153939855 | 768453.5188361736 | 765053.883732492 | 761654.2486288104 | 758254.6135251289
 | Residencial (> 10m³ a 15m³) | 686793.0727998066 | 687179.6269726842 | 687566.1811455619 | 687952.7353184394 | 688339.2894913171 | 688771.3206257098 | 687748.0889916219 | 686724.8573575339 | 685701.6257234461 | 684678.3940893582 | 683655.1624552703 | 681676.914629367 | 679698.6668034636 | 677720.4189775605 | 675742.1711516571 | 673718.4463642389 | 670876.1362695502 | 668033.8261748615 | 665191.5160801728 | 662349.2059854843 | 659529.6343715532 | 656687.3242768644 | 653845.0141821759 | 651002.7040874872 | 648160.3939927984 | 645318.0838981098 | 642475.7738034212 | 639633.4637087326 | 636791.1536140438 | 633948.8435193553
 | Residencial (> 15m³ a 20m³) | 425417.20459930797 | 425656.646146063 | 425896.08769281796 | 426135.52923957293 | 426374.97078632796 | 426642.5819268189 | 426008.76606776146 | 425374.9502087041 | 424741.13434964675 | 424107.3184905894 | 423473.502631532 | 422248.125304021 | 421022.7479765101 | 419797.3706489993 | 418571.9933214883 | 417318.4464002416 | 415557.8467917489 | 413797.24718325614 | 412036.64757476345 | 410276.04796627077 | 408529.533154646 | 406768.93354615325 | 405008.3339376606 | 403247.73432916787 | 401487.1347206751 | 399726.53511218244 | 397965.9355036898 | 396205.3358951971 | 394444.73628670437 | 392684.1366782117
 | Residencial (> 20m³ a 40m³) | 391545.63509206666 | 391766.012386351 | 391986.3896806354 | 392206.76697491977 | 392427.1442692042 | 392673.44830399257 | 392090.0966426516 | 391506.7449813106 | 390923.39331996965 | 390340.0416586286 | 389756.68999728764 | 388628.8767853618 | 387501.0635734358 | 386373.25036151 | 385245.43714958406 | 384091.6971971541 | 382471.27591565147 | 380850.8546341487 | 379230.43335264595 | 377610.0120711433 | 376002.55415989255 | 374382.1328783898 | 372761.7115968871 | 371141.29031538434 | 369520.8690338816 | 367900.4477523789 | 366280.0264708762 | 364659.6051893735 | 363039.1839078707 | 361418.762626368
 | Residencial (>40m³) | 47524.98651516471 | 47551.735448112595 | 47578.48438106047 | 47605.23331400835 | 47631.982246956235 | 47661.878113192106 | 47591.07211421241 | 47520.26611523273 | 47449.46011625305 | 47378.65411727336 | 47307.848118293674 | 47170.95652026628 | 47034.0649222389 | 46897.17332421151 | 46760.28172618411 | 46620.24319486874 | 46423.55986436961 | 46226.87653387048 | 46030.19320337135 | 45833.50987287224 | 45638.4000090171 | 45441.71667851797 | 45245.03334801886 | 45048.350017519726 | 44851.666687020595 | 44654.98335652147 | 44458.30002602234 | 44261.616695523226 | 44064.933365024095 | 43868.25003452497
 | Comercial | 800452.4371305235 | 800902.9632671683 | 801353.4894038131 | 801804.0155404576 | 802254.5416771027 | 802758.0708886466 | 801565.5017034105 | 800372.9325181744 | 799180.3633329382 | 797987.7941477019 | 796795.2249624658 | 794489.5912043427 | 792183.9574462192 | 789878.323688096 | 787572.6899299726 | 785214.05309695 | 781901.3609157385 | 778588.668734527 | 775275.9765533152 | 771963.2843721036 | 768677.0937283416 | 765364.4015471301 | 762051.7093659185 | 758739.0171847069 | 755426.3250034952 | 752113.6328222838 | 748800.940641072 | 745488.2484598604 | 742175.5562786488 | 738862.8640974372
 | Industrial | 114579.5831574221 | 114644.0730565638 | 114708.5629557055 | 114773.05285484719 | 114837.54275398894 | 114909.61970008847 | 114738.9111435369 | 114568.20258698532 | 114397.49403043374 | 114226.78547388216 | 114056.07691733059 | 113726.04037466417 | 113396.00383199778 | 113065.9672893314 | 112735.93074666499 | 112398.30715704076 | 111924.11672217525 | 111449.92628730975 | 110975.73585244424 | 110501.54541757876 | 110031.14850619217 | 109556.95807132665 | 109082.76763646114 | 108608.57720159563 | 108134.38676673011 | 107660.1963318646 | 107186.0058969991 | 106711.81546213361 | 106237.62502726808 | 105763.4345924026
 | Pública | 199887.01003375094 | 199999.5143103558 | 200112.01858696068 | 200224.5228635655 | 200337.02714017042 | 200462.76721402296 | 200164.96177595117 | 199867.15633787945 | 199569.35089980773 | 199271.54546173598 | 198973.74002366426 | 198397.9828433922 | 197822.2256631202 | 197246.4684828482 | 196670.71130257612 | 196081.71832505648 | 195254.48099707943 | 194427.24366910238 | 193600.0063411253 | 192772.7690131483 | 191952.14958379508 | 191124.91225581797 | 190297.67492784094 | 189470.43759986392 | 188643.20027188683 | 187815.96294390978 | 186988.72561593272 | 186161.4882879557 | 185334.2509599786 | 184507.0136320016
 | Cruzeiro da Fortaleza | 513137.08263196837 | 513700.04158164683 | 514263.0005313254 | 514825.959481004 | 515388.91843068256 | 516233.3568552002 | 516092.61711778055 | 515951.8773803608 | 515811.13764294126 | 515670.3979055217 | 515248.1786932628 | 514122.2607939058 | 512996.34289454867 | 511870.42499519174 | 510744.5070958347 | 509759.3289338972 | 508070.4520848618 | 506381.5752358262 | 504692.6983867906 | 503003.82153775496 | 501314.9446887196 | 499626.06783968385 | 497937.19099064835 | 496248.31414161285 | 494559.43729257735 | 492870.5604435418 | 491181.6835945062 | 489492.80674547056 | 487803.92989643506 | 486115.05304739956
 | Social | 186302.04205114534 | 186506.43266228205 | 186710.82327341882 | 186915.2138845556 | 187119.60449569233 | 187426.1904123974 | 187375.09275961327 | 187323.99510682904 | 187272.89745404487 | 187221.79980126073 | 187068.50684290813 | 186659.72562063465 | 186250.94439836114 | 185842.16317608766 | 185433.38195381415 | 185075.69838432485 | 184462.5265509146 | 183849.35471750435 | 183236.18288409413 | 182623.01105068385 | 182009.83921727363 | 181396.6673838634 | 180783.49555045314 | 180170.3237170429 | 179557.15188363264 | 178943.98005022242 | 178330.80821681215 | 177717.63638340193 | 177104.46454999168 | 176491.29271658143
 | Residencial (Fixa) | 9413.064370804173 | 9423.391375050804 | 9433.718379297436 | 9444.045383544066 | 9454.372387790698 | 9469.862894160644 | 9467.281143098986 | 9464.699392037328 | 9462.11764097567 | 9459.535889914012 | 9451.79063672904 | 9431.136628235776 | 9410.482619742514 | 9389.828611249251 | 9369.17460275599 | 9351.102345324387 | 9320.121332584495 | 9289.1403198446 | 9258.159307104708 | 9227.178294364816 | 9196.197281624922 | 9165.21626888503 | 9134.235256145135 | 9103.254243405241 | 9072.273230665349 | 9041.292217925456 | 9010.311205185562 | 8979.33019244567 | 8948.349179705778 | 8917.368166965884
 | Residencial (0 a 5 m³) | 41146.02481280596 | 41191.165816440414 | 41236.306820074875 | 41281.44782370932 | 41326.58882734378 | 41394.300332795465 | 41383.01508188684 | 41371.729830978235 | 41360.44458006962 | 41349.159329161004 | 41315.30357643517 | 41225.02156916625 | 41134.739561897346 | 41044.45755462844 | 40954.175547359526 | 40875.17879099923 | 40739.75578009587 | 40604.33276919249 | 40468.90975828913 | 40333.48674738577 | 40198.0637364824 | 40062.64072557903 | 39927.217714675666 | 39791.794703772306 | 39656.37169286893 | 39520.948681965565 | 39385.5256710622 | 39250.10266015884 | 39114.67964925547 | 38979.256638352104
 | Residencial (> 5m³ a 10m³) | 47313.81452704187 | 47365.72216777367 | 47417.62980850548 | 47469.537449237294 | 47521.4450899691 | 47599.3065510668 | 47586.32964088385 | 47573.3527307009 | 47560.37582051796 | 47547.398910335 | 47508.46817978615 | 47404.65289832253 | 47300.83761685891 | 47197.022335395304 | 47093.20705393169 | 47002.368682651024 | 46846.64576045561 | 46690.92283826019 | 46535.19991606477 | 46379.47699386935 | 46223.754071673924 | 46068.03114947851 | 45912.30822728308 | 45756.58530508767 | 45600.86238289224 | 45445.13946069682 | 45289.4165385014 | 45133.69361630598 | 44977.97069411056 | 44822.24777191515
 | Residencial (> 10m³ a 15m³) | 39010.43004886234 | 39053.228107061856 | 39096.02616526138 | 39138.824223460906 | 39181.62228166042 | 39245.8193689597 | 39235.119854409815 | 39224.420339859935 | 39213.72082531006 | 39203.02131076018 | 39170.92276711054 | 39085.326650711504 | 38999.73053431246 | 38914.134417913425 | 38828.53830151438 | 38753.64169966522 | 38625.24752506666 | 38496.853350468096 | 38368.45917586954 | 38240.06500127098 | 38111.67082667242 | 37983.27665207386 | 37854.8824774753 | 37726.48830287674 | 37598.094128278186 | 37469.69995367963 | 37341.30577908106 | 37212.911604482506 | 37084.51742988395 | 36956.12325528539
 | Residencial (> 15m³ a 20m³) | 28009.99486152205 | 28040.72442253304 | 28071.453983544037 | 28102.183544555035 | 28132.91310556603 | 28179.00744708252 | 28171.32505682977 | 28163.642666577023 | 28155.960276324276 | 28148.27788607153 | 28125.230715313282 | 28063.771593291287 | 28002.312471269302 | 27940.853349247307 | 27879.39422722532 | 27825.61749545608 | 27733.42881242309 | 27641.240129390106 | 27549.051446357123 | 27456.862763324134 | 27364.674080291155 | 27272.485397258166 | 27180.296714225176 | 27088.108031192194 | 26995.919348159205 | 26903.730665126222 | 26811.541982093237 | 26719.353299060254 | 26627.16461602727 | 26534.975932994283
 | Residencial (> 20m³ a 40m³) | 25504.65006666787 | 25532.63103218259 | 25560.611997697313 | 25588.592963212035 | 25616.573928726753 | 25658.545376998834 | 25651.550135620153 | 25644.55489424147 | 25637.559652862798 | 25630.564411484116 | 25609.578687348076 | 25553.616756318635 | 25497.65482528919 | 25441.69289425975 | 25385.730963230308 | 25336.764273579545 | 25252.821377035383 | 25168.87848049122 | 25084.935583947063 | 25000.992687402897 | 24917.04979085874 | 24833.106894314576 | 24749.163997770407 | 24665.221101226252 | 24581.278204682087 | 24497.335308137925 | 24413.392411593763 | 24329.449515049604 | 24245.50661850544 | 24161.56372196128
 | Residencial (>40m³) | 6140.302898423993 | 6147.039379936251 | 6153.77586144851 | 6160.512342960769 | 6167.2488244730275 | 6177.353546741416 | 6175.669426363351 | 6173.985305985287 | 6172.301185607223 | 6170.617065229158 | 6165.564704094963 | 6152.091741070445 | 6138.618778045928 | 6125.145815021408 | 6111.672851996892 | 6099.884009350438 | 6079.674564813661 | 6059.465120276885 | 6039.255675740108 | 6019.046231203331 | 5998.836786666555 | 5978.627342129778 | 5958.417897593001 | 5938.208453056224 | 5917.999008519448 | 5897.789563982671 | 5877.5801194458945 | 5857.370674909118 | 5837.161230372341 | 5816.951785835565
 | Comercial | 77205.28771050442 | 77289.9890683876 | 77374.69042627075 | 77459.39178415392 | 77544.09314203709 | 77671.14517886184 | 77649.96983939104 | 77628.79449992024 | 77607.61916044947 | 77586.44382097866 | 77522.91780256628 | 77353.51508679996 | 77184.11237103363 | 77014.70965526732 | 76845.30693950098 | 76697.07956320544 | 76442.97548955596 | 76188.87141590645 | 75934.76734225695 | 75680.66326860746 | 75426.55919495798 | 75172.45512130848 | 74918.35104765897 | 74664.24697400948 | 74410.14290035999 | 74156.03882671052 | 73901.93475306101 | 73647.8306794115 | 73393.72660576201 | 73139.62253211254
 | Industrial | 4616.649676886118 | 4621.714569565093 | 4626.779462244069 | 4631.844354923044 | 4636.90924760202 | 4644.506586620482 | 4643.240363450738 | 4641.974140280994 | 4640.707917111252 | 4639.441693941508 | 4635.6430244322755 | 4625.513239074325 | 4615.383453716374 | 4605.253668358423 | 4595.123883000472 | 4586.2603208122655 | 4571.065642775339 | 4555.870964738412 | 4540.676286701486 | 4525.48160866456 | 4510.286930627633 | 4495.092252590707 | 4479.89757455378 | 4464.702896516855 | 4449.508218479928 | 4434.313540443002 | 4419.118862406075 | 4403.924184369149 | 4388.729506332223 | 4373.534828295296
 | Pública | 48474.821607304235 | 48528.00298043348 | 48581.18435356273 | 48634.36572669197 | 48687.54709982121 | 48767.31915951507 | 48754.02381623276 | 48740.728472950446 | 48727.43312966814 | 48714.137786385836 | 48674.25175653889 | 48567.889010280414 | 48461.52626402193 | 48355.16351776344 | 48248.80077150496 | 48155.73336852878 | 47996.189249141054 | 47836.64512975333 | 47677.10101036561 | 47517.55689097788 | 47358.012771590154 | 47198.46865220243 | 47038.9245328147 | 46879.380413426974 | 46719.83629403924 | 46560.29217465152 | 46400.74805526379 | 46241.20393587607 | 46081.65981648834 | 45922.11569710062
 | Guimarânia | 1053951.4801815809 | 1063711.3660084195 | 1073471.2518352582 | 1083231.1376620966 | 1092991.023488935 | 1102634.7201987877 | 1111116.5257387783 | 1119598.331278769 | 1128080.1368187596 | 1136561.9423587504 | 1144927.5587817547 | 1151666.5275669529 | 1158405.496352151 | 1165144.465137349 | 1171883.433922547 | 1178854.7809417176 | 1183734.7238551371 | 1188614.6667685562 | 1193494.6096819756 | 1198374.5525953947 | 1203022.1172748418 | 1207902.060188261 | 1212782.00310168 | 1217661.9460150998 | 1222541.8889285186 | 1227421.831841938 | 1232301.7747553573 | 1237181.7176687766 | 1242061.660582196 | 1246941.6034956155
 | Social | 343721.22582802223 | 346904.18062568 | 350087.13542333787 | 353270.0902209956 | 356453.04501865344 | 359598.1074972915 | 362364.24678573216 | 365130.38607417286 | 367896.52536261355 | 370662.6646510543 | 373390.91162047524 | 375588.6661236199 | 377786.4206267646 | 379984.1751299093 | 382181.92963305395 | 384455.4687742381 | 386046.94617306703 | 387638.42357189587 | 389229.90097072476 | 390821.3783695537 | 392337.0711303431 | 393928.54852917197 | 395520.0259280009 | 397111.5033268298 | 398702.98072565865 | 400294.4581244876 | 401885.9355233165 | 403477.41292214545 | 405068.8903209743 | 406660.3677198032
 | Residencial (Fixa) | 19536.407115240338 | 19717.319715579903 | 19898.232315919468 | 20079.14491625903 | 20260.057516598597 | 20438.816395505546 | 20596.038060086357 | 20753.25972466717 | 20910.48138924798 | 21067.703053828795 | 21222.770996976993 | 21347.686840068596 | 21472.6026831602 | 21597.518526251803 | 21722.434369343406 | 21851.657655300238 | 21942.11395547002 | 22032.570255639803 | 22123.026555809585 | 22213.482855979368 | 22299.63171328392 | 22390.088013453707 | 22480.544313623486 | 22571.00061379327 | 22661.456913963048 | 22751.91321413283 | 22842.369514302613 | 22932.825814472395 | 23023.282114642185 | 23113.73841481196
 | Residencial (0 a 5 m³) | 85396.79112468282 | 86187.58932272861 | 86978.3875207744 | 87769.18571882017 | 88559.98391686598 | 89341.36785064932 | 90028.60914180816 | 90715.850432967 | 91403.09172412584 | 92090.33301528469 | 92768.16004218109 | 93314.18736940315 | 93860.21469662525 | 94406.24202384736 | 94952.26935106945 | 95517.12520681645 | 95912.52430583932 | 96307.92340486222 | 96703.32250388512 | 97098.72160290802 | 97475.29217340601 | 97870.69127242891 | 98266.09037145179 | 98661.4894704747 | 99056.88856949758 | 99452.28766852048 | 99847.68676754338 | 100243.08586656628 | 100638.48496558917 | 101033.88406461205
 | Residencial (> 5m³ a 10m³) | 98197.77134874673 | 99107.11020811115 | 100016.44906747557 | 100925.78792684 | 101835.12678620445 | 102733.64018295739 | 103523.89895359552 | 104314.15772423365 | 105104.41649487177 | 105894.67526550991 | 106674.10857353656 | 107301.98540500249 | 107929.8622364684 | 108557.73906793431 | 109185.61589940022 | 109835.14365608909 | 110289.81308577131 | 110744.48251545354 | 111199.15194513575 | 111653.82137481797 | 112086.8398792772 | 112541.50930895942 | 112996.17873864164 | 113450.84816832385 | 113905.51759800606 | 114360.18702768827 | 114814.85645737048 | 115269.52588705272 | 115724.19531673493 | 116178.86474641715
 | Residencial (> 10m³ a 15m³) | 82071.36964985763 | 82831.37351388454 | 83591.37737791144 | 84351.38124193835 | 85111.38510596524 | 85862.34130494422 | 86522.82085344379 | 87183.30040194334 | 87843.77995044291 | 88504.2594989425 | 89155.69138239413 | 89680.45595517459 | 90205.2205279551 | 90729.98510073556 | 91254.74967351604 | 91797.6095763924 | 92177.61150840585 | 92557.61344041931 | 92937.61537243276 | 93317.6173044462 | 93679.52390636379 | 94059.52583837725 | 94439.52777039068 | 94819.52970240415 | 95199.53163441761 | 95579.53356643104 | 95959.5354984445 | 96339.53743045795 | 96719.5393624714 | 97099.54129448485
 | Residencial (> 15m³ a 20m³) | 58928.30812916478 | 59474.000763146694 | 60019.6933971286 | 60565.386031110495 | 61111.07866509239 | 61650.27495819357 | 62124.50784248736 | 62598.74072678115 | 63072.97361107494 | 63547.20649536875 | 64014.94303878181 | 64391.73080986455 | 64768.51858094729 | 65145.306352030035 | 65522.09412311278 | 65911.87457595699 | 66184.72089294795 | 66457.56720993889 | 66730.41352692984 | 67003.25984392081 | 67263.11347915028 | 67535.95979614122 | 67808.80611313217 | 68081.65243012314 | 68354.49874711409 | 68627.34506410503 | 68900.19138109598 | 69173.03769808695 | 69445.8840150779 | 69718.73033206884
 | Residencial (> 20m³ a 40m³) | 53657.48495440667 | 54154.368289890095 | 54651.25162537352 | 55148.13496085694 | 55645.01829634037 | 56135.98635402043 | 56567.801633666735 | 56999.616913313046 | 57431.43219295935 | 57863.24747260567 | 58289.1474744486 | 58632.2335870443 | 58975.31969964001 | 59318.405812235695 | 59661.491924831396 | 60016.40859303385 | 60264.85026077556 | 60513.291928517276 | 60761.733596258986 | 61010.175264000696 | 61246.78637613566 | 61495.22804387738 | 61743.66971161909 | 61992.11137936081 | 62240.55304710252 | 62488.99471484423 | 62737.43638258595 | 62985.87805032766 | 63234.319718069375 | 63482.761385811085
 | Residencial (>40m³) | 12918.162355745271 | 13037.788156415827 | 13157.41395708638 | 13277.039757756937 | 13396.665558427492 | 13514.8672424234 | 13618.827759672806 | 13722.788276922218 | 13826.748794171626 | 13930.709311421038 | 14033.245711995802 | 14115.844479125468 | 14198.44324625514 | 14281.042013384806 | 14363.640780514475 | 14449.087780993445 | 14508.90068132872 | 14568.713581663998 | 14628.526481999275 | 14688.339382334554 | 14745.304049320532 | 14805.11694965581 | 14864.929849991087 | 14924.742750326363 | 14984.555650661641 | 15044.368550996918 | 15104.181451332197 | 15163.994351667476 | 15223.80725200275 | 15283.620152338028
 | Comercial | 194439.6224032481 | 196240.18775236869 | 198040.7531014893 | 199841.31845060983 | 201641.88379973045 | 203421.0138470758 | 204985.79087666867 | 206550.56790626157 | 208115.34493585443 | 209680.12196544738 | 211223.46369326502 | 212466.71119622918 | 213709.95869919343 | 214953.20620215763 | 216196.45370512185 | 217482.57181163656 | 218382.85448619688 | 219283.13716075712 | 220183.41983531744 | 221083.70250987774 | 221941.11458088752 | 222841.39725544784 | 223741.6799300081 | 224641.96260456843 | 225542.2452791287 | 226442.52795368896 | 227342.81062824928 | 228243.0933028096 | 229143.3759773699 | 230043.6586519302
 | Industrial | 10387.810027615935 | 10484.004057195887 | 10580.198086775838 | 10676.39211635579 | 10772.58614593574 | 10867.635008496884 | 10951.232200869936 | 11034.82939324299 | 11118.426585616042 | 11202.023777989096 | 11284.475803343337 | 11350.895490434257 | 11417.315177525175 | 11483.734864616094 | 11550.154551707014 | 11618.86457283555 | 11666.961587625527 | 11715.058602415502 | 11763.155617205475 | 11811.252631995452 | 11857.05931274781 | 11905.156327537785 | 11953.253342327762 | 12001.350357117739 | 12049.447371907714 | 12097.544386697688 | 12145.641401487665 | 12193.73841627764 | 12241.835431067617 | 12289.932445857592
 | Pública | 94696.5272448504 | 95573.44360341808 | 96450.35996198577 | 97327.27632055343 | 98204.1926791211 | 99070.66955722966 | 99832.7516307468 | 100594.83370426396 | 101356.91577778109 | 102118.99785129828 | 102870.64044435628 | 103476.13031098634 | 104081.62017761641 | 104687.11004424647 | 105292.59991087652 | 105918.96873842487 | 106357.42691770873 | 106795.88509699257 | 107234.3432762764 | 107672.80145556026 | 108090.3806739258 | 108528.83885320964 | 108967.29703249347 | 109405.75521177732 | 109844.21339106117 | 110282.671570345 | 110721.12974962885 | 111159.5879289127 | 111598.04610819653 | 112036.50428748038
 | Lagoa Formosa | 4118535.0849261563 | 4136203.172249197 | 4153871.259572237 | 4171539.3468952775 | 4189207.434218319 | 4206667.6616905 | 4216852.794382606 | 4227037.92707471 | 4237223.059766816 | 4247408.192458922 | 4258009.044852746 | 4261958.382019073 | 4265907.7191854 | 4269857.056351726 | 4273806.393518054 | 4278171.450386099 | 4275677.132175786 | 4273182.813965476 | 4270688.495755163 | 4268194.177544853 | 4265699.859334541 | 4263205.541124228 | 4260711.222913917 | 4258216.904703606 | 4255722.586493295 | 4253228.2682829825 | 4250733.95007267 | 4248239.63186236 | 4245745.313652048 | 4243250.995441736
 | Social | 551028.4882041909 | 553392.3431298676 | 555756.198055544 | 558120.0529812208 | 560483.9079068975 | 562819.9527746248 | 564182.6456141326 | 565545.3384536402 | 566908.031293148 | 568270.7241326555 | 569689.0370880616 | 570217.4281890952 | 570745.8192901288 | 571274.2103911623 | 571802.601492196 | 572386.6127091278 | 572052.8920137382 | 571719.1713183486 | 571385.450622959 | 571051.7299275694 | 570718.0092321796 | 570384.2885367901 | 570050.5678414004 | 569716.8471460107 | 569383.1264506212 | 569049.4057552315 | 568715.6850598418 | 568381.9643644523 | 568048.2436690625 | 567714.5229736728
 | Residencial (Fixa) | 96185.12150992756 | 96597.745681137 | 97010.36985234644 | 97422.99402355589 | 97835.61819476534 | 98243.38796396056 | 98481.25366265775 | 98719.11936135495 | 98956.98506005215 | 99194.85075874937 | 99442.42526147501 | 99534.65889974537 | 99626.89253801572 | 99719.12617628607 | 99811.3598145564 | 99913.30225685521 | 99855.04943268446 | 99796.79660851372 | 99738.54378434298 | 99680.29096017225 | 99622.0381360015 | 99563.78531183074 | 99505.53248765999 | 99447.27966348926 | 99389.02683931851 | 99330.77401514778 | 99272.52119097703 | 99214.26836680628 | 99156.01554263552 | 99097.76271846479
 | Residencial (0 a 5 m³) | 420440.7024502403 | 422244.34935183875 | 424047.99625343713 | 425851.6431550355 | 427655.29005663394 | 429437.7175829194 | 430477.46697325254 | 431517.2163635858 | 432556.9657539189 | 433596.7151442522 | 434678.9032852112 | 435082.0714161567 | 435485.2395471022 | 435888.4076780478 | 436291.5758089933 | 436737.1826905646 | 436482.55018680956 | 436227.91768305446 | 435973.28517929936 | 435718.6526755444 | 435464.02017178934 | 435209.3876680343 | 434954.7551642792 | 434700.1226605241 | 434445.490156769 | 434190.85765301395 | 433936.225149259 | 433681.5926455038 | 433426.9601417487 | 433172.3276379937
 | Residencial (> 5m³ a 10m³) | 483464.76982531353 | 485538.7834235346 | 487612.7970217556 | 489686.8106199766 | 491760.82421819767 | 493810.4376564396 | 495006.0454954141 | 496201.65333438857 | 497397.26117336313 | 498592.8690123376 | 499837.2771712701 | 500300.8802108725 | 500764.48325047485 | 501228.0862900772 | 501691.68932967953 | 502204.09268924006 | 501911.2907694911 | 501618.48884974234 | 501325.6869299935 | 501032.88501024473 | 500740.0830904958 | 500447.281170747 | 500154.47925099806 | 499861.6773312493 | 499568.87541150034 | 499276.07349175157 | 498983.2715720026 | 498690.46965225384 | 498397.66773250495 | 498104.86581275624
 | Residencial (> 10m³ a 15m³) | 518418.14234046923 | 520642.1022727869 | 522866.0622051044 | 525090.022137422 | 527313.9820697396 | 529511.7777675592 | 530793.8252579541 | 532075.8727483489 | 533357.9202387437 | 534639.9677291384 | 535974.3436885291 | 536471.4641439882 | 536968.5845994474 | 537465.7050549067 | 537962.825510366 | 538512.2744348209 | 538198.3036208466 | 537884.3328068724 | 537570.3619928982 | 537256.3911789239 | 536942.4203649496 | 536628.4495509755 | 536314.4787370012 | 536000.5079230269 | 535686.5371090528 | 535372.5662950784 | 535058.5954811042 | 534744.6246671301 | 534430.6538531557 | 534116.6830391814
 | Residencial (> 15m³ a 20m³) | 372230.9516939002 | 373827.7837769719 | 375424.61586004356 | 377021.44794311514 | 378618.2800261869 | 380196.32584945764 | 381116.85257969896 | 382037.3793099402 | 382957.9060401816 | 383878.4327704228 | 384836.5320202658 | 385193.4709564818 | 385550.4098926979 | 385907.3488289139 | 386264.2877651299 | 386658.7992209476 | 386433.36410333746 | 386207.92898572737 | 385982.4938681172 | 385757.05875050713 | 385531.62363289704 | 385306.188515287 | 385080.7533976768 | 384855.31828006665 | 384629.8831624566 | 384404.4480448465 | 384179.01292723627 | 383953.57780962624 | 383728.1426920161 | 383502.707574406
 | Residencial (> 20m³ a 40m³) | 338936.87642111187 | 340390.8803827448 | 341844.8843443777 | 343298.88830601063 | 344752.8922676436 | 346189.7903003161 | 347027.9808193751 | 347866.171338434 | 348704.361857493 | 349542.55237655196 | 350414.9547535317 | 350739.96740377904 | 351064.9800540264 | 351389.9927042738 | 351715.0053545212 | 352074.2298626893 | 351868.9587151646 | 351663.68756764 | 351458.41642011533 | 351253.1452725907 | 351047.87412506604 | 350842.60297754145 | 350637.3318300168 | 350432.0606824921 | 350226.7895349675 | 350021.51838744286 | 349816.24723991816 | 349610.97609239357 | 349405.70494486886 | 349200.4337973442
 | Residencial (>40m³) | 81599.82902063901 | 81949.88380345693 | 82299.93858627486 | 82649.99336909279 | 83000.04815191073 | 83345.98464316607 | 83547.7809297317 | 83749.57721629732 | 83951.37350286295 | 84153.16978942856 | 84363.20265911933 | 84441.45019880804 | 84519.69773849675 | 84597.94527818545 | 84676.19281787418 | 84762.67694068802 | 84713.25744193725 | 84663.83794318649 | 84614.41844443572 | 84564.99894568496 | 84515.57944693419 | 84466.15994818343 | 84416.74044943266 | 84367.3209506819 | 84317.90145193113 | 84268.48195318037 | 84219.06245442959 | 84169.64295567884 | 84120.22345692806 | 84070.80395817729
 | Comercial | 178820.25198537656 | 179587.372275008 | 180354.49256463943 | 181121.61285427082 | 181888.73314390224 | 182646.82848894977 | 183089.0507735608 | 183531.27305817188 | 183973.4953427829 | 184415.71762739398 | 184875.98980117284 | 185047.46374826695 | 185218.93769536103 | 185390.4116424551 | 185561.8855895492 | 185751.40942581106 | 185643.11009080426 | 185534.8107557975 | 185426.5114207907 | 185318.21208578395 | 185209.91275077715 | 185101.61341577035 | 184993.31408076358 | 184885.01474575678 | 184776.71541074998 | 184668.41607574315 | 184560.11674073638 | 184451.81740572958 | 184343.51807072278 | 184235.218735716
 | Industrial | 0 | 0 | 0 | 0 | 0 | 0 | 0 | 0 | 0 | 0 | 0 | 0 | 0 | 0 | 0 | 0 | 0 | 0 | 0 | 0 | 0 | 0 | 0 | 0 | 0 | 0 | 0 | 0 | 0 | 0
 | Pública | 1077409.951474987 | 1082031.9281518506 | 1086653.904828714 | 1091275.8815055776 | 1095897.8581824412 | 1100465.4586631062 | 1103129.8922768275 | 1105794.3258905488 | 1108458.75950427 | 1111123.1931179916 | 1113896.3791241096 | 1114929.5268518792 | 1115962.6745796485 | 1116995.822307418 | 1118028.9700351877 | 1119170.870155354 | 1118518.355800973 | 1117865.8414465925 | 1117213.3270922117 | 1116560.8127378311 | 1115908.2983834504 | 1115255.7840290696 | 1114603.2696746888 | 1113950.755320308 | 1113298.2409659275 | 1112645.7266115465 | 1111993.2122571657 | 1111340.6979027851 | 1110688.1835484044 | 1110035.6691940236
 | Patos de Minas | 35685621.44280961 | 35877437.34839633 | 36069253.253983036 | 36261069.159569755 | 36452885.06515646 | 36644494.04959369 | 36836723.797479406 | 37028953.5453651 | 37221183.29325082 | 37413413.041136526 | 37605228.946723245 | 37734554.665160894 | 37863880.383598536 | 37993206.10203618 | 38122531.82047381 | 38251650.61776197 | 38329659.89112354 | 38407669.16448514 | 38485678.43784672 | 38563687.711208306 | 38641490.0634204 | 38719499.33678198 | 38797508.61014358 | 38875517.88350516 | 38953527.15686675 | 39031536.43022833 | 39109545.703589916 | 39187554.976951495 | 39265564.25031309 | 39343573.52367467
 | Social | 2404402.9035981065 | 2417326.9526044587 | 2430251.0016108104 | 2443175.0506171626 | 2456099.0996235143 | 2469009.2068294277 | 2481961.1394366566 | 2494913.072043885 | 2507865.0046511134 | 2520816.937258342 | 2533740.986264694 | 2542454.6115386635 | 2551168.2368126335 | 2559881.862086603 | 2568595.4873605724 | 2577295.170834104 | 2582551.2295993627 | 2587807.2883646213 | 2593063.34712988 | 2598319.405895138 | 2603561.5228599585 | 2608817.5816252166 | 2614073.6403904757 | 2619329.699155734 | 2624585.7579209926 | 2629841.8166862517 | 2635097.87545151 | 2640353.934216768 | 2645609.992982027 | 2650866.0517472853
 | Residencial (Fixa) | 781408.9353283402 | 785609.132957062 | 789809.3305857837 | 794009.5282145055 | 798209.7258432274 | 802405.392514421 | 806614.6520581994 | 810823.9116019778 | 815033.1711457563 | 819242.4306895348 | 823442.6283182566 | 826274.476773436 | 829106.325228615 | 831938.1736837942 | 834770.0221389736 | 837597.3396366246 | 839305.5106247886 | 841013.6816129527 | 842721.8526011169 | 844430.0235892808 | 846133.6636199168 | 847841.8346080808 | 849550.005596245 | 851258.1765844092 | 852966.3475725733 | 854674.5185607376 | 856382.6895489015 | 858090.8605370657 | 859799.0315252298 | 861507.2025133938
 | Residencial (0 a 5 m³) | 5174538.436464876 | 5202352.405678623 | 5230166.374892372 | 5257980.344106119 | 5285794.313319867 | 5313578.278251831 | 5341452.256029148 | 5369326.233806462 | 5397200.211583778 | 5425074.189361094 | 5452888.158574841 | 5471640.834689829 | 5490393.510804813 | 5509146.186919801 | 5527898.863034786 | 5546621.534867989 | 5557933.149100549 | 5569244.763333109 | 5580556.377565668 | 5591867.991798228 | 5603149.601749004 | 5614461.215981564 | 5625772.830214124 | 5637084.444446683 | 5648396.058679243 | 5659707.672911803 | 5671019.287144363 | 5682330.901376922 | 5693642.515609483 | 5704954.129842042
 | Residencial (> 5m³ a 10m³) | 7124278.963579315 | 7162573.099026596 | 7200867.234473875 | 7239161.369921157 | 7277455.505368438 | 7315708.331068741 | 7354085.086009976 | 7392461.84095121 | 7430838.595892444 | 7469215.350833677 | 7507509.486280957 | 7533328.078141315 | 7559146.67000167 | 7584965.261862026 | 7610783.853722383 | 7636561.135835763 | 7652134.9104459295 | 7667708.685056099 | 7683282.459666264 | 7698856.234276431 | 7714388.699139622 | 7729962.473749788 | 7745536.248359958 | 7761110.022970123 | 7776683.79758029 | 7792257.572190457 | 7807831.346800623 | 7823405.121410791 | 7838978.896020957 | 7854552.670631125
 | Residencial (> 10m³ a 15m³) | 5745047.287524672 | 5775927.832784648 | 5806808.378044623 | 5837688.923304599 | 5868569.468564575 | 5899416.701477991 | 5930363.871431085 | 5961311.041384177 | 5992258.211337269 | 6023205.381290362 | 6054085.926550338 | 6074906.143149567 | 6095726.359748796 | 6116546.576348023 | 6137366.792947251 | 6158153.697199921 | 6170712.451852576 | 6183271.206505232 | 6195829.961157884 | 6208388.715810539 | 6220914.158116635 | 6233472.912769289 | 6246031.667421944 | 6258590.422074599 | 6271149.176727254 | 6283707.931379908 | 6296266.6860325625 | 6308825.440685215 | 6321384.195337871 | 6333942.949990526
 | Residencial (> 15m³ a 20m³) | 3558629.3079312947 | 3577757.5079107243 | 3596885.7078901525 | 3616013.907869581 | 3635142.1078490107 | 3654249.673308505 | 3673419.1423278037 | 3692588.6113471016 | 3711758.080366399 | 3730927.549385697 | 3750055.7493651262 | 3762952.3243242884 | 3775848.89928345 | 3788745.474242612 | 3801642.0492017735 | 3814517.989641001 | 3822297.203656368 | 3830076.417671735 | 3837855.631687101 | 3845634.845702466 | 3853393.425197899 | 3861172.639213265 | 3868951.8532286324 | 3876731.0672439984 | 3884510.281259365 | 3892289.4952747314 | 3900068.7092900984 | 3907847.923305464 | 3915627.1373208305 | 3923406.3513361965
 | Residencial (> 20m³ a 40m³) | 3275292.483160347 | 3292897.7025265163 | 3310502.921892686 | 3328108.141258856 | 3345713.3606250263 | 3363299.588384544 | 3380942.7909640176 | 3398585.9935434903 | 3416229.1961229634 | 3433872.3987024366 | 3451477.6180686066 | 3463347.372225949 | 3475217.126383291 | 3487086.8805406326 | 3498956.634697975 | 3510807.3972486653 | 3517967.232956374 | 3525127.0686640833 | 3532286.904371792 | 3539446.7400795 | 3546587.5841805576 | 3553747.419888266 | 3560907.2555959756 | 3568067.091303684 | 3575226.9270113925 | 3582386.7627191017 | 3589546.5984268105 | 3596706.4341345183 | 3603866.269842228 | 3611026.105549936
 | Residencial (>40m³) | 397548.1199242966 | 399685.0044608258 | 401821.8889973549 | 403958.7735338842 | 406095.65807041334 | 408230.23744563025 | 410371.73230478406 | 412513.2271639379 | 414654.7220230918 | 416796.2168822455 | 418933.10141877475 | 420373.8272389805 | 421814.55305918626 | 423255.2788793921 | 424696.0046995977 | 426134.4253584912 | 427003.47117323935 | 427872.5169879875 | 428741.5628027356 | 429610.6086174836 | 430477.34927091945 | 431346.3950856676 | 432215.4409004157 | 433084.48671516386 | 433953.5325299119 | 434822.5783446601 | 435691.6241594082 | 436560.66997415625 | 437429.7157889044 | 438298.7616036525
 | Comercial | 5106670.3983055465 | 5134119.565992136 | 5161568.733678725 | 5189017.901365315 | 5216467.069051905 | 5243886.6259858655 | 5271395.015177713 | 5298903.404369558 | 5326411.7935614055 | 5353920.182753252 | 5381369.350439841 | 5399876.070832633 | 5418382.791225426 | 5436889.511618218 | 5455396.232011011 | 5473873.341651175 | 5485036.595392107 | 5496199.84913304 | 5507363.102873972 | 5518526.356614903 | 5529659.999603208 | 5540823.253344139 | 5551986.507085073 | 5563149.760826005 | 5574313.014566937 | 5585476.26830787 | 5596639.522048802 | 5607802.775789734 | 5618966.029530667 | 5630129.283271599
 | Industrial | 771646.8913777035 | 775794.6164635619 | 779942.3415494203 | 784090.0666352786 | 788237.7917211371 | 792381.042454152 | 796537.7162456972 | 800694.3900372423 | 804851.0638287875 | 809007.7376203327 | 813155.4627061911 | 815951.9332333341 | 818748.4037604769 | 821544.8742876197 | 824341.3448147626 | 827133.3409890621 | 828820.1720110348 | 830507.0030330074 | 832193.8340549801 | 833880.6650769525 | 835563.0217460818 | 837249.8527680543 | 838936.683790027 | 840623.5148119996 | 842310.3458339721 | 843997.1768559449 | 845684.0078779174 | 847370.8388998898 | 849057.6699218625 | 850744.5009438351
 | Pública | 1346157.715615118 | 1353393.5279911775 | 1360629.3403672369 | 1367865.1527432962 | 1375100.9651193558 | 1382328.9718725719 | 1389580.3954943186 | 1396831.819116065 | 1404083.242737812 | 1411334.6663595585 | 1418570.4787356178 | 1423448.9930128967 | 1428327.5072901752 | 1433206.0215674536 | 1438084.5358447318 | 1442955.244499167 | 1445897.9643112211 | 1448840.6841232758 | 1451783.4039353302 | 1454726.1237473844 | 1457661.037936595 | 1460603.7577486495 | 1463546.477560704 | 1466489.1973727583 | 1469431.9171848127 | 1472374.6369968671 | 1475317.3568089216 | 1478260.0766209757 | 1481202.7964330304 | 1484145.5162450846
 | Presidente Olegário | 1175244.7825329273 | 1172108.6647059508 | 1168972.546878974 | 1165836.4290519971 | 1162700.3112250206 | 1159441.208385221 | 1153968.3753146147 | 1148495.5422440083 | 1143022.7091734018 | 1137549.8761027954 | 1132015.5505257773 | 1124513.4647435981 | 1117011.378961418 | 1109509.2931792387 | 1102007.2073970588 | 1094382.1366020567 | 1086265.125755764 | 1078148.1149094712 | 1070031.1040631784 | 1061914.0932168858 | 1053920.0673834158 | 1045803.0565371232 | 1037686.0456908304 | 1029569.0348445377 | 1021452.0239982451 | 1013335.0131519523 | 1005218.0023056595 | 997100.9914593667 | 988983.980613074 | 980866.9697667815
 | Social | 169404.79596881007 | 168952.74256809795 | 168500.6891673859 | 168048.63576667377 | 167596.58236596172 | 167126.801380908 | 166337.92387770454 | 165549.0463745011 | 164760.16887129765 | 163971.29136809427 | 163173.55007271995 | 162092.1674278793 | 161010.78478303863 | 159929.40213819797 | 158848.01949335728 | 157748.909264175 | 156578.88869762607 | 155408.86813107715 | 154238.84756452823 | 153068.82699797934 | 151916.53401577205 | 150746.5134492231 | 149576.49288267424 | 148406.4723161253 | 147236.45174957637 | 146066.43118302745 | 144896.41061647853 | 143726.3900499296 | 142556.3694833807 | 141386.3489168318
 | Residencial (Fixa) | 75259.29472667276 | 75058.4667635574 | 74857.63880044207 | 74656.81083732675 | 74455.98287421139 | 74247.27930469938 | 73896.81482004713 | 73546.35033539489 | 73195.88585074262 | 72845.42136609036 | 72491.01907823977 | 72010.6070880423 | 71530.19509784484 | 71049.78310764737 | 70569.37111744989 | 70081.08352085574 | 69561.29349867486 | 69041.503476494 | 68521.71345431313 | 68001.92343213226 | 67490.00901634808 | 66970.21899416718 | 66450.42897198633 | 65930.63894980546 | 65410.84892762458 | 64891.05890544371 | 64371.26888326283 | 63851.478861081974 | 63331.688838901086 | 62811.898816720226
 | Residencial (0 a 5 m³) | 149964.18110801917 | 149564.00460966688 | 149163.82811131456 | 148763.6516129623 | 148363.47511460996 | 147947.60542024387 | 147249.2581976291 | 146550.91097501435 | 145852.56375239952 | 145154.21652978478 | 144448.02270916308 | 143490.73775232033 | 142533.4527954776 | 141576.16783863486 | 140618.88288179215 | 139645.90472893557 | 138610.15379202375 | 137574.40285511196 | 136538.65191820014 | 135502.90098128835 | 134482.84324039036 | 133447.09230347857 | 132411.34136656675 | 131375.59042965493 | 130339.83949274312 | 129304.0885558313 | 128268.33761891948 | 127232.58668200768 | 126196.83574509586 | 125161.08480818407
 | Residencial (> 5m³ a 10m³) | 172443.81402395468 | 171983.65106271452 | 171523.4881014744 | 171063.32514023423 | 170603.16217899407 | 170124.9536114308 | 169321.9241300509 | 168518.8946486711 | 167715.8651672912 | 166912.83568591138 | 166100.7834013699 | 165000.00141565816 | 163899.21942994645 | 162798.4374442347 | 161697.65545852302 | 160578.82786648814 | 159387.8178491607 | 158196.80783183323 | 157005.79781450582 | 155814.7877971784 | 154641.82338617407 | 153450.81336884663 | 152259.80335151922 | 151068.79333419175 | 149877.78331686434 | 148686.77329953687 | 147495.76328220943 | 146304.753264882 | 145113.74324755455 | 143922.73323022714
 | Residencial (> 10m³ a 15m³) | 135616.36271626563 | 135254.4730920228 | 134892.5834677799 | 134530.69384353704 | 134168.8042192942 | 133792.722845081 | 133161.18997140232 | 132529.6570977236 | 131898.12422404488 | 131266.59135036616 | 130627.96260170228 | 129762.2658535135 | 128896.56910532468 | 128030.87235713587 | 127165.17560894707 | 126285.28711078798 | 125348.63161274762 | 124411.97611470727 | 123475.32061666693 | 122538.6651186266 | 121616.20137055656 | 120679.5458725162 | 119742.89037447586 | 118806.23487643553 | 117869.57937839518 | 116932.92388035484 | 115996.26838231449 | 115059.61288427415 | 114122.9573862338 | 113186.30188819344
 | Residencial (> 15m³ a 20m³) | 97374.30779570935 | 97114.4663506706 | 96854.62490563179 | 96594.78346059303 | 96334.94201555423 | 96064.9107099257 | 95611.46191368155 | 95158.0131174374 | 94704.56432119326 | 94251.11552494911 | 93792.57179841008 | 93170.99030243496 | 92549.40880645983 | 91927.8273104847 | 91306.24581450959 | 90674.47445794471 | 90001.9436590208 | 89329.41286009691 | 88656.88206117302 | 87984.35126224911 | 87322.01032391496 | 86649.47952499107 | 85976.94872606714 | 85304.41792714325 | 84631.88712821934 | 83959.35632929545 | 83286.82553037154 | 82614.29473144763 | 81941.76393252373 | 81269.23313359983
 | Residencial (> 20m³ a 40m³) | 88664.69480239756 | 88428.09479010571 | 88191.49477781383 | 87954.89476552195 | 87718.29475323008 | 87472.41630908362 | 87059.52609155467 | 86646.63587402573 | 86233.74565649676 | 85820.8554389678 | 85403.32600551155 | 84837.34166238198 | 84271.35731925239 | 83705.37297612282 | 83139.38863299324 | 82564.12585800908 | 81951.74935560659 | 81339.37285320408 | 80726.9963508016 | 80114.61984839912 | 79511.5217778512 | 78899.1452754487 | 78286.7687730462 | 77674.39227064372 | 77062.01576824121 | 76449.63926583872 | 75837.26276343621 | 75224.88626103372 | 74612.50975863123 | 74000.13325622873
 | Residencial (>40m³) | 21346.228278370134 | 21289.266283696797 | 21232.304289023454 | 21175.342294350114 | 21118.38029967677 | 21059.18450129075 | 20959.78023607649 | 20860.375970862235 | 20760.97170564797 | 20661.56744043371 | 20561.04627336311 | 20424.78424688963 | 20288.52222041615 | 20152.260193942668 | 20015.99816746919 | 19877.50233728303 | 19730.07129224615 | 19582.640247209267 | 19435.209202172387 | 19287.77815713551 | 19142.58091581131 | 18995.14987077443 | 18847.71882573755 | 18700.287780700666 | 18552.856735663787 | 18405.425690626907 | 18257.994645590024 | 18110.563600553145 | 17963.132555516262 | 17815.701510479386
 | Comercial | 177580.06471633437 | 177106.1957700947 | 176632.32682385502 | 176158.4578776153 | 175684.5889313756 | 175192.1368892049 | 174365.18912027683 | 173538.24135134873 | 172711.29358242062 | 171884.34581349255 | 171048.10649659898 | 169914.5376448099 | 168780.96879302082 | 167647.39994123174 | 166513.83108944265 | 165361.67914172262 | 164135.1948102787 | 162908.71047883478 | 161682.22614739084 | 160455.741815947 | 159247.84058043401 | 158021.3562489901 | 156794.8719175462 | 155568.38758610227 | 154341.90325465836 | 153115.41892321446 | 151888.9345917705 | 150662.45026032662 | 149435.96592888268 | 148209.48159743877
 | Industrial | 9129.931363000827 | 9105.568318865571 | 9081.20527473031 | 9056.842230595053 | 9032.479186459796 | 9007.16072882904 | 8964.644828279277 | 8922.128927729513 | 8879.613027179748 | 8837.097126629986 | 8794.103519332471 | 8735.823296106955 | 8677.543072881435 | 8619.262849655917 | 8560.9826264304 | 8501.746989709382 | 8438.689699006361 | 8375.632408303343 | 8312.575117600323 | 8249.517826897305 | 8187.4159496897855 | 8124.358658986764 | 8061.301368283746 | 7998.2440775807245 | 7935.186786877708 | 7872.129496174687 | 7809.072205471665 | 7746.014914768648 | 7682.957624065628 | 7619.900333362609
 | Pública | 78461.10703339291 | 78251.73509645785 | 78042.36315952276 | 77832.9912225877 | 77623.61928565263 | 77406.03668452402 | 77040.66212791186 | 76675.28757129968 | 76309.9130146875 | 75944.53845807532 | 75575.05856936637 | 75074.20805356091 | 74573.35753775545 | 74072.50702194998 | 73571.65650614453 | 73062.59532614554 | 72520.69148937242 | 71978.7876525993 | 71436.88381582618 | 70894.97997905307 | 70361.28680647348 | 69819.38296970035 | 69277.47913292724 | 68735.57529615411 | 68193.67145938099 | 67651.76762260788 | 67109.86378583475 | 66567.95994906164 | 66026.05611228851 | 65484.1522755154
 | Rio Paranaíba | 2025606.8302264472 | 2043171.7894738647 | 2060736.7487212822 | 2078301.7079686997 | 2095866.667216117 | 2113169.4628926776 | 2127064.1321480977 | 2140958.8014035174 | 2154853.4706589375 | 2168748.139914357 | 2182773.890955206 | 2193915.8427166278 | 2205057.794478049 | 2216199.7462394703 | 2227341.698000892 | 2238614.731547742 | 2245824.2297463086 | 2253033.727944876 | 2260243.226143443 | 2267452.7243420095 | 2274793.3043260053 | 2282002.802524572 | 2289212.300723139 | 2296421.798921705 | 2303631.297120273 | 2310840.79531884 | 2318050.293517407 | 2325259.791715973 | 2332469.2899145405 | 2339678.788113108
 | Social | 273692.5873423285 | 276065.900401532 | 278439.2134607355 | 280812.526519939 | 283185.8395791426 | 285523.7300553729 | 287401.1269529518 | 289278.5238505307 | 291155.92074810964 | 293033.31764568854 | 294928.4258347541 | 296433.88561111444 | 297939.3453874749 | 299444.80516383535 | 300950.2649401958 | 302473.43600804283 | 303447.55703980546 | 304421.6780715681 | 305395.7991033307 | 306369.9201350933 | 307361.7524583426 | 308335.8734901052 | 309309.9945218679 | 310284.1155536305 | 311258.2365853932 | 312232.3576171559 | 313206.47864891845 | 314180.5996806811 | 315154.72071244376 | 316128.8417442064
 | Residencial (Fixa) | 61243.5319577356 | 61774.60251247168 | 62305.67306720776 | 62836.74362194383 | 63367.81417667991 | 63890.95830522589 | 64311.05889330069 | 64731.15948137549 | 65151.2600694503 | 65571.3606575251 | 65995.42445869496 | 66332.29757177382 | 66669.17068485268 | 67006.04379793152 | 67342.91691101037 | 67683.75323718427 | 67901.72995741178 | 68119.70667763926 | 68337.68339786676 | 68555.66011809424 | 68777.6000514168 | 68995.57677164428 | 69213.55349187177 | 69431.53021209927 | 69649.50693232675 | 69867.48365255426 | 70085.46037278176 | 70303.43709300923 | 70521.41381323674 | 70739.39053346423
 | Residencial (0 a 5 m³) | 267705.37056696904 | 270026.7657430496 | 272348.16091913026 | 274669.55609521084 | 276990.9512712915 | 279277.6987581768 | 281114.0262855242 | 282950.3538128716 | 284786.68134021893 | 286623.00886756624 | 288476.6602395113 | 289949.1870303087 | 291421.7138211061 | 292894.2406119035 | 294366.7674027009 | 295856.61803809594 | 296809.4294909648 | 297762.2409438338 | 298715.05239670264 | 299667.86384957156 | 300637.9991470381 | 301590.810599907 | 302543.622052776 | 303496.4335056448 | 304449.2449585137 | 305402.0564113827 | 306354.8678642516 | 307307.67931712046 | 308260.4907699894 | 309213.3022228583
 | Residencial (> 5m³ a 10m³) | 307834.4094848373 | 310503.78183136985 | 313173.1541779025 | 315842.5265244351 | 318511.8988709677 | 321141.42983919376 | 323253.022889436 | 325364.61593967816 | 327476.20898992044 | 329587.80204016255 | 331719.3157795581 | 333412.5743575825 | 335105.8329356069 | 336799.09151363134 | 338492.3500916557 | 340205.52935883333 | 341301.16726226086 | 342396.80516568845 | 343492.443069116 | 344588.0809725435 | 345703.6395651243 | 346799.2774685518 | 347894.91537197947 | 348990.553275407 | 350086.19117883453 | 351181.8290822621 | 352277.46698568965 | 353373.10488911724 | 354468.7427925448 | 355564.3806959723
 | Residencial (> 10m³ a 15m³) | 257202.2700190453 | 259432.58802736425 | 261662.90603568315 | 263893.22404400207 | 266123.54205232096 | 268320.5717321575 | 270084.85314172314 | 271849.13455128885 | 273613.4159608546 | 275377.69737042027 | 277158.62294422725 | 278573.376904728 | 279988.13086522877 | 281402.88482572953 | 282817.6387862304 | 284249.0369109723 | 285164.46594423754 | 286079.8949775028 | 286995.32401076803 | 287910.7530440332 | 288842.8262415396 | 289758.25527480483 | 290673.6843080701 | 291589.1133413353 | 292504.54237460054 | 293419.9714078658 | 294335.40044113103 | 295250.82947439625 | 296166.25850766146 | 297081.6875409267
 | Residencial (> 15m³ a 20m³) | 184674.56658595236 | 186275.96385007698 | 187877.36111420157 | 189478.75837832622 | 191080.15564245082 | 192657.65145487204 | 193924.4283951497 | 195191.20533542742 | 196457.98227570512 | 197724.75921598278 | 199003.48688211216 | 200019.29857950463 | 201035.1102768971 | 202050.92197428955 | 203066.73367168204 | 204094.49609492617 | 204751.78601676834 | 205409.07593861056 | 206066.36586045273 | 206723.65578229495 | 207392.89642998882 | 208050.186351831 | 208707.4762736732 | 209364.7661955154 | 210022.0561173576 | 210679.34603919982 | 211336.635961042 | 211993.92588288416 | 212651.21580472638 | 213308.50572656855
 | Residencial (> 20m³ a 40m³) | 168156.41060536518 | 169614.5714169305 | 171072.73222849582 | 172530.89304006117 | 173989.05385162646 | 175425.45106898932 | 176578.92156172008 | 177732.39205445087 | 178885.86254718166 | 180039.33303991242 | 181203.68532974448 | 182128.63808334933 | 183053.5908369542 | 183978.54359055904 | 184903.49634416393 | 185839.33089487 | 186437.82973543787 | 187036.32857600573 | 187634.8274165736 | 188233.32625714145 | 188842.70689481054 | 189441.20573537835 | 190039.70457594626 | 190638.2034165141 | 191236.70225708198 | 191835.20109764984 | 192433.6999382177 | 193032.19877878553 | 193630.69761935342 | 194229.19645992125
 | Residencial (>40m³) | 40484.04086038091 | 40835.096414337495 | 41186.15196829407 | 41537.207522250654 | 41888.26307620724 | 42234.07899503013 | 42511.779657115185 | 42789.480319200244 | 43067.18098128531 | 43344.881643370354 | 43625.20212302227 | 43847.88661620367 | 44070.571109385084 | 44293.255602566496 | 44515.94009574791 | 44741.24440649616 | 44885.33437267237 | 45029.42433884858 | 45173.51430502478 | 45317.604271200995 | 45464.314054944036 | 45608.40402112025 | 45752.49398729646 | 45896.58395347266 | 46040.67391964888 | 46184.763885825094 | 46328.853852001295 | 46472.943818177504 | 46617.03378435372 | 46761.12375052992
 | Comercial | 305631.03201525944 | 308281.2978723775 | 310931.56372949545 | 313581.82958661346 | 316232.09544373146 | 318842.80509402684 | 320939.28405562765 | 323035.7630172285 | 325132.2419788293 | 327228.7209404301 | 329344.9780054423 | 331026.1167954052 | 332707.25558536814 | 334388.39437533106 | 336069.533165294 | 337770.45005866827 | 338858.24574629124 | 339946.0414339144 | 341033.8371215375 | 342121.63280916045 | 343229.20660019486 | 344317.002287818 | 345404.79797544103 | 346492.5936630641 | 347580.38935068715 | 348668.18503831024 | 349755.98072593333 | 350843.77641355636 | 351931.5721011794 | 353019.36778880254
 | Industrial | 15715.768890316029 | 15852.047479023875 | 15988.326067731723 | 16124.60465643957 | 16260.883245147415 | 16395.127825068575 | 16502.93029076284 | 16610.73275645711 | 16718.535222151375 | 16826.337687845644 | 16935.157157933252 | 17021.602531367334 | 17108.047904801413 | 17194.493278235495 | 17280.938651669578 | 17368.401029497 | 17424.336271130815 | 17480.271512764637 | 17536.206754398452 | 17592.141996032267 | 17649.09424205943 | 17705.029483693244 | 17760.964725327067 | 17816.899966960882 | 17872.8352085947 | 17928.77045022852 | 17984.70569186234 | 18040.64093349615 | 18096.576175129972 | 18152.511416763788
 | Pública | 143266.84189825732 | 144509.17392533078 | 145751.5059524043 | 146993.83797947777 | 148236.17000655123 | 149459.95976456392 | 150442.7000247862 | 151425.44028500852 | 152408.18054523083 | 153390.92080545312 | 154382.93220020586 | 155170.97863528976 | 155959.0250703737 | 156747.0715054576 | 157535.11794054153 | 158332.43551015586 | 158842.3479093278 | 159352.26030849974 | 159862.1727076717 | 160372.08510684365 | 160891.26864054598 | 161401.18103971792 | 161911.09343888992 | 162421.00583806186 | 162930.91823723383 | 163440.83063640576 | 163950.7430355777 | 164460.65543474964 | 164970.5678339216 | 165480.48023309355
 | Serra do Salitre | 1638660.87474894 | 1653095.5511315395 | 1667530.2275141384 | 1681964.9038967378 | 1696399.5802793365 | 1711094.340921082 | 1723318.301100941 | 1735542.2612807993 | 1747766.2214606584 | 1759990.1816405167 | 1772084.0996908029 | 1780666.8802426187 | 1789249.6607944341 | 1797832.44134625 | 1806415.221898066 | 1815258.0867090274 | 1821500.10892853 | 1827742.1311480321 | 1833984.1533675345 | 1840226.175587037 | 1846728.2820656851 | 1852970.3042851877 | 1859212.3265046906 | 1865454.3487241927 | 1871696.3709436946 | 1877938.393163197 | 1884180.4153826993 | 1890422.4376022017 | 1896664.4598217038 | 1902906.4820412057
 | Social | 312542.56065034406 | 315295.6932772934 | 318048.8259042427 | 320801.958531192 | 323555.09115814127 | 326357.82977836893 | 328689.31146245217 | 331020.79314653535 | 333352.2748306185 | 335683.7565147017 | 337990.4352021457 | 339627.43298033177 | 341264.4307585179 | 342901.428536704 | 344538.42631489004 | 346225.03008635447 | 347415.5739250353 | 348606.117763716 | 349796.6616023968 | 350987.2054410776 | 352227.35527303675 | 353417.89911171753 | 354608.44295039837 | 355798.98678907915 | 356989.5306277598 | 358180.07446644065 | 359370.61830512143 | 360561.16214380227 | 361751.70598248305 | 362942.2498211637
 | Residencial (Fixa) | 40016.48059815748 | 40368.978760715654 | 40721.47692327382 | 41073.97508583199 | 41426.47324839016 | 41785.32272919262 | 42083.83468667431 | 42382.346644156 | 42680.858601637694 | 42979.37055911939 | 43274.70685747894 | 43484.300359540546 | 43693.893861602155 | 43903.48736366377 | 44113.08086572538 | 44329.025686031295 | 44481.45732389428 | 44633.88896175727 | 44786.32059962027 | 44938.75223748326 | 45097.535193590535 | 45249.96683145354 | 45402.398469316526 | 45554.83010717952 | 45707.2617450425 | 45859.693382905505 | 46012.12502076849 | 46164.55665863149 | 46316.988296494485 | 46469.419934357466
 | Residencial (0 a 5 m³) | 174918.50036847155 | 176459.3267743838 | 178000.15318029607 | 179540.9795862083 | 181081.80599212056 | 182650.3950359772 | 183955.23901936237 | 185260.08300274747 | 186564.9269861327 | 187869.77096951782 | 189160.73363393077 | 190076.90068609483 | 190993.06773825883 | 191909.23479042292 | 192825.401842587 | 193769.33153269536 | 194435.63484336014 | 195101.9381540249 | 195768.2414646896 | 196434.5447753544 | 197128.61072396353 | 197794.9140346283 | 198461.21734529306 | 199127.52065595784 | 199793.82396662259 | 200460.1272772873 | 201126.4305879521 | 201792.73389861683 | 202459.03720928164 | 203125.34051994636
 | Residencial (> 5m³ a 10m³) | 201138.78610228206 | 202910.58240871437 | 204682.37871514665 | 206454.17502157897 | 208225.97132801125 | 210029.6918922171 | 211530.13200757417 | 213030.57212293122 | 214531.01223828833 | 216031.45235364538 | 217515.9303401157 | 218569.430846643 | 219622.93135317028 | 220676.43185969762 | 221729.93236622494 | 222815.35713052578 | 223581.53931709114 | 224347.7215036564 | 225113.90369022175 | 225880.08587678705 | 226678.19232112594 | 227444.37450769125 | 228210.55669425658 | 228976.73888082188 | 229742.92106738716 | 230509.1032539525 | 231275.2854405178 | 232041.46762708313 | 232807.64981364843 | 233573.83200021373
 | Residencial (> 10m³ a 15m³) | 183662.00157809796 | 185279.84795339903 | 186897.6943287001 | 188515.54070400118 | 190133.38707930222 | 191780.38383974388 | 193150.4519413502 | 194520.52004295652 | 195890.58814456285 | 197260.65624616915 | 198616.1491552052 | 199578.1118648437 | 200540.0745744821 | 201502.03728412063 | 202463.9999937591 | 203455.11308853814 | 204154.7223319116 | 204854.33157528503 | 205553.94081865845 | 206253.5500620319 | 206982.3096905459 | 207681.91893391934 | 208381.5281772928 | 209081.13742066623 | 209780.74666403965 | 210480.3559074131 | 211179.9651507865 | 211879.57439416 | 212579.18363753342 | 213278.7928809068
 | Residencial (> 15m³ a 20m³) | 131871.6997996643 | 133033.33448562276 | 134194.96917158127 | 135356.60385753974 | 136518.23854349818 | 137700.80358415862 | 138684.5302551505 | 139668.25692614235 | 140651.9835971342 | 141635.71026812607 | 142608.97176176697 | 143299.67346693145 | 143990.37517209593 | 144681.07687726046 | 145371.77858242494 | 146083.41064229142 | 146585.73915513832 | 147088.06766798522 | 147590.39618083212 | 148092.72469367902 | 148615.9835612279 | 149118.3120740748 | 149620.6405869217 | 150122.9690997686 | 150625.2976126155 | 151127.6261254624 | 151629.9546383093 | 152132.28315115627 | 152634.61166400317 | 153136.94017685004
 | Residencial (> 20m³ a 40m³) | 120076.47890387195 | 121134.21155670346 | 122191.94420953495 | 123249.67686236647 | 124307.40951519794 | 125384.20041402642 | 126279.93797588375 | 127175.67553774104 | 128071.41309959836 | 128967.15066145566 | 129853.3591003145 | 130482.28121821431 | 131111.20333611412 | 131740.12545401393 | 132369.04757191375 | 133017.02793581053 | 133474.42583973767 | 133931.8237436648 | 134389.2216475919 | 134846.61955151905 | 135323.0757014432 | 135780.47360537032 | 136237.87150929746 | 136695.2694132246 | 137152.6673171517 | 137610.06522107884 | 138067.46312500598 | 138524.86102893314 | 138982.25893286028 | 139439.65683678738
 | Residencial (>40m³) | 28908.68722051515 | 29163.338778445242 | 29417.990336375344 | 29672.64189430544 | 29927.29345223554 | 30186.53332652474 | 30402.184195402482 | 30617.83506428022 | 30833.485933157965 | 31049.136802035704 | 31262.493512733898 | 31413.907952584228 | 31565.32239243456 | 31716.736832284885 | 31868.151272135216 | 32024.15402834465 | 32134.27362096307 | 32244.393213581487 | 32354.51280619991 | 32464.632398818332 | 32579.340307795854 | 32689.459900414273 | 32799.579493032696 | 32909.69908565112 | 33019.818678269534 | 33129.93827088796 | 33240.05786350638 | 33350.17745612481 | 33460.297048743225 | 33570.41664136164
 | Comercial | 301624.5680160606 | 304281.5259598574 | 306938.48390365415 | 309595.44184745086 | 312252.39979124756 | 314957.2308511488 | 317207.2673080577 | 319457.30376496667 | 321707.34022187564 | 323957.3766787846 | 326183.4765776413 | 327763.289409088 | 329343.10224053473 | 330922.91507198144 | 332502.7279034282 | 334130.4138509793 | 335279.36863748607 | 336428.32342399267 | 337577.27821049944 | 338726.2329970061 | 339923.06089961727 | 341072.015686124 | 342220.9704726307 | 343369.9252591374 | 344518.88004564407 | 345667.8348321508 | 346816.78961865744 | 347965.74440516415 | 349114.69919167086 | 350263.6539781775
 | Industrial | 16838.264719343188 | 16986.59004144835 | 17134.915363553508 | 17283.240685658664 | 17431.56600776382 | 17582.5638581952 | 17708.172689527495 | 17833.78152085979 | 17959.390352192087 | 18084.999183524385 | 18209.27175069357 | 18297.465185458797 | 18385.658620224025 | 18473.852054989256 | 18562.045489754484 | 18652.911452845932 | 18717.05213267519 | 18781.192812504447 | 18845.333492333702 | 18909.47417216296 | 18976.287380318437 | 19040.428060147697 | 19104.568739976956 | 19168.709419806215 | 19232.85009963547 | 19296.990779464726 | 19361.131459293985 | 19425.272139123244 | 19489.4128189525 | 19553.553498781755
 | Pública | 127062.84679213176 | 128182.1211349559 | 129301.39547778001 | 130420.66982060412 | 131539.9441634282 | 132679.38561152844 | 133627.2395595056 | 134575.0935074828 | 135522.94745545997 | 136470.80140343713 | 137408.57179877625 | 138074.0862728879 | 138739.60074699952 | 139405.11522111116 | 140070.6296952228 | 140756.31127461055 | 141240.32180123718 | 141724.3323278638 | 142208.34285449047 | 142692.3533811171 | 143196.53101301988 | 143680.5415396465 | 144164.55206627317 | 144648.5625928998 | 145132.5731195264 | 145616.5836461531 | 146100.5941727797 | 146584.6046994064 | 147068.61522603303 | 147552.62575265963
 | TOTAL DE RECEITAS DA TARIFA DE REMUNERAÇÃO | 51715006.65991614 | 51963422.328385524 | 52211837.9968549 | 52460253.665324286 | 52708669.33379366 | 52957039.343395494 | 53177177.20567262 | 53397315.06794972 | 53617452.93022685 | 53837590.79250395 | 54057679.117923476 | 54190009.111614235 | 54322339.105304986 | 54454669.098995715 | 54586999.09268645 | 54720053.64142413 | 54778861.03340027 | 54837668.42537643 | 54896475.81735258 | 54955283.20932873 | 55013923.19384649 | 55072730.58582264 | 55131537.977798805 | 55190345.36977496 | 55249152.761751115 | 55307960.15372726 | 55366767.54570341 | 55425574.93767957 | 55484382.32965573 | 55543189.72163187
 | Número Estimado de Consumo por Categoria por ano
 | Categorias | 1 | 2 | 3 | 4 | 5 | 6 | 7 | 8 | 9 | 10 | 11 | 12 | 13 | 14 | 15 | 16 | 17 | 18 | 19 | 20 | 21 | 22 | 23 | 24 | 25 | 26 | 27 | 28 | 29 | 30
 | Arapuá | 194489.76054732042 | 193385.54161915625 | 192281.32269099206 | 191177.1037628279 | 190072.88483466368 | 188968.66590649946 | 187569.9885974915 | 186171.3112884835 | 184772.63397947553 | 183373.9566704675 | 182122.50855188142 | 180502.9874572406 | 178883.46636259978 | 177263.945267959 | 175644.42417331817 | 174098.5176738883 | 172405.38198403653 | 170712.2462941847 | 169019.11060433296 | 167325.97491448122 | 165485.61003420755 | 163792.47434435578 | 162099.338654504 | 160406.20296465224 | 158713.06727480047 | 157019.9315849487 | 155326.79589509693 | 153633.66020524516 | 151940.52451539342 | 150247.38882554165
 | Residencial Social | 53317.611893730624 | 53014.90024406903 | 52712.18859440742 | 52409.476944745824 | 52106.76529508421 | 51804.05364542261 | 51420.618889184574 | 51037.184132946546 | 50653.74937670851 | 50270.314620470475 | 49927.24141752066 | 49483.26433135031 | 49039.28724517995 | 48595.3101590096 | 48151.33307283924 | 47727.53676331299 | 47263.37890049854 | 46799.221037684074 | 46335.06317486961 | 45870.905312055154 | 45366.38589595248 | 44902.228033138024 | 44438.07017032356 | 43973.9123075091 | 43509.75444469464 | 43045.59658188018 | 42581.438719065714 | 42117.28085625126 | 41653.1229934368 | 41188.96513062234
 | Residencial (Fixa) | 0 | 0 | 0 | 0 | 0 | 0 | 0 | 0 | 0 | 0 | 0 | 0 | 0 | 0 | 0 | 0 | 0 | 0 | 0 | 0 | 0 | 0 | 0 | 0 | 0 | 0 | 0 | 0 | 0 | 0
 | Residencial (0 a 5 m³) | 11545.566244114916 | 11480.01609511351 | 11414.465946112097 | 11348.91579711069 | 11283.36564810928 | 11217.81549910787 | 11134.78531037275 | 11051.755121637634 | 10968.724932902514 | 10885.694744167395 | 10811.404575299131 | 10715.264356763731 | 10619.12413822833 | 10522.98391969293 | 10426.843701157528 | 10335.073492555555 | 10234.563264086728 | 10134.0530356179 | 10033.542807149071 | 9933.032578680244 | 9823.782330344562 | 9723.272101875735 | 9622.761873406907 | 9522.251644938078 | 9421.74141646925 | 9321.231188000424 | 9220.720959531594 | 9120.210731062767 | 9019.700502593942 | 8919.190274125112
 | Residencial (> 5m³ a 10m³) | 32703.815338541805 | 32518.138869927836 | 32332.462401313853 | 32146.78593269988 | 31961.1094640859 | 31775.432995471925 | 31540.24280189422 | 31305.052608316517 | 31069.86241473881 | 30834.672221161105 | 30624.23889006527 | 30351.913402764767 | 30079.587915464264 | 29807.26242816377 | 29534.936940863266 | 29274.9898848037 | 28990.28596626227 | 28705.582047720836 | 28420.878129179404 | 28136.17421063797 | 27826.71342961468 | 27542.00951107325 | 27257.30559253182 | 26972.601673990386 | 26687.897755448954 | 26403.19383690752 | 26118.489918366093 | 25833.78599982466 | 25549.08208128323 | 25264.3781627418
 | Residencial (> 10m³ a 15m³) | 37693.54793669537 | 37479.54217626751 | 37265.53641583964 | 37051.53065541178 | 36837.5248949839 | 36623.51913455603 | 36352.4451713474 | 36081.371208138764 | 35810.29724493013 | 35539.22328172149 | 35296.683419903246 | 34982.80830460903 | 34668.93318931482 | 34355.05807402062 | 34041.18295872641 | 33741.57489412739 | 33413.43272813799 | 33085.29056214859 | 32757.14839615919 | 32429.00623016979 | 32072.329962790012 | 31744.187796800612 | 31416.04563081121 | 31087.90346482181 | 30759.76129883241 | 30431.619132843014 | 30103.476966853614 | 29775.334800864213 | 29447.192634874817 | 29119.05046888542
 | Residencial (> 15m³ a 20m³) | 27064.45642093512 | 26910.797508628526 | 26757.138596321925 | 26603.479684015336 | 26449.820771708735 | 26296.161859402142 | 26101.52723714712 | 25906.8926148921 | 25712.257992637074 | 25517.62337038205 | 25343.476603101244 | 25118.110198384904 | 24892.74379366856 | 24667.377388952224 | 24442.01098423588 | 24226.888507006646 | 23991.2781748032 | 23755.66784259975 | 23520.057510396302 | 23284.447178192855 | 23028.3489910152 | 22792.73865881175 | 22557.1283266083 | 22321.517994404854 | 22085.907662201407 | 21850.29732999796 | 21614.686997794513 | 21379.076665591063 | 21143.46633338762 | 20907.856001184173
 | Residencial (> 20m³ a 40m³) | 24643.685001483915 | 24503.77006014317 | 24363.855118802418 | 24223.940177461674 | 24084.025236120924 | 23944.110294780174 | 23766.884702415224 | 23589.659110050277 | 23412.433517685327 | 23235.207925320377 | 23076.63765846753 | 22871.42907783443 | 22666.22049720133 | 22461.011916568234 | 22255.803335935136 | 22059.922418058086 | 21845.386174668936 | 21630.84993127979 | 21416.31368789064 | 21201.77744450149 | 20968.585875600245 | 20754.049632211096 | 20539.51338882195 | 20324.9771454328 | 20110.44090204365 | 19895.9046586545 | 19681.368415265355 | 19466.832171876205 | 19252.29592848706 | 19037.75968509791
 | Residencial (>40m³) | 5933.023587734688 | 5899.338745260798 | 5865.653902786906 | 5831.969060313016 | 5798.284217839124 | 5764.599375365233 | 5721.931908231637 | 5679.264441098042 | 5636.596973964446 | 5593.92950683085 | 5555.753352027108 | 5506.348916398734 | 5456.94448077036 | 5407.540045141987 | 5358.1356095136125 | 5310.9768300501655 | 5259.326738256866 | 5207.676646463566 | 5156.026554670267 | 5104.376462876967 | 5048.235058753815 | 4996.584966960515 | 4944.934875167216 | 4893.284783373916 | 4841.634691580616 | 4789.984599787316 | 4738.334507994016 | 4686.684416200716 | 4635.034324407417 | 4583.384232614118
 | Comercial | 1588.054124083985 | 1579.0379197458856 | 1570.0217154077855 | 1561.005511069686 | 1551.9893067315859 | 1542.973102393486 | 1531.5525768985594 | 1520.132051403633 | 1508.7115259087066 | 1497.29100041378 | 1487.0726354972671 | 1473.8488691347206 | 1460.625102772174 | 1447.4013364096277 | 1434.1775700470812 | 1421.5548839737414 | 1407.7300373219884 | 1393.9051906702352 | 1380.0803440184823 | 1366.255497366729 | 1351.2284901365629 | 1337.4036434848097 | 1323.5787968330567 | 1309.7539501813035 | 1295.9291035295503 | 1282.1042568777973 | 1268.279410226044 | 1254.4545635742911 | 1240.6297169225381 | 1226.8048702707852
 | Industrial | 0 | 0 | 0 | 0 | 0 | 0 | 0 | 0 | 0 | 0 | 0 | 0 | 0 | 0 | 0 | 0 | 0 | 0 | 0 | 0 | 0 | 0 | 0 | 0 | 0 | 0 | 0 | 0 | 0 | 0
 | Pública | 0 | 0 | 0 | 0 | 0 | 0 | 0 | 0 | 0 | 0 | 0 | 0 | 0 | 0 | 0 | 0 | 0 | 0 | 0 | 0 | 0 | 0 | 0 | 0 | 0 | 0 | 0 | 0 | 0 | 0
 | Coromandel | 1564530.8887629155 | 1565411.4683255225 | 1566292.0478881288 | 1567172.6274507353 | 1568053.207013342 | 1569037.3841715495 | 1566706.438270532 | 1564375.4923695142 | 1562044.546468497 | 1559713.6005674799 | 1557382.654666462 | 1552876.159257828 | 1548369.6638491948 | 1543863.1684405613 | 1539356.6730319269 | 1534746.580027693 | 1528271.7303026442 | 1521796.880577596 | 1515322.030852547 | 1508847.181127499 | 1502424.130200251 | 1495949.280475202 | 1489474.4307501537 | 1482999.581025105 | 1476524.7313000567 | 1470049.8815750082 | 1463575.0318499596 | 1457100.1821249116 | 1450625.3323998626 | 1444150.4826748148
 | Residencial Social | 554883.5553052138 | 555195.8656098155 | 555508.1759144171 | 555820.4862190187 | 556132.7965236205 | 556481.8492169988 | 555655.1454695237 | 554828.4417220488 | 554001.7379745737 | 553175.0342270988 | 552348.3304796239 | 550750.0365678387 | 549151.7426560539 | 547553.448744269 | 545955.1548324839 | 544320.1185319222 | 542023.7192333806 | 539727.3199348389 | 537430.9206362973 | 535134.5213377557 | 532856.4932336025 | 530560.0939350607 | 528263.6946365192 | 525967.2953379775 | 523670.89603943576 | 521374.49674089416 | 519078.0974423525 | 516781.69814381097 | 514485.2988452692 | 512188.89954672765
 | Residencial (Fixa) | 0 | 0 | 0 | 0 | 0 | 0 | 0 | 0 | 0 | 0 | 0 | 0 | 0 | 0 | 0 | 0 | 0 | 0 | 0 | 0 | 0 | 0 | 0 | 0 | 0 | 0 | 0 | 0 | 0 | 0
 | Residencial (0 a 5 m³) | 62266.474178002 | 62301.52020041711 | 62336.56622283221 | 62371.61224524732 | 62406.65826766244 | 62445.82735153815 | 62353.058468674615 | 62260.289585811086 | 62167.52070294756 | 62074.75182008403 | 61981.9829372205 | 61802.62976368433 | 61623.276590148176 | 61443.92341661202 | 61264.570243075854 | 61081.094008079104 | 60823.40266679151 | 60565.71132550392 | 60308.019984216335 | 60050.32864292876 | 59794.698832371476 | 59537.00749108388 | 59279.3161497963 | 59021.62480850871 | 58763.93346722112 | 58506.24212593354 | 58248.55078464595 | 57990.85944335837 | 57733.16810207078 | 57475.4767607832
 | Residencial (> 5m³ a 10m³) | 238215.25018952246 | 238349.32710824916 | 238483.40402697588 | 238617.48094570258 | 238751.55786442934 | 238901.40853830037 | 238546.49904755314 | 238191.58955680596 | 237836.68006605876 | 237481.77057531156 | 237126.86108456436 | 236440.7027357864 | 235754.5443870085 | 235068.3860382306 | 234382.22768945264 | 233680.29558553043 | 232694.4358890104 | 231708.5761924904 | 230722.71649597038 | 229736.8567994504 | 228758.88398050255 | 227773.02428398252 | 226787.16458746252 | 225801.30489094253 | 224815.44519442247 | 223829.5854979025 | 222843.72580138248 | 221857.8661048625 | 220872.00640834245 | 219886.14671182248
 | Residencial (> 10m³ a 15m³) | 240410.7327322277 | 240546.0453549415 | 240681.3579776553 | 240816.6706003691 | 240951.98322308293 | 241103.21497788074 | 240745.0345059912 | 240386.8540341017 | 240028.67356221224 | 239670.49309032274 | 239312.31261843327 | 238619.8303727802 | 237927.3481271272 | 237234.86588147422 | 236542.38363582117 | 235833.9822580842 | 234839.0365028356 | 233844.090747587 | 232849.1449923384 | 231854.19923708984 | 230867.21304788324 | 229872.2672926346 | 228877.32153738604 | 227882.37578213745 | 226887.43002688882 | 225892.48427164025 | 224897.53851639165 | 223902.59276114308 | 222907.64700589445 | 221912.70125064589
 | Residencial (> 15m³ a 20m³) | 148916.5600603368 | 149000.37616154941 | 149084.19226276202 | 149168.00836397463 | 149251.82446518724 | 149345.50128418958 | 149123.63513392088 | 148901.7689836522 | 148679.90283338353 | 148458.03668311486 | 148236.17053284618 | 147807.22930899338 | 147378.2880851406 | 146949.34686128786 | 146520.40563743506 | 146081.60369579258 | 145465.30883393515 | 144849.0139720777 | 144232.71911022026 | 143616.42424836283 | 143005.05974540024 | 142388.76488354278 | 141772.47002168538 | 141156.17515982792 | 140539.88029797046 | 139923.58543611303 | 139307.2905742556 | 138690.99571239817 | 138074.7008505407 | 137458.40598868328
 | Residencial (> 20m³ a 40m³) | 137059.87546852804 | 137137.01816098482 | 137214.16085344163 | 137291.3035458984 | 137368.44623835522 | 137454.66454168927 | 137250.4632969507 | 137046.26205221214 | 136842.06080747358 | 136637.859562735 | 136433.65831799642 | 136038.8692448352 | 135644.08017167394 | 135249.29109851274 | 134854.50202535148 | 134450.63734131298 | 133883.41166148364 | 133316.18598165427 | 132748.9603018249 | 132181.73462199557 | 131619.04674760482 | 131051.82106777545 | 130484.5953879461 | 129917.36970811673 | 129350.14402828735 | 128782.91834845801 | 128215.69266862865 | 127648.46698879931 | 127081.24130896993 | 126514.01562914057
 | Residencial (>40m³) | 16636.039709344033 | 16645.40312727076 | 16654.766545197486 | 16664.12996312421 | 16673.49338105094 | 16683.958377557283 | 16659.172859515944 | 16634.38734147461 | 16609.601823433277 | 16584.81630539194 | 16560.030787350606 | 16512.112119137357 | 16464.19345092411 | 16416.274782710865 | 16368.356114497616 | 16319.335867704754 | 16250.487206478823 | 16181.638545252892 | 16112.78988402696 | 16043.941222801033 | 15975.64335086491 | 15906.794689638977 | 15837.94602841305 | 15769.097367187118 | 15700.248705961185 | 15631.400044735256 | 15562.551383509324 | 15493.702722283397 | 15424.854061057464 | 15356.005399831534
 | Comercial | 111103.15634350956 | 111165.68957281162 | 111228.22280211368 | 111290.75603141575 | 111353.28926071784 | 111423.17934052603 | 111257.65020413819 | 111092.12106775035 | 110926.59193136253 | 110761.06279497471 | 110595.5336585869 | 110275.51066157041 | 109955.48766455395 | 109635.4646675375 | 109315.44167052102 | 108988.06182299844 | 108528.25866636558 | 108068.45550973272 | 107608.65235309987 | 107148.84919646702 | 106692.72446508725 | 106232.92130845437 | 105773.11815182153 | 105313.31499518867 | 104853.5118385558 | 104393.70868192296 | 103933.9055252901 | 103474.10236865727 | 103014.2992120244 | 102554.49605539156
 | Industrial | 20054.192910488557 | 20065.480199572063 | 20076.767488655572 | 20088.05477773908 | 20099.34206682259 | 20111.957272268864 | 20082.079154106636 | 20052.201035944407 | 20022.322917782178 | 19992.44479961995 | 19962.56668145772 | 19904.802319677405 | 19847.037957897093 | 19789.273596116785 | 19731.509234336474 | 19672.4169561934 | 19589.42218352054 | 19506.42741084768 | 19423.432638174818 | 19340.43786550196 | 19258.107051010484 | 19175.11227833762 | 19092.11750566476 | 19009.1227329919 | 18926.127960319038 | 18843.133187646177 | 18760.138414973317 | 18677.14364230046 | 18594.148869627596 | 18511.15409695474
 | Pública | 34985.051865742804 | 35004.742829910385 | 35024.433794077966 | 35044.12475824554 | 35063.81572241313 | 35085.82327060043 | 35033.70013015682 | 34981.57698971323 | 34929.45384926963 | 34877.33070882603 | 34825.20756838244 | 34724.43616352481 | 34623.66475866719 | 34522.89335380957 | 34422.12194895194 | 34319.03396007461 | 34174.247458842394 | 34029.46095761018 | 33884.67445637796 | 33739.88795514575 | 33596.259745923395 | 33451.473244691166 | 33306.68674345896 | 33161.900242226744 | 33017.11374099452 | 32872.32723976231 | 32727.54073853009 | 32582.75423729788 | 32437.967736065657 | 32293.181234833446
 | Cruzeiro da Fortaleza | 202006.28390578512 | 202227.90352608764 | 202449.52314639022 | 202671.1427666928 | 202892.7623869953 | 203225.19181744914 | 203169.78691237356 | 203114.38200729786 | 203058.97710222227 | 203003.5721971466 | 202837.35748191967 | 202394.1182413145 | 201950.87900070942 | 201507.6397601043 | 201064.40051949918 | 200676.56618396967 | 200011.70732306206 | 199346.84846215433 | 198681.98960124663 | 198017.13074033894 | 197352.2718794313 | 196687.41301852357 | 196022.55415761587 | 195357.6952967082 | 194692.83643580056 | 194027.97757489287 | 193363.11871398514 | 192698.2598530775 | 192033.4009921698 | 191368.54213126213
 | Residencial Social | 130429.41815483833 | 130572.51131792646 | 130715.60448101461 | 130858.69764410277 | 131001.79080719089 | 131216.43055182308 | 131180.65726105106 | 131144.883970279 | 131109.110679507 | 131073.33738873497 | 130966.01751641885 | 130679.83119024258 | 130393.6448640663 | 130107.45853789002 | 129821.27221171375 | 129570.8591763095 | 129141.57968704509 | 128712.30019778066 | 128283.02070851625 | 127853.74121925182 | 127424.46172998742 | 126995.182240723 | 126565.90275145858 | 126136.62326219417 | 125707.34377292974 | 125278.06428366534 | 124848.78479440091 | 124419.50530513651 | 123990.2258158721 | 123560.94632660768
 | Residencial (Fixa) | 0 | 0 | 0 | 0 | 0 | 0 | 0 | 0 | 0 | 0 | 0 | 0 | 0 | 0 | 0 | 0 | 0 | 0 | 0 | 0 | 0 | 0 | 0 | 0 | 0 | 0 | 0 | 0 | 0 | 0
 | Residencial (0 a 5 m³) | 4182.701804637506 | 4187.290616271775 | 4191.879427906047 | 4196.468239540317 | 4201.057051174587 | 4207.940268625993 | 4206.793065717426 | 4205.645862808858 | 4204.4986599002905 | 4203.351456991722 | 4199.90984826602 | 4190.732224997479 | 4181.554601728938 | 4172.376978460397 | 4163.199355191857 | 4155.168934831883 | 4141.402499929071 | 4127.63606502626 | 4113.8696301234495 | 4100.103195220638 | 4086.3367603178267 | 4072.570325415015 | 4058.8038905122035 | 4045.0374556093925 | 4031.2710207065807 | 4017.5045858037697 | 4003.7381509009583 | 3989.9717159981474 | 3976.2052810953355 | 3962.4388461925246
 | Residencial (> 5m³ a 10m³) | 11847.86475975366 | 11860.862965743514 | 11873.861171733372 | 11886.859377723229 | 11899.857583713083 | 11919.354892697867 | 11916.105341200402 | 11912.855789702939 | 11909.606238205475 | 11906.356686708012 | 11896.60803221562 | 11870.611620235908 | 11844.615208256195 | 11818.618796276483 | 11792.622384296772 | 11769.875523814524 | 11730.880905844957 | 11691.886287875388 | 11652.89166990582 | 11613.897051936252 | 11574.902433966687 | 11535.907815997118 | 11496.913198027549 | 11457.918580057982 | 11418.923962088415 | 11379.929344118847 | 11340.934726149279 | 11301.940108179711 | 11262.945490210142 | 11223.950872240577
 | Residencial (> 10m³ a 15m³) | 13655.533877203297 | 13670.515263793755 | 13685.496650384215 | 13700.478036974675 | 13715.459423565133 | 13737.931503450822 | 13734.186156803205 | 13730.440810155591 | 13726.695463507978 | 13722.950116860364 | 13711.714076917518 | 13681.7513037366 | 13651.788530555683 | 13621.825757374765 | 13591.862984193847 | 13565.645557660544 | 13520.701397889166 | 13475.757238117789 | 13430.813078346413 | 13385.868918575035 | 13340.92475880366 | 13295.980599032282 | 13251.036439260904 | 13206.09227948953 | 13161.148119718153 | 13116.203959946777 | 13071.2598001754 | 13026.315640404024 | 12981.371480632646 | 12936.42732086127
 | Residencial (> 15m³ a 20m³) | 9804.850478518609 | 9815.607308445671 | 9826.364138372735 | 9837.1209682998 | 9847.877798226864 | 9864.013043117458 | 9861.323835635692 | 9858.634628153926 | 9855.945420672162 | 9853.256213190396 | 9845.188590745098 | 9823.67493089097 | 9802.161271036843 | 9780.647611182714 | 9759.133951328588 | 9740.309498956227 | 9708.039009175034 | 9675.768519393843 | 9643.498029612652 | 9611.22753983146 | 9578.95705005027 | 9546.686560269078 | 9514.416070487885 | 9482.145580706696 | 9449.875090925503 | 9417.604601144312 | 9385.334111363121 | 9353.06362158193 | 9320.79313180074 | 9288.522642019549
 | Residencial (> 20m³ a 40m³) | 8927.858846348588 | 8937.653535154237 | 8947.448223959886 | 8957.242912765534 | 8967.037601571183 | 8981.729634779655 | 8979.280962578243 | 8976.83229037683 | 8974.38361817542 | 8971.934945974008 | 8964.588929369771 | 8944.999551758474 | 8925.410174147177 | 8905.82079653588 | 8886.231418924583 | 8869.090713514697 | 8839.706647097752 | 8810.322580680806 | 8780.938514263862 | 8751.554447846915 | 8722.17038142997 | 8692.786315013025 | 8663.402248596078 | 8634.018182179134 | 8604.634115762188 | 8575.250049345243 | 8545.865982928297 | 8516.481916511353 | 8487.097850094406 | 8457.713783677462
 | Residencial (>40m³) | 2149.402458283428 | 2151.760552039087 | 2154.1186457947465 | 2156.476739550406 | 2158.834833306065 | 2162.3719739395538 | 2161.782450500639 | 2161.1929270617243 | 2160.6034036228098 | 2160.013880183895 | 2158.2453098671504 | 2153.5291223558315 | 2148.812934844513 | 2144.0967473331943 | 2139.380559821876 | 2135.253895749472 | 2128.1796144824943 | 2121.1053332155166 | 2114.031051948539 | 2106.956770681561 | 2099.8824894145832 | 2092.8082081476055 | 2085.733926880627 | 2078.6596456136494 | 2071.5853643466717 | 2064.511083079694 | 2057.436801812716 | 2050.3625205457383 | 2043.2882392787606 | 2036.2139580117828
 | Comercial | 11716.364466535535 | 11729.218404513082 | 11742.072342490632 | 11754.92628046818 | 11767.780218445729 | 11787.06112541205 | 11783.847640917664 | 11780.634156423277 | 11777.42067192889 | 11774.207187434504 | 11764.566733951342 | 11738.858857996243 | 11713.150982041147 | 11687.44310608605 | 11661.735230130953 | 11639.240838670243 | 11600.679024737598 | 11562.11721080495 | 11523.555396872305 | 11484.993582939658 | 11446.431769007015 | 11407.869955074368 | 11369.30814114172 | 11330.746327209077 | 11292.18451327643 | 11253.622699343785 | 11215.060885411138 | 11176.499071478494 | 11137.937257545847 | 11099.375443613202
 | Industrial | 808.0251356231403 | 808.9116141043505 | 809.7980925855608 | 810.684571066771 | 811.5710495479813 | 812.9007672697966 | 812.679147649494 | 812.4575280291914 | 812.235908408889 | 812.0142887885864 | 811.3494299276787 | 809.5764729652582 | 807.8035160028377 | 806.0305590404172 | 804.2576020779967 | 802.7062647358788 | 800.046829292248 | 797.3873938486172 | 794.7279584049866 | 792.0685229613557 | 789.4090875177251 | 786.7496520740943 | 784.0902166304635 | 781.4307811868329 | 778.771345743202 | 776.1119102995714 | 773.4524748559405 | 770.7930394123099 | 768.1336039686792 | 765.4741685250484
 | Pública | 8484.263924042973 | 8493.57194809568 | 8502.879972148388 | 8512.187996201097 | 8521.496020253804 | 8535.458056332865 | 8533.131050319687 | 8530.804044306511 | 8528.477038293335 | 8526.150032280158 | 8519.169014240626 | 8500.552966135212 | 8481.936918029796 | 8463.32086992438 | 8444.704821818967 | 8428.415779726727 | 8400.491707568604 | 8372.567635410482 | 8344.643563252359 | 8316.719491094236 | 8288.795418936113 | 8260.87134677799 | 8232.947274619868 | 8205.023202461745 | 8177.099130303622 | 8149.1750581455 | 8121.250985987376 | 8093.326913829254 | 8065.402841671131 | 8037.478769513009
 | Guimarânia | 393493.0501469147 | 397136.9059745349 | 400780.76180215477 | 404424.6176297747 | 408068.47345739475 | 411668.95004897163 | 414835.6342801176 | 418002.3185112634 | 421169.00274240936 | 424335.6869735554 | 427458.9919686581 | 429974.9876591576 | 432490.9833496572 | 435006.9790401567 | 437522.9747306562 | 440125.72889324196 | 441947.656807052 | 443769.5847208619 | 445591.5126346719 | 447413.4405484818 | 449148.6099902057 | 450970.53790401574 | 452792.46581782564 | 454614.39373163565 | 456436.32164544554 | 458258.2495592556 | 460080.1774730657 | 461902.1053868756 | 463724.03330068564 | 465545.96121449553
 | Residencial Social | 240638.04668286577 | 242866.42237698557 | 245094.79807110538 | 247323.17376522516 | 249551.54945934497 | 251753.39687139195 | 253689.96146271031 | 255626.5260540287 | 257563.09064534708 | 259499.65523666554 | 261409.69154591105 | 262948.3319061366 | 264486.9722663622 | 266025.6126265878 | 267564.2529868134 | 269155.94991118467 | 270270.1377582446 | 271384.32560530445 | 272498.51345236436 | 273612.7012994243 | 274673.8325823384 | 275788.02042939834 | 276902.20827645826 | 278016.3961235182 | 279130.58397057804 | 280244.77181763796 | 281358.9596646979 | 282473.1475117578 | 283587.33535881765 | 284701.5232058776
 | Residencial (Fixa) | 0 | 0 | 0 | 0 | 0 | 0 | 0 | 0 | 0 | 0 | 0 | 0 | 0 | 0 | 0 | 0 | 0 | 0 | 0 | 0 | 0 | 0 | 0 | 0 | 0 | 0 | 0 | 0 | 0 | 0
 | Residencial (0 a 5 m³) | 8799.699606324702 | 8881.18728871157 | 8962.674971098437 | 9044.162653485304 | 9125.650335872171 | 9206.167926802054 | 9276.98460316207 | 9347.801279522084 | 9418.617955882099 | 9489.434632242117 | 9559.281217145144 | 9615.546521650362 | 9671.811826155581 | 9728.077130660799 | 9784.342435166016 | 9842.547922585209 | 9883.291763778641 | 9924.035604972076 | 9964.779446165508 | 10005.523287358943 | 10044.326945638404 | 10085.070786831839 | 10125.814628025271 | 10166.558469218706 | 10207.302310412138 | 10248.046151605573 | 10288.789992799006 | 10329.53383399244 | 10370.277675185875 | 10411.021516379307
 | Residencial (> 5m³ a 10m³) | 24925.910507557233 | 25156.7314184419 | 25387.552329326565 | 25618.373240211233 | 25849.194151095897 | 26077.267193993845 | 26277.861557024564 | 26478.455920055287 | 26679.050283086006 | 26879.644646116732 | 27077.491141160728 | 27236.867484390616 | 27396.243827620507 | 27555.620170850394 | 27714.99651408028 | 27879.868593283616 | 27995.27904872595 | 28110.689504168284 | 28226.099959610616 | 28341.51041505295 | 28451.425134521836 | 28566.835589964172 | 28682.246045406504 | 28797.656500848836 | 28913.06695629117 | 29028.477411733504 | 29143.887867175836 | 29259.29832261817 | 29374.708778060507 | 29490.119233502835
 | Residencial (> 10m³ a 15m³) | 28728.941649665026 | 28994.979693824644 | 29261.017737984257 | 29527.05578214387 | 29793.093826303484 | 30055.964750889772 | 30287.16447974277 | 30518.364208595765 | 30749.563937448762 | 30980.763666301766 | 31208.796275581433 | 31392.489210834497 | 31576.18214608757 | 31759.875081340633 | 31943.568016593697 | 32133.595190993423 | 32266.614213073233 | 32399.633235153044 | 32532.652257232847 | 32665.671279312653 | 32792.3560622458 | 32925.37508432561 | 33058.394106405416 | 33191.41312848523 | 33324.43215056504 | 33457.45117264484 | 33590.47019472465 | 33723.48921680445 | 33856.508238884264 | 33989.52726096407
 | Residencial (> 15m³ a 20m³) | 20627.75280806092 | 20818.771575107236 | 21009.79034215355 | 21200.80910919986 | 21391.827876246174 | 21580.572610351464 | 21746.577015046474 | 21912.581419741484 | 22078.585824436494 | 22244.590229131507 | 22408.32060088549 | 22540.21451146509 | 22672.108422044686 | 22804.002332624284 | 22935.896243203882 | 23072.338219665533 | 23167.847603188693 | 23263.35698671185 | 23358.866370235006 | 23454.375753758166 | 23545.337071399266 | 23640.846454922423 | 23736.35583844558 | 23831.86522196874 | 23927.374605491896 | 24022.883989015052 | 24118.39337253821 | 24213.90275606137 | 24309.412139584525 | 24404.92152310768
 | Residencial (> 20m³ a 40m³) | 18782.710230127155 | 18956.643386265474 | 19130.576542403793 | 19304.509698542108 | 19478.442854680427 | 19650.305378007575 | 19801.461573223016 | 19952.61776843846 | 20103.7739636539 | 20254.930158869345 | 20404.015721273616 | 20524.1124243215 | 20644.20912736939 | 20764.305830417274 | 20884.40253346516 | 21008.64050213539 | 21095.607080204547 | 21182.573658273708 | 21269.540236342866 | 21356.506814412023 | 21439.33212685884 | 21526.298704928002 | 21613.26528299716 | 21700.23186106632 | 21787.198439135478 | 21874.165017204636 | 21961.131595273797 | 22048.098173342954 | 22135.064751412116 | 22222.031329481273
 | Residencial (>40m³) | 4521.980492374408 | 4563.855297948154 | 4605.7301035219 | 4647.604909095646 | 4689.479714669392 | 4730.856010652975 | 4767.2472107349195 | 4803.638410816866 | 4840.029610898811 | 4876.420810980758 | 4912.31350147254 | 4941.227057702031 | 4970.140613931523 | 4999.054170161014 | 5027.967726390505 | 5057.878301800324 | 5078.815704587197 | 5099.75310737407 | 5120.690510160943 | 5141.627912947816 | 5161.568296554362 | 5182.505699341235 | 5203.443102128108 | 5224.3805049149805 | 5245.317907701854 | 5266.2553104887265 | 5287.1927132756 | 5308.1301160624735 | 5329.067518849346 | 5350.004921636219
 | Comercial | 28075.71249683063 | 28335.701456122195 | 28595.69041541376 | 28855.67937470532 | 29115.668333996884 | 29372.562186630217 | 29598.504972681214 | 29824.447758732218 | 30050.390544783215 | 30276.333330834223 | 30499.18101022699 | 30678.697196404497 | 30858.213382582006 | 31037.729568759514 | 31217.24575493702 | 31402.952154430997 | 31532.94663407678 | 31662.94111372256 | 31792.93559336834 | 31922.930073014126 | 32046.73433934344 | 32176.728818989224 | 32306.723298635003 | 32436.717778280785 | 32566.712257926567 | 32696.706737572345 | 32826.70121721813 | 32956.69569686391 | 33086.6901765097 | 33216.68465615548
 | Industrial | 1818.1175081175286 | 1834.9537853396512 | 1851.7900625617735 | 1868.626339783896 | 1885.4626170060183 | 1902.0984623564489 | 1916.7299889899598 | 1931.3615156234712 | 1945.993042256982 | 1960.6245688904935 | 1975.0556636523124 | 1986.6807122104447 | 1998.3057607685769 | 2009.9308093267089 | 2021.555857884841 | 2033.581770186357 | 2041.9999087974184 | 2050.4180474084797 | 2058.8361860195405 | 2067.254324630602 | 2075.271599498279 | 2083.6897381093404 | 2092.1078767204017 | 2100.526015331463 | 2108.9441539425243 | 2117.362292553585 | 2125.7804311646464 | 2134.1985697757077 | 2142.616708386769 | 2151.0348469978303
 | Pública | 16574.17816499143 | 16727.6596957884 | 16881.141226585365 | 17034.622757382327 | 17188.104288179293 | 17339.758657895345 | 17473.14141680223 | 17606.52417570912 | 17739.906934616003 | 17873.289693522896 | 18004.845291348865 | 18110.820634042007 | 18216.795976735153 | 18322.771319428295 | 18428.746662121437 | 18538.376326976413 | 18615.117092374898 | 18691.857857773382 | 18768.598623171863 | 18845.339388570348 | 18918.425831806995 | 18995.16659720548 | 19071.90736260396 | 19148.648128002445 | 19225.38889340093 | 19302.12965879941 | 19378.870424197896 | 19455.61118959638 | 19532.35195499486 | 19609.092720393346
 | Lagoa Formosa | 1269850.1636902243 | 1275297.688870081 | 1280745.2140499365 | 1286192.7392297927 | 1291640.264409649 | 1297023.7010579775 | 1300164.0391028358 | 1303304.377147694 | 1306444.7151925522 | 1309585.0532374103 | 1312853.568345324 | 1314071.2504443505 | 1315288.9325433772 | 1316506.614642404 | 1317724.2967414309 | 1319070.1559035126 | 1318301.09352518 | 1317532.0311468474 | 1316762.9687685147 | 1315993.9063901824 | 1315224.84401185 | 1314455.781633517 | 1313686.7192551843 | 1312917.6568768518 | 1312148.5944985193 | 1311379.5321201866 | 1310610.4697418534 | 1309841.4073635212 | 1309072.3449851885 | 1308303.282606856
 | Residencial Social | 385773.1472609534 | 387428.0739550678 | 389083.000649182 | 390737.9273432964 | 392392.85403741075 | 394028.3110057119 | 394982.32757055433 | 395936.34413539665 | 396890.360700239 | 397844.37726508133 | 398837.33328155 | 399207.25807199907 | 399577.18286244816 | 399947.1076528972 | 400317.03244334634 | 400725.89668542164 | 400492.25997566426 | 400258.623265907 | 400024.98655614967 | 399791.3498463924 | 399557.713136635 | 399324.07642687776 | 399090.43971712043 | 398856.8030073631 | 398623.16629760584 | 398389.52958784846 | 398155.89287809114 | 397922.2561683339 | 397688.6194585765 | 397454.98274881917
 | Residencial (Fixa) | 0 | 0 | 0 | 0 | 0 | 0 | 0 | 0 | 0 | 0 | 0 | 0 | 0 | 0 | 0 | 0 | 0 | 0 | 0 | 0 | 0 | 0 | 0 | 0 | 0 | 0 | 0 | 0 | 0 | 0
 | Residencial (0 a 5 m³) | 55584.839664887026 | 55823.29284806637 | 56061.746031245704 | 56300.19921442505 | 56538.65239760439 | 56774.30024921691 | 56911.76149599088 | 57049.22274276485 | 57186.68398953882 | 57324.14523631278 | 57467.2171462204 | 57520.518445989896 | 57573.81974575939 | 57627.12104552889 | 57680.4223452984 | 57739.33430820152 | 57705.67032939973 | 57672.00635059795 | 57638.342371796156 | 57604.67839299437 | 57571.01441419258 | 57537.35043539079 | 57503.68645658901 | 57470.02247778721 | 57436.35849898543 | 57402.694520183635 | 57369.03054138184 | 57335.36656258006 | 57301.702583778264 | 57268.03860497647
 | Residencial (> 5m³ a 10m³) | 157448.8676940829 | 158124.30696702108 | 158799.74623995926 | 159475.18551289744 | 160150.62478583565 | 160818.1177143863 | 161207.4885893742 | 161596.85946436206 | 161986.23033934998 | 162375.60121433783 | 162780.86477810077 | 162931.84532146342 | 163082.82586482607 | 163233.8064081887 | 163384.7869515514 | 163551.66018368903 | 163456.30405103893 | 163360.94791838885 | 163265.59178573874 | 163170.23565308866 | 163074.87952043855 | 162979.52338778847 | 162884.1672551384 | 162788.8111224883 | 162693.4549898382 | 162598.0988571881 | 162502.742724538 | 162407.38659188792 | 162312.0304592378 | 162216.6743265877
 | Residencial (> 10m³ a 15m³) | 181471.3782037256 | 182249.8715492044 | 183028.36489468318 | 183806.85824016196 | 184585.35158564078 | 185354.6861858786 | 185803.46470268405 | 186252.24321948944 | 186701.02173629488 | 187149.8002531003 | 187616.89626038758 | 187790.91241996517 | 187964.9285795428 | 188138.9447391204 | 188312.96089869805 | 188505.2945487575 | 188395.38960586634 | 188285.48466297524 | 188175.57972008412 | 188065.674777193 | 187955.76983430187 | 187845.86489141078 | 187735.95994851962 | 187626.0550056285 | 187516.1500627374 | 187406.24511984625 | 187296.34017695513 | 187186.43523406403 | 187076.53029117288 | 186966.62534828176
 | Residencial (> 15m³ a 20m³) | 130298.80379767601 | 130857.77211920638 | 131416.74044073673 | 131975.70876226708 | 132534.67708379746 | 133087.06930742745 | 133409.29810454496 | 133731.52690166244 | 134053.75569877995 | 134375.98449589743 | 134711.36548881565 | 134836.31134892243 | 134961.25720902922 | 135086.203069136 | 135211.1489292428 | 135349.2469851503 | 135270.333810346 | 135191.42063554173 | 135112.50746073743 | 135033.59428593316 | 134954.68111112888 | 134875.7679363246 | 134796.8547615203 | 134717.941586716 | 134639.02841191174 | 134560.11523710744 | 134481.20206230314 | 134402.28888749887 | 134323.37571269457 | 134244.4625378903
 | Residencial (> 20m³ a 40m³) | 118644.27006840796 | 119153.24165192542 | 119662.21323544285 | 120171.1848189603 | 120680.15640247776 | 121183.14008501265 | 121476.54723315801 | 121769.95438130334 | 122063.3615294487 | 122356.76867759404 | 122662.15162770452 | 122775.92174637312 | 122889.69186504172 | 123003.46198371032 | 123117.23210237896 | 123242.97802301266 | 123171.12321122196 | 123099.26839943127 | 123027.41358764056 | 122955.55877584987 | 122883.70396405917 | 122811.84915226849 | 122739.99434047779 | 122668.13952868707 | 122596.28471689639 | 122524.42990510569 | 122452.57509331498 | 122380.72028152429 | 122308.86546973359 | 122237.01065794288
 | Residencial (>40m³) | 28563.879664224023 | 28686.415738285752 | 28808.951812347477 | 28931.487886409206 | 29054.023960470935 | 29175.118433661344 | 29245.756876355754 | 29316.395319050156 | 29387.033761744562 | 29457.672204438968 | 29531.193848876006 | 29558.58426543098 | 29585.974681985954 | 29613.365098540926 | 29640.755515095905 | 29671.029133393506 | 29653.72992293773 | 29636.43071248196 | 29619.131502026186 | 29601.832291570416 | 29584.53308111464 | 29567.23387065887 | 29549.934660203096 | 29532.635449747322 | 29515.33623929155 | 29498.037028835777 | 29480.73781838 | 29463.438607924232 | 29446.139397468454 | 29428.84018701268
 | Comercial | 23492.22802826915 | 23593.007244096487 | 23693.786459923824 | 23794.565675751164 | 23895.344891578505 | 23994.93846957258 | 24053.034723402456 | 24111.130977232333 | 24169.22723106221 | 24227.323484892084 | 24287.79101438849 | 24310.318133220484 | 24332.845252052477 | 24355.37237088447 | 24377.899489716467 | 24402.797884214982 | 24388.570230215828 | 24374.342576216677 | 24360.11492221752 | 24345.88726821837 | 24331.659614219214 | 24317.431960220063 | 24303.20430622091 | 24288.976652221754 | 24274.748998222603 | 24260.521344223445 | 24246.29369022429 | 24232.06603622514 | 24217.838382225986 | 24203.61072822683
 | Industrial | 0 | 0 | 0 | 0 | 0 | 0 | 0 | 0 | 0 | 0 | 0 | 0 | 0 | 0 | 0 | 0 | 0 | 0 | 0 | 0 | 0 | 0 | 0 | 0 | 0 | 0 | 0 | 0 | 0 | 0
 | Pública | 188572.7493079983 | 189381.70679720695 | 190190.66428641556 | 190999.62177562423 | 191808.57926483286 | 192608.01960710963 | 193074.35980677107 | 193540.7000064325 | 194007.04020609395 | 194473.3804057554 | 194958.75489928058 | 195139.58069098604 | 195320.4064826915 | 195501.23227439696 | 195682.05806610244 | 195881.91815167162 | 195767.7123884892 | 195653.50662530682 | 195539.30086212442 | 195425.09509894205 | 195310.88933575965 | 195196.68357257725 | 195082.47780939486 | 194968.27204621246 | 194854.0662830301 | 194739.86051984766 | 194625.65475666526 | 194511.4489934829 | 194397.2432303005 | 194283.03746711806
 | Patos de Minas | 9858162.986818042 | 9911152.1848279 | 9964141.382837757 | 10017130.580847621 | 10070119.778857477 | 10123051.814841438 | 10176155.336903099 | 10229258.858964756 | 10282362.381026415 | 10335465.903088076 | 10388455.101097936 | 10424181.367285816 | 10459907.63347369 | 10495633.899661567 | 10531360.165849445 | 10567029.270011421 | 10588579.353775948 | 10610129.437540479 | 10631679.521305004 | 10653229.605069531 | 10674722.526808158 | 10696272.610572685 | 10717822.694337217 | 10739372.778101742 | 10760922.86186627 | 10782472.945630796 | 10804023.029395323 | 10825573.11315985 | 10847123.19692438 | 10868673.280688906
 | Residencial Social | 1683314.19384019 | 1692362.2760487595 | 1701410.3582573286 | 1710458.440465898 | 1719506.5226744672 | 1728544.8442765549 | 1737612.4476980877 | 1746680.0511196202 | 1755747.654541153 | 1764815.2579626855 | 1773863.340171255 | 1779963.71922234 | 1786064.098273425 | 1792164.47732451 | 1798264.8563755949 | 1804355.4748201983 | 1808035.2234638126 | 1811714.9721074274 | 1815394.7207510418 | 1819074.469394656 | 1822744.4574317888 | 1826424.2060754031 | 1830103.954719018 | 1833783.7033626323 | 1837463.4520062467 | 1841143.2006498615 | 1844822.9492934758 | 1848502.69793709 | 1852182.4465807048 | 1855862.1952243191
 | Residencial (Fixa) | 0 | 0 | 0 | 0 | 0 | 0 | 0 | 0 | 0 | 0 | 0 | 0 | 0 | 0 | 0 | 0 | 0 | 0 | 0 | 0 | 0 | 0 | 0 | 0 | 0 | 0 | 0 | 0 | 0 | 0
 | Residencial (0 a 5 m³) | 520861.1629143913 | 523660.87472015293 | 526460.5865259144 | 529260.298331676 | 532060.0101374376 | 534856.701757864 | 537662.453934296 | 540468.206110728 | 543273.95828716 | 546079.7104635921 | 548879.4222693536 | 550767.0381038748 | 552654.6539383957 | 554542.2697729167 | 556429.8856074377 | 558314.4812566235 | 559453.0911280066 | 560591.7009993898 | 561730.3108707728 | 562868.9207421558 | 564004.5104282036 | 565143.1202995867 | 566281.7301709699 | 567420.3400423529 | 568558.949913736 | 569697.5597851191 | 570836.1696565022 | 571974.7795278851 | 573113.3893992683 | 574251.9992706514
 | Residencial (> 5m³ a 10m³) | 1992678.6264299557 | 2003389.5917941015 | 2014100.5571582469 | 2024811.5225223927 | 2035522.4878865385 | 2046221.898811241 | 2056955.9730542738 | 2067690.0472973061 | 2078424.121540339 | 2089158.1957833716 | 2099869.161147517 | 2107090.6857997193 | 2114312.210451921 | 2121533.7351041227 | 2128755.2597563243 | 2135965.229969083 | 2140321.253639291 | 2144677.277309499 | 2149033.3009797074 | 2153389.324649915 | 2157733.79388068 | 2162089.8175508883 | 2166445.8412210965 | 2170801.8648913046 | 2175157.8885615123 | 2179513.912231721 | 2183869.935901929 | 2188225.959572137 | 2192581.983242345 | 2196938.006912553
 | Residencial (> 10m³ a 15m³) | 2011043.9121707645 | 2021853.5938742456 | 2032663.275577726 | 2043472.957281207 | 2054282.6389846879 | 2065080.6597586074 | 2075913.6633212112 | 2086746.6668838146 | 2097579.670446418 | 2108412.674009022 | 2119222.3557125027 | 2126510.4366884204 | 2133798.517664338 | 2141086.598640255 | 2148374.679616173 | 2155651.099662529 | 2160047.270107202 | 2164443.440551876 | 2168839.610996549 | 2173235.7814412224 | 2177620.290956334 | 2182016.4614010076 | 2186412.6318456815 | 2190808.802290355 | 2195204.9727350282 | 2199601.1431797016 | 2203997.313624375 | 2208393.484069048 | 2212789.654513722 | 2217185.824958395
 | Residencial (> 15m³ a 20m³) | 1245692.0626098427 | 1252387.8560810208 | 1259083.6495521984 | 1265779.4430233762 | 1272475.2364945542 | 1279163.8068875538 | 1285874.046515088 | 1292584.2861426221 | 1299294.5257701562 | 1306004.7653976902 | 1312700.558868868 | 1317214.982730234 | 1321729.4065915998 | 1326243.8304529656 | 1330758.2543143313 | 1335265.455097519 | 1337988.555570695 | 1340711.656043871 | 1343434.7565170468 | 1346157.8569902224 | 1348873.7343852203 | 1351596.834858396 | 1354319.9353315723 | 1357043.035804748 | 1359766.1362779238 | 1362489.2367510998 | 1365212.3372242758 | 1367935.4376974513 | 1370658.5381706273 | 1373381.638643803
 | Residencial (> 20m³ a 40m³) | 1146510.494899037 | 1152673.1716285476 | 1158835.8483580581 | 1164998.525087569 | 1171161.2018170797 | 1177317.2305673782 | 1183493.203255313 | 1189669.1759432475 | 1195845.148631182 | 1202021.1213191166 | 1208183.7980486273 | 1212338.7850561184 | 1216493.7720636094 | 1220648.7590711003 | 1224803.7460785913 | 1228952.0851068704 | 1231458.373269789 | 1233964.6614327077 | 1236470.9495956262 | 1238977.2377585445 | 1241476.8779422513 | 1243983.1661051698 | 1246489.4542680886 | 1248995.742431007 | 1251502.0305939256 | 1254008.3187568444 | 1256514.606919763 | 1259020.8950826812 | 1261527.1832456 | 1264033.4714085185
 | Residencial (>40m³) | 139161.03495001153 | 139909.04770310593 | 140657.0604562003 | 141405.07320929473 | 142153.08596238913 | 142900.2917977348 | 143649.9183863267 | 144399.5449749186 | 145149.17156351052 | 145898.7981521024 | 146646.81090519682 | 147151.1344981677 | 147655.45809113857 | 148159.78168410945 | 148664.1052770803 | 149167.62195230243 | 149471.82994358247 | 149776.0379348625 | 150080.24592614255 | 150384.45391742254 | 150687.85499095384 | 150992.06298223388 | 151296.27097351392 | 151600.47896479396 | 151904.68695607397 | 152208.89494735404 | 152513.10293863405 | 152817.31092991406 | 153121.5189211941 | 153425.72691247414
 | Comercial | 748234.5706994893 | 752256.4508284377 | 756278.3309573858 | 760300.2110863342 | 764322.0912152826 | 768339.6327464652 | 772370.1900709452 | 776400.7473954251 | 780431.3047199051 | 784461.862044385 | 788483.7421733334 | 791195.3657769933 | 793906.9893806532 | 796618.612984313 | 799330.2365879728 | 802037.521593867 | 803673.1729515946 | 805308.8243093223 | 806944.4756670499 | 808580.1270247774 | 810211.4397847393 | 811847.0911424669 | 813482.7425001946 | 815118.3938579222 | 816754.0452156498 | 818389.6965733775 | 820025.3479311052 | 821660.9992888325 | 823296.6506465604 | 824932.302004288
 | Industrial | 135056.83291940717 | 135782.78493214224 | 136508.7369448773 | 137234.68895761238 | 137960.64097034748 | 138685.8098633277 | 139413.32811557245 | 140140.8463678172 | 140868.36462006194 | 141595.88287230668 | 142321.83488504175 | 142811.2847318157 | 143300.7345785896 | 143790.1844253635 | 144279.6342721374 | 144768.3009991565 | 145063.53714673052 | 145358.77329430456 | 145654.0094418786 | 145949.2455894526 | 146243.6986172718 | 146538.93476484582 | 146834.17091241985 | 147129.4070599939 | 147424.6432075679 | 147719.87935514195 | 148015.11550271595 | 148310.35165028996 | 148605.587797864 | 148900.82394543802
 | Pública | 235610.09538495122 | 236876.53721738685 | 238142.97904982246 | 239409.4208822581 | 240675.86271469377 | 241940.9383747104 | 243210.1125519841 | 244479.28672925773 | 245748.46090653143 | 247017.63508380507 | 248284.0769162407 | 249137.93467813102 | 249991.79244002127 | 250845.6502019115 | 251699.50796380176 | 252551.99955327302 | 253067.0465552452 | 253582.09355721745 | 254097.14055918966 | 254612.18756116182 | 255125.868390715 | 255640.91539268722 | 256155.96239465947 | 256671.00939663165 | 257186.05639860386 | 257701.10340057607 | 258216.1504025483 | 258731.19740452044 | 259246.24440649268 | 259761.29140846487
 | Presidente Olegário | 715199.0087804878 | 713290.5141463417 | 711382.0195121951 | 709473.5248780488 | 707565.0302439026 | 705581.6926829268 | 702251.1824390246 | 698920.672195122 | 695590.1619512195 | 692259.6517073171 | 688891.72 | 684326.3014634148 | 679760.8829268292 | 675195.4643902439 | 670630.0458536586 | 665989.784390244 | 661050.1512195122 | 656110.5180487805 | 651170.8848780488 | 646231.2517073172 | 641366.4614634147 | 636426.828292683 | 631487.1951219513 | 626547.5619512195 | 621607.9287804879 | 616668.2956097561 | 611728.6624390244 | 606789.0292682927 | 601849.396097561 | 596909.7629268292
 | Residencial Social | 245103.65654068824 | 244449.60220395876 | 243795.54786722915 | 243141.4935304996 | 242487.43919377006 | 241807.73566736482 | 240666.3467267976 | 239524.95778623037 | 238383.5688456631 | 237242.17990509587 | 236087.96636969075 | 234523.365799475 | 232958.7652292592 | 231394.16465904342 | 229829.56408882767 | 228239.31432893622 | 226546.4678103421 | 224853.62129174796 | 223160.77477315385 | 221467.92825455975 | 219800.73092564128 | 218107.88440704718 | 216415.03788845305 | 214722.19136985892 | 213029.3448512648 | 211336.4983326707 | 209643.65181407655 | 207950.80529548242 | 206257.9587768883 | 204565.1122582942
 | Residencial (Fixa) | 0 | 0 | 0 | 0 | 0 | 0 | 0 | 0 | 0 | 0 | 0 | 0 | 0 | 0 | 0 | 0 | 0 | 0 | 0 | 0 | 0 | 0 | 0 | 0 | 0 | 0 | 0 | 0 | 0 | 0
 | Residencial (0 a 5 m³) | 31897.578640647604 | 31812.460572906242 | 31727.342505164866 | 31642.2244374235 | 31557.106369682133 | 31468.650338499923 | 31320.11096538264 | 31171.571592265347 | 31023.03221914806 | 30874.492846030767 | 30724.28449119306 | 30520.668721301943 | 30317.052951410828 | 30113.43718151971 | 29909.821411628596 | 29702.867678296643 | 29482.562091201336 | 29262.25650410603 | 29041.950917010723 | 28821.645329915424 | 28604.677706260954 | 28384.372119165648 | 28164.06653207034 | 27943.760944975034 | 27723.455357879728 | 27503.149770784425 | 27282.844183689118 | 27062.53859659381 | 26842.233009498505 | 26621.927422403198
 | Residencial (> 5m³ a 10m³) | 90352.65136017797 | 90111.54706866642 | 89870.44277715484 | 89629.33848564327 | 89388.2341941317 | 89137.67483236476 | 88716.92420600147 | 88296.17357963814 | 87875.42295327481 | 87454.67232691149 | 87029.19416542047 | 86452.4348798438 | 85875.6755942671 | 85298.9163086904 | 84722.15702311373 | 84135.94266728168 | 83511.90803042821 | 82887.87339357473 | 82263.83875672126 | 81639.80411986781 | 81025.2245532697 | 80401.18991641623 | 79777.15527956275 | 79153.12064270928 | 78529.08600585582 | 77905.05136900235 | 77281.01673214888 | 76656.9820952954 | 76032.94745844194 | 75408.91282158847
 | Residencial (> 10m³ a 15m³) | 104138.06340322392 | 103860.17300799767 | 103582.28261277139 | 103304.39221754512 | 103026.50182231885 | 102737.71376453468 | 102252.76778070847 | 101767.82179688223 | 101282.875813056 | 100797.92982922978 | 100307.53501412459 | 99642.77759809313 | 98978.02018206166 | 98313.2627660302 | 97648.50534999874 | 96972.85027140939 | 96253.60454258845 | 95534.35881376753 | 94815.1130849466 | 94095.86735612569 | 93387.51928986266 | 92668.27356104171 | 91949.02783222079 | 91229.78210339986 | 90510.53637457894 | 89791.29064575801 | 89072.04491693708 | 88352.79918811616 | 87633.55345929523 | 86914.30773047429
 | Residencial (> 15m³ a 20m³) | 74772.48051763594 | 74572.95160876198 | 74373.42269988799 | 74173.89379101402 | 73974.36488214004 | 73767.01131017297 | 73418.81380253015 | 73070.61629488732 | 72722.4187872445 | 72374.22127960168 | 72022.1114404123 | 71544.80699173339 | 71067.50254305446 | 70590.19809437553 | 70112.89364569662 | 69627.7645339246 | 69111.33676978019 | 68594.90900563578 | 68078.48124149138 | 67562.05347734697 | 67053.45037629566 | 66537.02261215125 | 66020.59484800683 | 65504.16708386243 | 64987.73931971801 | 64471.31155557361 | 63954.883791429194 | 63438.45602728479 | 62922.028263140375 | 62405.60049899597
 | Residencial (> 20m³ a 40m³) | 68084.48054514987 | 67902.79843402584 | 67721.1163229018 | 67539.43421177776 | 67357.75210065371 | 67168.94520085814 | 66851.89210497502 | 66534.8390090919 | 66217.78591320876 | 65900.73281732564 | 65580.11732710674 | 65145.50521814336 | 64710.89310917996 | 64276.28100021657 | 63841.66889125319 | 63399.931993618266 | 62929.69594129722 | 62459.45988897618 | 61989.22383665513 | 61518.9877843341 | 61055.876520684586 | 60585.64046836354 | 60115.4044160425 | 59645.16836372145 | 59174.93231140041 | 58704.69625907936 | 58234.46020675832 | 57764.224154437274 | 57293.98810211623 | 56823.752049795185
 | Residencial (>40m³) | 16391.494575941626 | 16347.754191713237 | 16304.013807484842 | 16260.27342325645 | 16216.533039028058 | 16171.077345614238 | 16094.746086862733 | 16018.414828111227 | 15942.083569359718 | 15865.752310608212 | 15788.56339726399 | 15683.929536952935 | 15579.295676641881 | 15474.661816330825 | 15370.027956019772 | 15263.67878652329 | 15150.4683802851 | 15037.257974046908 | 14924.047567808719 | 14810.837161570531 | 14699.342064517767 | 14586.131658279575 | 14472.921252041386 | 14359.710845803194 | 14246.500439565003 | 14133.290033326814 | 14020.079627088622 | 13906.869220850433 | 13793.658814612241 | 13680.448408374052
 | Comercial | 51029.41904829639 | 50893.2480368134 | 50757.07702533039 | 50620.90601384739 | 50484.73500236439 | 50343.22395121538 | 50105.592186078386 | 49867.96042094139 | 49630.328655804384 | 49392.69689066738 | 49152.395105697375 | 48826.65268607138 | 48500.910266445375 | 48175.167846819364 | 47849.42542719337 | 47518.342967901364 | 47165.90034994536 | 46813.45773198936 | 46461.015114033355 | 46108.572496077366 | 45761.469917787355 | 45409.02729983135 | 45056.58468187535 | 44704.142063919346 | 44351.69944596334 | 43999.25682800734 | 43646.814210051336 | 43294.37159209533 | 42941.92897413933 | 42589.486356183326
 | Industrial | 3304.545885033091 | 3295.7277686592593 | 3286.909652285426 | 3278.0915359115934 | 3269.273419537761 | 3260.1094946786798 | 3244.7210170851295 | 3229.3325394915782 | 3213.9440618980275 | 3198.5555843044763 | 3182.994202468301 | 3161.899884868153 | 3140.8055672680043 | 3119.7112496678556 | 3098.6169320677077 | 3077.1768059823107 | 3054.3534459559205 | 3031.5300859295303 | 3008.70672590314 | 2985.8833658767508 | 2963.4058143356087 | 2940.5824543092185 | 2917.7590942828283 | 2894.935734256438 | 2872.112374230048 | 2849.289014203658 | 2826.465654177268 | 2803.6422941508777 | 2780.8189341244874 | 2757.995574098097
 | Pública | 30124.638263693145 | 30044.2512528388 | 29963.864241984444 | 29883.477231130095 | 29803.090220275746 | 29719.55077762318 | 29579.267562602847 | 29438.98434758251 | 29298.70113256217 | 29158.417917541832 | 29016.55848662239 | 28824.260146931592 | 28631.96180724079 | 28439.663467549988 | 28247.365127859193 | 28051.914356370184 | 27843.853857688333 | 27635.793359006486 | 27427.732860324635 | 27219.67236164279 | 27014.764294759152 | 26806.7037960773 | 26598.643297395454 | 26390.582798713604 | 26182.522300031753 | 25974.461801349906 | 25766.401302668055 | 25558.340803986208 | 25350.280305304357 | 25142.21980662251
 | Rio Paranaíba | 595317.5712314912 | 600479.8409878504 | 605642.1107442097 | 610804.380500569 | 615966.6502569284 | 621051.8712109538 | 625135.4577346409 | 629219.0442583282 | 633302.6307820155 | 637386.2173057026 | 641508.3282305567 | 644782.9023297398 | 648057.4764289231 | 651332.0505281058 | 654606.6246272892 | 657919.723127639 | 660038.5651918164 | 662157.4072559937 | 664276.2493201711 | 666395.0913843482 | 668552.4578496926 | 670671.2999138697 | 672790.1419780472 | 674908.9840422244 | 677027.8261064019 | 679146.6681705791 | 681265.5102347565 | 683384.3522989335 | 685503.1943631109 | 687622.0364272882
 | Residencial Social | 191611.23800538995 | 193272.7863062197 | 194934.33460704947 | 196595.88290787922 | 198257.431208709 | 199894.18028116814 | 201208.53938480958 | 202522.89848845103 | 203837.2575920925 | 205151.61669573394 | 206478.37541356072 | 207532.34261931092 | 208586.30982506115 | 209640.27703081135 | 210694.2442365616 | 211760.6110564971 | 212442.5898366884 | 213124.56861687973 | 213806.54739707103 | 214488.52617726233 | 215182.90457163897 | 215864.88335183027 | 216546.8621320216 | 217228.8409122129 | 217910.81969240427 | 218592.7984725956 | 219274.7772527869 | 219956.7560329782 | 220638.73481316955 | 221320.71359336085
 | Residencial (Fixa) | 0 | 0 | 0 | 0 | 0 | 0 | 0 | 0 | 0 | 0 | 0 | 0 | 0 | 0 | 0 | 0 | 0 | 0 | 0 | 0 | 0 | 0 | 0 | 0 | 0 | 0 | 0 | 0 | 0 | 0
 | Residencial (0 a 5 m³) | 27577.250433231187 | 27816.385329888984 | 28055.520226546785 | 28294.655123204586 | 28533.790019862387 | 28769.355738958126 | 28958.52214974713 | 29147.68856053614 | 29336.854971325145 | 29526.021382114148 | 29716.972381684187 | 29868.6624280716 | 30020.352474459007 | 30172.042520846415 | 30323.732567233827 | 30477.207202402264 | 30575.35958535882 | 30673.511968315383 | 30771.664351271942 | 30869.816734228498 | 30969.75370596609 | 31067.906088922646 | 31166.05847187921 | 31264.210854835765 | 31362.363237792328 | 31460.51562074889 | 31558.66800370545 | 31656.820386662006 | 31754.97276961857 | 31853.12515257513
 | Residencial (> 5m³ a 10m³) | 78114.9479067627 | 78792.31819211222 | 79469.68847746175 | 80147.05876281127 | 80824.4290481608 | 81491.68932925137 | 82027.51955497562 | 82563.34978069986 | 83099.18000642413 | 83635.01023214837 | 84175.89546000211 | 84605.5706410074 | 85035.24582201269 | 85464.92100301798 | 85894.59618402329 | 86329.32636715805 | 86607.35148427912 | 86885.37660140019 | 87163.40171852126 | 87441.42683564233 | 87724.50695489289 | 88002.53207201396 | 88280.55718913503 | 88558.5823062561 | 88836.60742337718 | 89114.63254049826 | 89392.65765761933 | 89670.6827747404 | 89948.70789186149 | 90226.73300898256
 | Residencial (> 10m³ a 15m³) | 90033.21181385157 | 90813.93079288841 | 91594.64977192524 | 92375.36875096206 | 93156.0877299989 | 93925.15418696054 | 94542.73785694488 | 95160.32152692924 | 95777.90519691362 | 96395.48886689795 | 97018.89879791993 | 97514.13098611492 | 98009.36317430992 | 98504.59536250492 | 98999.82755069993 | 99500.8859999325 | 99821.33035699985 | 100141.77471406723 | 100462.21907113458 | 100782.66342820192 | 101108.93404630687 | 101429.37840337421 | 101749.82276044159 | 102070.26711750893 | 102390.7114745763 | 102711.15583164367 | 103031.60018871102 | 103352.04454577836 | 103672.48890284573 | 103992.93325991307
 | Residencial (> 15m³ a 20m³) | 64645.01409273371 | 65205.58044803212 | 65766.14680333053 | 66326.71315862895 | 66887.27951392735 | 67439.47920720637 | 67882.91229423347 | 68326.34538126057 | 68769.77846828768 | 69213.21155531477 | 69660.82797335158 | 70016.41110917518 | 70371.9942449988 | 70727.57738082242 | 71083.16051664604 | 71442.92698347934 | 71673.01018901226 | 71903.0933945452 | 72133.17660007812 | 72363.25980561106 | 72597.52634215368 | 72827.6095476866 | 73057.69275321954 | 73287.77595875246 | 73517.8591642854 | 73747.94236981834 | 73978.02557535126 | 74208.10878088418 | 74438.19198641712 | 74668.27519195004
 | Residencial (> 20m³ a 40m³) | 58862.862029828815 | 59373.288711508554 | 59883.7153931883 | 60394.14207486805 | 60904.568756547786 | 61407.37712954574 | 61811.14748968046 | 62214.91784981518 | 62618.688209949905 | 63022.45857008462 | 63430.03808456025 | 63753.816203536204 | 64077.59432251215 | 64401.37244148811 | 64725.15056046407 | 65052.73783378091 | 65262.241322530055 | 65471.74481127921 | 65681.24830002835 | 65890.7517887775 | 66104.06443186755 | 66313.56792061668 | 66523.07140936585 | 66732.57489811498 | 66942.07838686414 | 67151.5818756133 | 67361.08536436244 | 67570.58885311158 | 67780.09234186074 | 67989.59583060988
 | Residencial (>40m³) | 14171.36880476754 | 14294.2551970434 | 14417.141589319259 | 14540.027981595118 | 14662.914373870977 | 14783.966640888986 | 14881.175279554964 | 14978.383918220943 | 15075.592556886922 | 15172.801195552898 | 15270.926896847805 | 15348.87722030637 | 15426.827543764937 | 15504.777867223504 | 15582.728190682072 | 15661.595576769561 | 15712.0340213604 | 15762.472465951238 | 15812.910910542074 | 15863.349355132912 | 15914.704862352673 | 15965.143306943512 | 16015.58175153435 | 16066.020196125186 | 16116.458640716026 | 16166.897085306866 | 16217.335529897702 | 16267.773974488538 | 16318.212419079378 | 16368.650863670215
 | Comercial | 42475.883546015626 | 42844.21127494633 | 43212.53900387702 | 43580.86673280772 | 43949.19446173842 | 44312.02476187911 | 44603.38848774965 | 44894.75221362021 | 45186.115939490766 | 45477.479665361316 | 45771.592105626885 | 46005.23282920232 | 46238.87355277777 | 46472.514276353206 | 46706.15499992866 | 46942.5444378991 | 47093.723729624384 | 47244.90302134967 | 47396.08231307496 | 47547.261604800246 | 47701.18961092054 | 47852.36890264582 | 48003.54819437111 | 48154.727486096395 | 48305.90677782169 | 48457.08606954698 | 48608.265361272264 | 48759.44465299755 | 48910.62394472284 | 49061.803236448126
 | Industrial | 2750.6389216832895 | 2774.4909643614465 | 2798.343007039604 | 2822.195049717761 | 2846.047092395918 | 2869.5431344370872 | 2888.4111681974205 | 2907.2792019577537 | 2926.147235718087 | 2945.01526947842 | 2964.0613035572474 | 2979.1913306292126 | 2994.3213577011775 | 3009.4513847731428 | 3024.5814118451085 | 3039.889439235567 | 3049.679456752721 | 3059.4694742698753 | 3069.259491787029 | 3079.0495093041827 | 3089.0175271398307 | 3098.8075446569846 | 3108.597562174139 | 3118.3875796912926 | 3128.177597208447 | 3137.9676147256014 | 3147.7576322427553 | 3157.547649759909 | 3167.3376672770632 | 3177.127684794217
 | Pública | 25075.155677226834 | 25292.593770849326 | 25510.03186447182 | 25727.469958094316 | 25944.908051716808 | 26159.10080065837 | 26331.1040687478 | 26503.107336837238 | 26675.110604926675 | 26847.113873016107 | 27020.739813446016 | 27158.666962385654 | 27296.594111325296 | 27434.521260264937 | 27572.44840920458 | 27711.998230484685 | 27801.245209210334 | 27890.492187935986 | 27979.739166661635 | 28068.986145387284 | 28159.8557964534 | 28249.10277517905 | 28338.349753904706 | 28427.596732630354 | 28516.843711356007 | 28606.09069008166 | 28695.337668807308 | 28784.584647532956 | 28873.83162625861 | 28963.078604984257
 | Serra do Salitre | 526477.1310222916 | 531114.7757761584 | 535752.4205300251 | 540390.0652838919 | 545027.7100377586 | 549748.9159583616 | 553676.2907949694 | 557603.6656315773 | 561531.0404681853 | 565458.4153047929 | 569344.0095580326 | 572101.5280603316 | 574859.0465626308 | 577616.5650649301 | 580374.0835672292 | 583215.1632362646 | 585220.6312379367 | 587226.0992396086 | 589231.5672412808 | 591237.0352429529 | 593326.0644113614 | 595331.5324130334 | 597337.0004147055 | 599342.4684163777 | 601347.9364180496 | 603353.4044197218 | 605358.8724213939 | 607364.340423066 | 609369.8084247382 | 611375.2764264101
 | Residencial Social | 218809.97054802297 | 220737.4292204165 | 222664.88789281 | 224592.3465652035 | 226519.80523759697 | 228481.99289507867 | 230114.25519422273 | 231746.51749336676 | 233378.77979251082 | 235011.04209165485 | 236625.93989825482 | 237771.99640616446 | 238918.0529140741 | 240064.1094219838 | 241210.16592989344 | 242390.95142289126 | 243224.44706500738 | 244057.94270712347 | 244891.4383492396 | 245724.93399135568 | 246593.15861855997 | 247426.6542606761 | 248260.14990279224 | 249093.64554490833 | 249927.1411870244 | 250760.63682914054 | 251594.13247125663 | 252427.62811337278 | 253261.1237554889 | 254094.61939760493
 | Residencial (Fixa) | 0 | 0 | 0 | 0 | 0 | 0 | 0 | 0 | 0 | 0 | 0 | 0 | 0 | 0 | 0 | 0 | 0 | 0 | 0 | 0 | 0 | 0 | 0 | 0 | 0 | 0 | 0 | 0 | 0 | 0
 | Residencial (0 a 5 m³) | 19692.256262795283 | 19865.72189609187 | 20039.187529388455 | 20212.65316268504 | 20386.11879598162 | 20562.709936184456 | 20709.60876077796 | 20856.507585371462 | 21003.40640996497 | 21150.305234558473 | 21295.641305698857 | 21398.783033604934 | 21501.92476151101 | 21605.06648941709 | 21708.20821732317 | 21814.47545213549 | 21889.487617885366 | 21964.49978363524 | 22039.511949385116 | 22114.524115134987 | 22192.661787791112 | 22267.673953540983 | 22342.686119290862 | 22417.698285040737 | 22492.710450790608 | 22567.722616540486 | 22642.734782290358 | 22717.746948040236 | 22792.75911379011 | 22867.771279539982
 | Residencial (> 5m³ a 10m³) | 55780.01968902741 | 56271.37610403273 | 56762.73251903805 | 57254.08893404337 | 57745.44534904868 | 58245.65503279284 | 58661.75866351807 | 59077.86229424329 | 59493.96592496852 | 59910.06955569375 | 60321.74655204955 | 60613.90442043109 | 60906.06228881263 | 61198.220157194184 | 61490.37802557572 | 61791.389162696105 | 62003.867612428134 | 62216.34606216016 | 62428.82451189219 | 62641.30296162422 | 62862.634680095085 | 63075.113129827114 | 63287.59157955916 | 63500.070029291186 | 63712.5484790232 | 63925.02692875524 | 64137.505378487265 | 64349.98382821931 | 64562.46227795134 | 64774.94072768335
 | Residencial (> 10m³ a 15m³) | 64290.5674549933 | 64856.891793339804 | 65423.216131686306 | 65989.5404700328 | 66555.8648083793 | 67132.39318885817 | 67611.98316907954 | 68091.5731493009 | 68571.16312952226 | 69050.75310974361 | 69525.2410688988 | 69861.97445926699 | 70198.70784963516 | 70535.44124000336 | 70872.17463037155 | 71219.11206287211 | 71464.00907404898 | 71708.90608522584 | 71953.8030964027 | 72198.70010757957 | 72453.8011608888 | 72698.69817206568 | 72943.59518324255 | 73188.4921944194 | 73433.38920559626 | 73678.28621677314 | 73923.18322795 | 74168.08023912688 | 74412.97725030374 | 74657.87426148058
 | Residencial (> 15m³ a 20m³) | 46161.46148102295 | 46568.08970294133 | 46974.71792485972 | 47381.3461467781 | 47787.97436869647 | 48201.92922524402 | 48546.28105281455 | 48890.63288038507 | 49234.98470795559 | 49579.33653552611 | 49920.02504578206 | 50161.803988544336 | 50403.58293130661 | 50645.361874068905 | 50887.14081683118 | 51136.24639422263 | 51312.08562532247 | 51487.92485642231 | 51663.76408752215 | 51839.60331862199 | 52022.769184351 | 52198.608415450835 | 52374.44764655068 | 52550.28687765052 | 52726.12610875035 | 52901.9653398502 | 53077.80457095004 | 53253.64380204989 | 53429.48303314973 | 53605.32226424956
 | Residencial (> 20m³ a 40m³) | 42032.56471341897 | 42402.822207521785 | 42773.07970162459 | 43143.33719572741 | 43513.594689830206 | 43890.52349013307 | 44204.07488153545 | 44517.62627293783 | 44831.17766434021 | 45144.72905574259 | 45454.944794044946 | 45675.097898646614 | 45895.25100324828 | 46115.40410784996 | 46335.557212451626 | 46562.38162325335 | 46722.49297205456 | 46882.604320855775 | 47042.71566965699 | 47202.8270184582 | 47369.609673459476 | 47529.72102226069 | 47689.83237106191 | 47849.94371986312 | 48010.055068664326 | 48170.166417465545 | 48330.27776626676 | 48490.389115067985 | 48650.5004638692 | 48810.6118126704
 | Residencial (>40m³) | 10119.436191571313 | 10208.576531009801 | 10297.716870448292 | 10386.857209886783 | 10475.997549325271 | 10566.744021005898 | 10642.23223638624 | 10717.720451766583 | 10793.208667146926 | 10868.696882527269 | 10943.382031786545 | 10996.384395776999 | 11049.386759767453 | 11102.389123757906 | 11155.39148774836 | 11209.99998398095 | 11248.547157792189 | 11287.094331603426 | 11325.641505414666 | 11364.188679225905 | 11404.34198527928 | 11442.889159090517 | 11481.436332901758 | 11519.983506712997 | 11558.530680524233 | 11597.077854335474 | 11635.625028146713 | 11674.172201957954 | 11712.719375769191 | 11751.266549580429
 | Comercial | 44592.56849402674 | 44985.37661265518 | 45378.18473128362 | 45770.99284991206 | 46163.80096854049 | 46563.68671092801 | 46896.33502760434 | 47228.98334428068 | 47561.63166095701 | 47894.27997763335 | 48223.389482430146 | 48456.95106647949 | 48690.51265052883 | 48924.07423457818 | 49157.63581862752 | 49398.275026435935 | 49568.13799665364 | 49738.00096687134 | 49907.86393708904 | 50077.726907306744 | 50254.66750128352 | 50424.530471501224 | 50594.39344171894 | 50764.256411936636 | 50934.11938215433 | 51103.98235237204 | 51273.84532258974 | 51443.70829280745 | 51613.57126302516 | 51783.43423324285
 | Industrial | 2759.220805019618 | 2783.526297389841 | 2807.831789760064 | 2832.137282130287 | 2856.442774500509 | 2881.186203670196 | 2901.769233244979 | 2922.3522628197625 | 2942.9352923945457 | 2963.518321969329 | 2983.8823831443806 | 2998.334297526675 | 3012.7862119089696 | 3027.2381262912645 | 3041.690040673559 | 3056.5798918553173 | 3067.0903750424404 | 3077.600858229564 | 3088.111341416687 | 3098.62182460381 | 3109.5702445903976 | 3120.0807277775207 | 3130.5912109646447 | 3141.101694151768 | 3151.6121773388904 | 3162.1226605260144 | 3172.6331437131375 | 3183.1436269002616 | 3193.6541100873847 | 3204.1645932745073
 | Pública | 22239.065382393146 | 22434.9654107596 | 22630.86543912605 | 22826.7654674925 | 23022.665495858946 | 23222.095254466236 | 23387.99257578557 | 23553.889897104906 | 23719.787218424244 | 23885.68453974358 | 24049.816995942496 | 24166.298093890116 | 24282.779191837733 | 24399.260289785354 | 24515.741387732975 | 24635.75221592143 | 24720.465741701515 | 24805.179267481602 | 24889.89279326169 | 24974.606319041774 | 25062.8495750627 | 25147.563100842784 | 25232.276626622875 | 25316.990152402963 | 25401.703678183043 | 25486.417203963134 | 25571.130729743218 | 25655.84425552331 | 25740.557781303396 | 25825.271307083476
 | TOTAL GERAL  | 15319526.844905471 | 15389496.824053632 | 15459466.803201789 | 15529436.782349953 | 15599406.761498112 | 15669358.187696127 | 15729664.155035082 | 15789970.122374037 | 15850276.089712992 | 15910582.05705195 | 15970854.23990077 | 16005211.602199193 | 16039568.96449761 | 16073926.326796032 | 16108283.689094452 | 16142871.489447875 | 16155826.271367189 | 16168781.053286506 | 16181735.83520582 | 16194690.617125133 | 16207602.976648571 | 16220557.758567885 | 16233512.540487206 | 16246467.322406517 | 16259422.104325831 | 16272376.886245145 | 16285331.668164458 | 16298286.450083775 | 16311241.232003089 | 16324196.013922403
 | Número Estimado de Economias por Categoria
 | Categorias | 1 | 2 | 3 | 4 | 5 | 6 | 7 | 8 | 9 | 10 | 11 | 12 | 13 | 14 | 15 | 16 | 17 | 18 | 19 | 20 | 21 | 22 | 23 | 24 | 25 | 26 | 27 | 28 | 29 | 30
 | Arapuá | 1049.3690611934628 | 1043.4112504751047 | 1037.4534397567468 | 1031.4956290383886 | 1025.5378183200305 | 1019.5800076016724 | 1012.0334473584192 | 1004.4868871151655 | 996.9403268719121 | 989.3937666286585 | 982.6415811478527 | 973.9034587609277 | 965.1653363740025 | 956.4272139870775 | 947.6890916001522 | 939.348156594451 | 930.2128468263022 | 921.077537058153 | 911.942227290004 | 902.806917521855 | 892.8772329912583 | 883.7419232231094 | 874.6066134549602 | 865.4713036868113 | 856.3359939186624 | 847.2006841505133 | 838.0653743823643 | 828.9300646142153 | 819.7947548460664 | 810.6594450779172
 | Residencial Social | 277.45622258949624 | 275.8809601599571 | 274.30569773041793 | 272.7304353008788 | 271.15517287133963 | 269.57991044180045 | 267.58457803105085 | 265.5892456203013 | 263.59391320955166 | 261.59858079880206 | 259.81328337865773 | 257.5028984820003 | 255.19251358534285 | 252.88212868868544 | 250.571743792028 | 248.3663763906732 | 245.95097399871318 | 243.53557160675314 | 241.1201692147931 | 238.70476682283305 | 236.0793294402678 | 233.66392704830778 | 231.24852465634774 | 228.8331222643877 | 226.41771987242768 | 224.00231748046764 | 221.5869150885076 | 219.17151269654755 | 216.7561103045875 | 214.3407079126275
 | Residencial (Fixa) | 43.36113187221416 | 43.114948307458974 | 42.86876474270378 | 42.6225811779486 | 42.3763976131934 | 42.13021404843821 | 41.818381533081634 | 41.506549017725064 | 41.194716502368486 | 40.88288398701191 | 40.60387594695603 | 40.24280671864842 | 39.881737490340804 | 39.5206682620332 | 39.159599033725584 | 38.814942043068314 | 38.43746057711036 | 38.0599791111524 | 37.68249764519444 | 37.30501617923648 | 36.89471023797783 | 36.51722877201988 | 36.13974730606192 | 35.76226584010396 | 35.384784374146 | 35.007302908188045 | 34.62982144223008 | 34.252339976272125 | 33.87485851031417 | 33.497377044356206
 | Residencial (0 a 5 m³) | 189.53851133316465 | 188.46240320674627 | 187.3862950803278 | 186.31018695390944 | 185.23407882749098 | 184.15797070107257 | 182.79490040760922 | 181.4318301141459 | 180.06875982068257 | 178.70568952721922 | 177.48610031727836 | 175.90780839853133 | 174.3295164797843 | 172.7512245610373 | 171.17293264229028 | 169.6663812653045 | 168.01634880479625 | 166.36631634428798 | 164.71628388377974 | 163.0662514232715 | 161.2727378792408 | 159.62270541873255 | 157.9726729582243 | 156.32264049771607 | 154.67260803720782 | 153.02257557669958 | 151.3725431161913 | 149.72251065568307 | 148.07247819517482 | 146.42244573466658
 | Residencial (> 5m³ a 10m³) | 217.95033692192575 | 216.7129201718013 | 215.4755034216768 | 214.23808667155234 | 213.00066992142783 | 211.76325317130335 | 210.19585862114567 | 208.628464070988 | 207.0610695208303 | 205.49367497067263 | 204.09126932053155 | 202.27639142034897 | 200.4615135201664 | 198.6466356199838 | 196.83175771980123 | 195.09937426962696 | 193.2020019194361 | 191.3046295692452 | 189.40725721905434 | 187.50988486886345 | 185.44752361865596 | 183.55015126846513 | 181.65277891827424 | 179.75540656808337 | 177.85803421789248 | 175.96066186770162 | 174.06328951751075 | 172.16591716731986 | 170.268544817129 | 168.3711724669381
 | Residencial (> 10m³ a 15m³) | 160.90330618050007 | 159.98977491906652 | 159.07624365763294 | 158.16271239619937 | 157.2491811347658 | 156.33564987333222 | 155.17851027551635 | 154.0213706777005 | 152.86423107988463 | 151.70709148206876 | 150.67175605244407 | 149.33191020234148 | 147.9920643522389 | 146.65221850213635 | 145.31237265203376 | 144.03342888602677 | 142.6326809518286 | 141.23193301763047 | 139.83118508343233 | 138.43043714923417 | 136.90788504684488 | 135.50713711264675 | 134.1063891784486 | 132.70564124425044 | 131.3048933100523 | 129.90414537585417 | 128.503397441656 | 127.10264950745787 | 125.70190157325972 | 124.30115363906157
 | Residencial (> 15m³ a 20m³) | 80.57989655368358 | 80.12240281851885 | 79.6649090833541 | 79.20741534818936 | 78.74992161302461 | 78.29242787785986 | 77.71293581331786 | 77.13344374877585 | 76.55395168423384 | 75.97445961969183 | 75.45596671983846 | 74.78497590826349 | 74.11398509668854 | 73.44299428511358 | 72.77200347353862 | 72.13151224430798 | 71.43002185038871 | 70.72853145646943 | 70.02704106255015 | 69.32555066863088 | 68.56306111002297 | 67.86157071610371 | 67.16008032218443 | 66.45858992826516 | 65.75709953434588 | 65.05560914042661 | 64.35411874650734 | 63.65262835258806 | 62.95113795866878 | 62.24964756474951
 | Residencial (> 20m³ a 40m³) | 51.13260964740708 | 50.842303385215146 | 50.5519971230232 | 50.261690860831266 | 49.971384598639325 | 49.681078336447385 | 49.313357071004255 | 48.94563580556113 | 48.57791454011801 | 48.21019327467488 | 47.88117951085735 | 47.45539699297584 | 47.02961447509433 | 46.60383195721282 | 46.1780494393313 | 45.771620672262586 | 45.32648440356828 | 44.88134813487397 | 44.43621186617966 | 43.99107559748535 | 43.50723182716545 | 43.06209555847114 | 42.61695928977684 | 42.17182302108253 | 41.72668675238822 | 41.28155048369391 | 40.8364142149996 | 40.391277946305294 | 39.94614167761098 | 39.501005408916676
 | Residencial (>40m³) | 5.85657834493287 | 5.823327521627044 | 5.790076698321217 | 5.756825875015392 | 5.723575051709565 | 5.690324228403739 | 5.6482065188830255 | 5.606088809362312 | 5.5639710998415985 | 5.521853390320885 | 5.484169123907615 | 5.435401249725737 | 5.386633375543858 | 5.33786550136198 | 5.289097627180102 | 5.242546474551944 | 5.191561878816344 | 5.140577283080744 | 5.089592687345143 | 5.038608091609543 | 4.983190052766499 | 4.932205457030899 | 4.881220861295299 | 4.830236265559699 | 4.779251669824099 | 4.728267074088498 | 4.677282478352898 | 4.626297882617298 | 4.575313286881697 | 4.5243286911460965
 | Comercial | 22.59046775013833 | 22.462209984713624 | 22.333952219288918 | 22.20569445386421 | 22.077436688439505 | 21.9491789230148 | 21.78671908681017 | 21.62425925060554 | 21.46179941440091 | 21.29933957819628 | 21.153980777381616 | 20.965869388092045 | 20.777757998802475 | 20.589646609512908 | 20.401535220223337 | 20.22197434862875 | 20.025312441644196 | 19.828650534659648 | 19.631988627675096 | 19.435326720690547 | 19.221563778316035 | 19.024901871331487 | 18.828239964346935 | 18.631578057362386 | 18.434916150377834 | 18.238254243393285 | 18.041592336408733 | 17.844930429424185 | 17.648268522439633 | 17.451606615455084
 | Industrial | 0 | 0 | 0 | 0 | 0 | 0 | 0 | 0 | 0 | 0 | 0 | 0 | 0 | 0 | 0 | 0 | 0 | 0 | 0 | 0 | 0 | 0 | 0 | 0 | 0 | 0 | 0 | 0 | 0 | 0
 | Pública | 0 | 0 | 0 | 0 | 0 | 0 | 0 | 0 | 0 | 0 | 0 | 0 | 0 | 0 | 0 | 0 | 0 | 0 | 0 | 0 | 0 | 0 | 0 | 0 | 0 | 0 | 0 | 0 | 0 | 0
 | Coromandel | 12699.81297155119 | 12706.960926143838 | 12714.108880736489 | 12721.256835329134 | 12728.404789921784 | 12736.393680348861 | 12717.472624074204 | 12698.551567799545 | 12679.630511524883 | 12660.709455250224 | 12641.788398975565 | 12605.207690177891 | 12568.62698138022 | 12532.046272582545 | 12495.465563784868 | 12458.04391915277 | 12405.485429500935 | 12352.926939849107 | 12300.368450197278 | 12247.80996054544 | 12195.671938810829 | 12143.113449158995 | 12090.554959507166 | 12037.996469855332 | 11985.437980203502 | 11932.879490551673 | 11880.321000899843 | 11827.762511248013 | 11775.204021596179 | 11722.64553194435
 | Residencial Social | 4423.408328817918 | 4425.897997126417 | 4428.387665434916 | 4430.877333743415 | 4433.367002051914 | 4436.149572514354 | 4429.55927405068 | 4422.968975587006 | 4416.378677123332 | 4409.7883786596585 | 4403.198080195984 | 4390.456836499548 | 4377.7155928031125 | 4364.9743491066765 | 4352.23310541024 | 4339.1989595598625 | 4320.892574938546 | 4302.58619031723 | 4284.279805695914 | 4265.973421074597 | 4247.813487530251 | 4229.507102908935 | 4211.200718287619 | 4192.894333666302 | 4174.587949044985 | 4156.281564423669 | 4137.9751798023535 | 4119.668795181037 | 4101.36241055972 | 4083.0560259384038
 | Residencial (Fixa) | 262.8275640364024 | 262.97549373407884 | 263.12342343175527 | 263.2713531294317 | 263.41928282710813 | 263.5846160186288 | 263.1930374071324 | 262.80145879563594 | 262.4098801841395 | 262.0183015726431 | 261.6267229611467 | 260.8696709789202 | 260.1126189966938 | 259.3555670144674 | 258.598515032241 | 257.82405955617025 | 256.7363411909024 | 255.64862282563456 | 254.56090446036671 | 253.47318609509887 | 252.39416947675315 | 251.30645111148527 | 250.21873274621743 | 249.13101438094958 | 248.0432960156817 | 246.95557765041386 | 245.867859285146 | 244.78014091987816 | 243.6924225546103 | 242.60470418934244
 | Residencial (0 a 5 m³) | 1740.4604308720054 | 1741.4400305053261 | 1742.419630138647 | 1743.3992297719678 | 1744.378829405289 | 1745.4736760542946 | 1742.8806182013864 | 1740.287560348478 | 1737.6945024955698 | 1735.1014446426618 | 1732.5083867897536 | 1727.4951416074641 | 1722.481896425175 | 1717.4686512428857 | 1712.4554060605963 | 1707.3269138626224 | 1700.1239753823218 | 1692.921036902021 | 1685.7180984217205 | 1678.5151599414198 | 1671.3698449689616 | 1664.1669064886607 | 1656.9639680083603 | 1649.7610295280597 | 1642.5580910477588 | 1635.3551525674584 | 1628.1522140871577 | 1620.949275606857 | 1613.7463371265562 | 1606.5433986462558
 | Residencial (> 5m³ a 10m³) | 2396.257325527702 | 2397.6060334648614 | 2398.954741402021 | 2400.3034493391806 | 2401.652157276341 | 2403.159536735519 | 2399.589427490096 | 2396.0193182446737 | 2392.449208999251 | 2388.8790997538285 | 2385.3089905084057 | 2378.4067793005884 | 2371.504568092771 | 2364.602356884954 | 2357.700145677137 | 2350.639262947301 | 2340.7222928211268 | 2330.805322694953 | 2320.888352568779 | 2310.9713824426044 | 2301.13374807744 | 2291.2167779512656 | 2281.2998078250916 | 2271.3828376989177 | 2261.4658675727433 | 2251.5488974465693 | 2241.6319273203953 | 2231.7149571942214 | 2221.797987068047 | 2211.881016941873
 | Residencial (> 10m³ a 15m³) | 1459.5802040959293 | 1460.4017132824486 | 1461.2232224689678 | 1462.0447316554873 | 1462.8662408420068 | 1463.7843981681165 | 1461.60981502733 | 1459.4352318865433 | 1457.2606487457567 | 1455.0860656049704 | 1452.9114824641838 | 1448.7072883919964 | 1444.5030943198092 | 1440.298900247622 | 1436.0947061754343 | 1431.7938639636568 | 1425.7533552392497 | 1419.7128465148426 | 1413.6723377904354 | 1407.6318290660286 | 1401.6396444114166 | 1395.5991356870095 | 1389.5586269626024 | 1383.5181182381955 | 1377.4776095137881 | 1371.4371007893812 | 1365.3965920649741 | 1359.3560833405672 | 1353.31557461616 | 1347.275065891753
 | Residencial (> 15m³ a 20m³) | 640.2818780034303 | 640.6422538452412 | 641.0026296870521 | 641.363005528863 | 641.7233813706741 | 642.1261543703451 | 641.1722183184926 | 640.21828226664 | 639.2643462147875 | 638.310410162935 | 637.3564741110824 | 635.5121977441675 | 633.6679213772526 | 631.8236450103376 | 629.9793686434226 | 628.0926951186477 | 625.4428727523906 | 622.7930503861335 | 620.1432280198765 | 617.4934056536193 | 614.8647818662923 | 612.2149595000352 | 609.5651371337782 | 606.9153147675211 | 604.2654924012639 | 601.6156700350069 | 598.9658476687499 | 596.3160253024928 | 593.6662029362357 | 591.0163805699787
 | Residencial (> 20m³ a 40m³) | 378.9615699349774 | 379.1748644220948 | 379.38815890921217 | 379.6014533963296 | 379.81474788344707 | 380.0531358396371 | 379.48853278550274 | 378.9239297313684 | 378.35932667723404 | 377.7947236230997 | 377.23012056896533 | 376.13855466430556 | 375.04698875964584 | 373.9554228549861 | 372.8638569503263 | 371.747197576594 | 370.1788557595541 | 368.6105139425142 | 367.04217212547434 | 365.4738303084345 | 363.91803522593096 | 362.349693408891 | 360.7813515918512 | 359.2130097748113 | 357.64466795777145 | 356.07632614073157 | 354.50798432369174 | 352.93964250665186 | 351.371300689612 | 349.8029588725721
 | Residencial (>40m³) | 20.156727489152072 | 20.168072488732115 | 20.179417488312154 | 20.190762487892197 | 20.20210748747224 | 20.214787192885225 | 20.18475631164394 | 20.154725430402653 | 20.124694549161365 | 20.094663667920077 | 20.064632786678793 | 20.006573082945632 | 19.94851337921248 | 19.890453675479325 | 19.832393971746168 | 19.77299956218007 | 19.689580447620937 | 19.606161333061802 | 19.52274221850267 | 19.43932310394354 | 19.35657134230088 | 19.27315222774175 | 19.18973311318262 | 19.106313998623488 | 19.022894884064353 | 18.939475769505226 | 18.856056654946094 | 18.772637540386963 | 18.68921842582783 | 18.605799311268697
 | Comercial | 1167.487489738292 | 1168.1445976486862 | 1168.8017055590806 | 1169.4588134694748 | 1170.1159213798694 | 1170.8503361032513 | 1169.1109328110308 | 1167.3715295188103 | 1165.6321262265901 | 1163.8927229343699 | 1162.1533196421494 | 1158.7904732771901 | 1155.4276269122308 | 1152.0647805472715 | 1148.701934182312 | 1145.2617810043653 | 1140.4301051926423 | 1135.598429380919 | 1130.7667535691958 | 1125.9350777574728 | 1121.1420553522432 | 1116.31037954052 | 1111.478703728797 | 1106.6470279170737 | 1101.8153521053505 | 1096.9836762936275 | 1092.1520004819042 | 1087.3203246701812 | 1082.488648858458 | 1077.6569730467347
 | Industrial | 86.23484517971907 | 86.28338154470568 | 86.33191790969227 | 86.38045427467887 | 86.42899063966547 | 86.48323716523872 | 86.3547585520389 | 86.22627993883908 | 86.09780132563925 | 85.96932271243945 | 85.84084409923963 | 85.59245211371997 | 85.34406012820033 | 85.09566814268067 | 84.84727615716102 | 84.59317401105471 | 84.23628897438854 | 83.87940393772237 | 83.5225189010562 | 83.16563386439005 | 82.8116039080172 | 82.45471887135103 | 82.09783383468488 | 81.7409487980187 | 81.38406376135254 | 81.02717872468638 | 80.67029368802021 | 80.31340865135405 | 79.95652361468787 | 79.59963857802171
 | Pública | 124.15660785566095 | 124.22648808124518 | 124.29636830682941 | 124.36624853241365 | 124.43612875799789 | 124.51423018659203 | 124.32925311886905 | 124.14427605114608 | 123.9592989834231 | 123.77432191570014 | 123.58934484797716 | 123.23172251704607 | 122.87410018611499 | 122.51647785518391 | 122.1588555242528 | 121.79301199031183 | 121.27918680219246 | 120.76536161407306 | 120.25153642595369 | 119.73771123783432 | 119.2279966512199 | 118.71417146310051 | 118.20034627498114 | 117.68652108686177 | 117.17269589874239 | 116.65887071062302 | 116.14504552250365 | 115.63122033438428 | 115.11739514626488 | 114.60356995814551
 | Cruzeiro da Fortaleza | 1680.6951520131468 | 1682.5390304026291 | 1684.3829087921122 | 1686.2267871815939 | 1688.0706655710765 | 1690.8364831553 | 1690.375513557929 | 1689.9145439605586 | 1689.4535743631882 | 1688.9926047658178 | 1687.6096959737058 | 1683.921939194741 | 1680.2341824157766 | 1676.546425636812 | 1672.8586688578469 | 1669.6318816762532 | 1664.100246507806 | 1658.568611339359 | 1653.0369761709117 | 1647.505341002465 | 1641.9737058340181 | 1636.4420706655717 | 1630.9104354971241 | 1625.3788003286768 | 1619.84716516023 | 1614.315529991783 | 1608.783894823336 | 1603.2522596548893 | 1597.7206244864417 | 1592.188989317995
 | Residencial Social | 1017.9468059873441 | 1019.0635880015924 | 1020.1803700158408 | 1021.2971520300891 | 1022.4139340443375 | 1024.0891070657099 | 1023.8099115621478 | 1023.5307160585857 | 1023.2515205550237 | 1022.9723250514616 | 1022.1347385407754 | 1019.9011745122787 | 1017.667610483782 | 1015.4340464552854 | 1013.2004824267888 | 1011.2461139018542 | 1007.8957678591092 | 1004.5454218163643 | 1001.1950757736194 | 997.8447297308744 | 994.4943836881295 | 991.1440376453844 | 987.7936916026395 | 984.4433455598945 | 981.0929995171495 | 977.7426534744046 | 974.3923074316596 | 971.0419613889147 | 967.6916153461697 | 964.3412693034247
 | Residencial (Fixa) | 27.458558143469364 | 27.488682727280082 | 27.5188073110908 | 27.54893189490152 | 27.57905647871224 | 27.624243354428316 | 27.616712208475633 | 27.609181062522953 | 27.601649916570278 | 27.594118770617595 | 27.57152533275956 | 27.51127616513812 | 27.451026997516685 | 27.39077782989525 | 27.330528662273814 | 27.277810640605058 | 27.187436889172904 | 27.09706313774075 | 27.006689386308597 | 26.916315634876444 | 26.82594188344429 | 26.735568132012137 | 26.64519438057998 | 26.554820629147827 | 26.464446877715673 | 26.37407312628352 | 26.283699374851366 | 26.193325623419213 | 26.10295187198706 | 26.012578120554906
 | Residencial (0 a 5 m³) | 120.02579289687192 | 120.15747231859092 | 120.28915174030993 | 120.42083116202893 | 120.55251058374795 | 120.75002971632644 | 120.71710986089668 | 120.68419000546693 | 120.65127015003719 | 120.61835029460744 | 120.51959072831819 | 120.25623188488018 | 119.99287304144217 | 119.72951419800417 | 119.46615535456615 | 119.2357163665579 | 118.8406781014009 | 118.44563983624387 | 118.05060157108687 | 117.65556330592985 | 117.26052504077285 | 116.86548677561584 | 116.47044851045881 | 116.07541024530181 | 115.68037198014478 | 115.28533371498779 | 114.89029544983076 | 114.49525718467376 | 114.10021891951675 | 113.70518065435974
 | Residencial (> 5m³ a 10m³) | 138.01766098717485 | 138.16907915611304 | 138.32049732505126 | 138.47191549398948 | 138.62333366292768 | 138.85046091633498 | 138.81260637410043 | 138.77475183186587 | 138.73689728963134 | 138.6990427473968 | 138.58547912069312 | 138.2826427828167 | 137.9798064449403 | 137.67697010706388 | 137.37413376918747 | 137.1091519735456 | 136.654897466731 | 136.20064295991637 | 135.74638845310176 | 135.29213394628715 | 134.83787943947252 | 134.3836249326579 | 133.92937042584327 | 133.47511591902867 | 133.02086141221403 | 132.56660690539942 | 132.1123523985848 | 131.65809789177018 | 131.20384338495558 | 130.74958887814097
 | Residencial (> 10m³ a 15m³) | 101.89246907239713 | 102.004254556843 | 102.11604004128885 | 102.2278255257347 | 102.33961101018056 | 102.50728923684935 | 102.47934286573788 | 102.45139649462641 | 102.42345012351495 | 102.39550375240349 | 102.3116646390691 | 102.08809367017739 | 101.86452270128567 | 101.64095173239396 | 101.41738076350225 | 101.221756165722 | 100.88639971238445 | 100.55104325904686 | 100.21568680570931 | 99.88033035237174 | 99.54497389903418 | 99.20961744569661 | 98.87426099235904 | 98.53890453902147 | 98.2035480856839 | 97.86819163234634 | 97.53283517900877 | 97.19747872567122 | 96.86212227233364 | 96.52676581899608
 | Residencial (> 15m³ a 20m³) | 51.02744506842331 | 51.08342690612866 | 51.139408743834004 | 51.19539058153936 | 51.2513724192447 | 51.33534517580272 | 51.32134971637638 | 51.30735425695004 | 51.29335879752371 | 51.27936333809737 | 51.23737695981836 | 51.12541328440767 | 51.01344960899697 | 50.90148593358629 | 50.78952225817559 | 50.691554042191235 | 50.5236085290752 | 50.35566301595915 | 50.18771750284312 | 50.019771989727076 | 49.85182647661104 | 49.683880963495 | 49.515935450378954 | 49.347989937262916 | 49.18004442414688 | 49.01209891103084 | 48.844153397914795 | 48.676207884798764 | 48.50826237168272 | 48.34031685856668
 | Residencial (> 20m³ a 40m³) | 32.379868200127675 | 32.41539191729731 | 32.45091563446696 | 32.4864393516366 | 32.52196306880624 | 32.5752486445607 | 32.566367715268285 | 32.557486785975875 | 32.54860585668347 | 32.539724927391056 | 32.51308213951383 | 32.44203470517454 | 32.370987270835265 | 32.29993983649598 | 32.2288924021567 | 32.16672589710983 | 32.060154745600904 | 31.953583594091985 | 31.84701244258306 | 31.740441291074138 | 31.633870139565218 | 31.52729898805629 | 31.420727836547368 | 31.314156685038448 | 31.20758553352952 | 31.1010143820206 | 30.994443230511678 | 30.887872079002758 | 30.78130092749383 | 30.67472977598491
 | Residencial (>40m³) | 3.7086946318661935 | 3.7127634136894145 | 3.716832195512636 | 3.7209009773358575 | 3.724969759159079 | 3.7310729318939106 | 3.7300557364381053 | 3.7290385409822995 | 3.7280213455264946 | 3.727004150070689 | 3.723952563703273 | 3.7158150000568306 | 3.7076774364103877 | 3.6995398727639457 | 3.691402309117503 | 3.6842819409268657 | 3.672075595457202 | 3.6598692499875383 | 3.6476629045178743 | 3.6354565590482104 | 3.623250213578547 | 3.6110438681088826 | 3.5988375226392186 | 3.586631177169555 | 3.5744248316998912 | 3.5622184862302273 | 3.5500121407605634 | 3.5378057952909 | 3.525599449821236 | 3.513393104351572
 | Comercial | 112.60657518488085 | 112.73011503697617 | 112.85365488907149 | 112.97719474116681 | 113.10073459326213 | 113.2860443714051 | 113.25515940838126 | 113.22427444535744 | 113.19338948233361 | 113.16250451930978 | 113.0698496302383 | 112.82276992604766 | 112.57569022185702 | 112.3286105176664 | 112.08153081347577 | 111.86533607230896 | 111.49471651602302 | 111.12409695973706 | 110.75347740345111 | 110.38285784716516 | 110.01223829087922 | 109.64161873459327 | 109.2709991783073 | 108.90037962202136 | 108.52976006573542 | 108.15914050944947 | 107.78852095316351 | 107.41790139687757 | 107.04728184059161 | 106.67666228430568
 | Industrial | 5.042085456039441 | 5.047617091207888 | 5.053148726376335 | 5.058680361544782 | 5.0642119967132295 | 5.0725094494659 | 5.071126540673788 | 5.069743631881676 | 5.068360723089564 | 5.066977814297453 | 5.062829087921117 | 5.051765817584223 | 5.040702547247329 | 5.029639276910435 | 5.018576006573541 | 5.008895645028759 | 4.992300739523419 | 4.975705834018077 | 4.959110928512737 | 4.9425160230073955 | 4.925921117502054 | 4.909326211996713 | 4.892731306491372 | 4.876136400986031 | 4.8595414954806895 | 4.842946589975349 | 4.826351684470008 | 4.809756778964667 | 4.793161873459326 | 4.776566967953985
 | Pública | 70.58919638455218 | 70.66663927691043 | 70.7440821692687 | 70.82152506162696 | 70.89896795398522 | 71.0151322925226 | 70.99577156943303 | 70.97641084634347 | 70.95705012325391 | 70.93768940016434 | 70.87960723089564 | 70.72472144617913 | 70.5698356614626 | 70.4149498767461 | 70.26006409202958 | 70.12453903040263 | 69.89221035332785 | 69.65988167625308 | 69.42755299917832 | 69.19522432210353 | 68.96289564502877 | 68.73056696795399 | 68.49823829087921 | 68.26590961380444 | 68.03358093672966 | 67.80125225965489 | 67.56892358258011 | 67.33659490550535 | 67.10426622843056 | 66.8719375513558
 | Guimarânia | 3380.524485798237 | 3411.829089128306 | 3443.1336924583748 | 3474.4382957884422 | 3505.742899118511 | 3536.674828599413 | 3563.8800195886392 | 3591.0852105778645 | 3618.290401567091 | 3645.495592556317 | 3672.328109696376 | 3693.94319294809 | 3715.558276199805 | 3737.173359451518 | 3758.7884427032327 | 3781.148873653282 | 3796.801175318316 | 3812.4534769833494 | 3828.105778648384 | 3843.7580803134183 | 3858.665034280118 | 3874.3173359451516 | 3889.9696376101856 | 3905.62193927522 | 3921.2742409402545 | 3936.92654260529 | 3952.5788442703233 | 3968.2311459353587 | 3983.883447600392 | 3999.5357492654257
 | Residencial Social | 1990.9716884381478 | 2009.4086437714966 | 2027.845599104845 | 2046.2825544381933 | 2064.719509771542 | 2082.9369775413984 | 2098.959569676332 | 2114.982161811266 | 2131.0047539462 | 2147.0273460811336 | 2162.830450652575 | 2175.5607293351254 | 2188.2910080176757 | 2201.0212867002256 | 2213.751565382776 | 2226.9208191923103 | 2236.139296858985 | 2245.357774525659 | 2254.5762521923334 | 2263.7947298590075 | 2272.5742323986974 | 2281.7927100653715 | 2291.0111877320455 | 2300.22966539872 | 2309.4481430653946 | 2318.6666207320686 | 2327.8850983987427 | 2337.103576065417 | 2346.3220537320917 | 2355.540531398766
 | Residencial (Fixa) | 56.989047302402156 | 57.51678183810956 | 58.044516373816954 | 58.57225090952434 | 59.099985445231745 | 59.62143742694262 | 60.080063868688335 | 60.53869031043404 | 60.997316752179756 | 61.45594319392547 | 61.90828708167467 | 62.272675213472624 | 62.63706334527059 | 63.00145147706855 | 63.365839608866516 | 63.74279284865751 | 64.00666011651121 | 64.27052738436491 | 64.53439465221861 | 64.7982619200723 | 65.04956407993296 | 65.31343134778668 | 65.57729861564036 | 65.84116588349406 | 66.10503315134775 | 66.36890041920145 | 66.63276768705515 | 66.89663495490885 | 67.16050222276256 | 67.42436949061624
 | Residencial (0 a 5 m³) | 249.10833093160772 | 251.41514382966255 | 253.72195672771733 | 256.0287696257721 | 258.33558252382693 | 260.61493336357154 | 262.6196636202144 | 264.62439387685725 | 266.6291241335001 | 268.633854390143 | 270.61112258847567 | 272.20392197046584 | 273.7967213524561 | 275.3895207344463 | 276.98232011643654 | 278.6300436150471 | 279.7834500640745 | 280.9368565131019 | 282.0902629621293 | 283.24366941115665 | 284.3421517435637 | 285.49555819259115 | 286.6489646416185 | 287.8023710906459 | 288.9557775396733 | 290.1091839887007 | 291.2625904377281 | 292.4159968867555 | 293.5694033357829 | 294.7228097848103
 | Residencial (> 5m³ a 10m³) | 286.4496733393014 | 289.1022775241213 | 291.7548817089412 | 294.4074858937611 | 297.060090078581 | 299.6811156421531 | 301.98635499324655 | 304.29159434434 | 306.5968336954335 | 308.902073046527 | 311.1757337763726 | 313.0072938087483 | 314.8388538411239 | 316.6704138734995 | 318.5019739058752 | 320.39669118074653 | 321.72299327315653 | 323.0492953655665 | 324.3755974579764 | 325.7018995503864 | 326.9650444003006 | 328.29134649271055 | 329.6176485851205 | 330.94395067753044 | 332.2702527699404 | 333.59655486235033 | 334.9228569547603 | 336.2491590471703 | 337.5754611395802 | 338.9017632319902
 | Residencial (> 10m³ a 15m³) | 211.47340327869492 | 213.43170620840613 | 215.39000913811734 | 217.34831206782852 | 219.30661499753975 | 221.24160479713535 | 222.94346329557484 | 224.64532179401434 | 226.34718029245383 | 228.04903879089338 | 229.72758415921726 | 231.0797457059226 | 232.43190725262798 | 233.7840687993333 | 235.13623034603867 | 236.53501815297525 | 237.51416961783085 | 238.49332108268646 | 239.47247254754208 | 240.45162401239767 | 241.38414921702207 | 242.36330068187766 | 243.34245214673325 | 244.32160361158887 | 245.3007550764445 | 246.27990654130008 | 247.25905800615567 | 248.2382094710113 | 249.2173609358669 | 250.1965124007225
 | Residencial (> 15m³ a 20m³) | 105.90525057910708 | 106.88596285434079 | 107.8666751295745 | 108.8473874048082 | 109.82809968004193 | 110.7971368091419 | 111.64942247690453 | 112.50170814466715 | 113.35399381242978 | 114.20627948019242 | 115.04689000182132 | 115.72404847757792 | 116.40120695333454 | 117.07836542909114 | 117.75552390484775 | 118.45603267287183 | 118.94638881048868 | 119.43674494810554 | 119.9271010857224 | 120.41745722333926 | 120.88446306868863 | 121.3748192063055 | 121.86517534392235 | 122.3555314815392 | 122.84588761915606 | 123.33624375677292 | 123.82659989438977 | 124.31695603200663 | 124.80731216962349 | 125.29766830724034
 | Residencial (> 20m³ a 40m³) | 67.20301302279057 | 67.82533174111428 | 68.447650459438 | 69.0699691777617 | 69.69228789608543 | 70.30719805823863 | 70.8480226586866 | 71.3888472591346 | 71.92967185958258 | 72.47049646003057 | 73.00391250430805 | 73.43360876219822 | 73.86330502008842 | 74.29300127797859 | 74.72269753586878 | 75.1672109061 | 75.47837026526186 | 75.78952962442372 | 76.10068898358557 | 76.41184834274743 | 76.70819058956825 | 77.01934994873011 | 77.33050930789196 | 77.6416686670538 | 77.95282802621567 | 78.26398738537752 | 78.57514674453938 | 78.88630610370124 | 79.19746546286311 | 79.50862482202496
 | Residencial (>40m³) | 7.697234964096442 | 7.768513515191591 | 7.839792066286741 | 7.91107061738189 | 7.98234916847704 | 8.052779165392485 | 8.114723620510889 | 8.176668075629292 | 8.238612530747696 | 8.3005569858661 | 8.3616528868048 | 8.41086902922764 | 8.460085171650482 | 8.509301314073323 | 8.558517456496165 | 8.609430707278413 | 8.645069982825989 | 8.680709258373565 | 8.716348533921138 | 8.751987809468714 | 8.78592997665688 | 8.821569252204455 | 8.857208527752029 | 8.892847803299604 | 8.928487078847178 | 8.964126354394754 | 8.999765629942328 | 9.035404905489903 | 9.071044181037479 | 9.106683456585053
 | Comercial | 283.5968961241521 | 286.2230827931444 | 288.84926946213665 | 291.47545613112885 | 294.10164280012117 | 296.6965653421016 | 298.9788466139639 | 301.2611278858262 | 303.54340915768853 | 305.8256904295509 | 308.0767075744014 | 309.8900269410865 | 311.70334630777165 | 313.51666567445676 | 315.3299850411419 | 317.20583266185065 | 318.5189259963468 | 319.8320193308429 | 321.14511266533907 | 322.4582059998352 | 323.70877108030766 | 325.0218644148038 | 326.3349577492999 | 327.6480510837961 | 328.9611444182922 | 330.2742377527883 | 331.58733108728444 | 332.9004244217806 | 334.21351775627676 | 335.52661109077286
 | Industrial | 14.580579191192394 | 14.715599437257897 | 14.850619683323398 | 14.985639929388897 | 15.1206601754544 | 15.25407303763817 | 15.371412061004616 | 15.488751084371064 | 15.60609010773751 | 15.72342913110396 | 15.839160770588675 | 15.932389035729138 | 16.025617300869605 | 16.11884556601007 | 16.212073831150533 | 16.30851686405446 | 16.376026987087215 | 16.443537110119966 | 16.511047233152716 | 16.578557356185467 | 16.64285271145475 | 16.710362834487505 | 16.777872957520252 | 16.845383080553002 | 16.912893203585753 | 16.980403326618504 | 17.047913449651254 | 17.115423572684005 | 17.18293369571676 | 17.250443818749506
 | Pública | 106.54936862674442 | 107.53604561546084 | 108.52272260417725 | 109.50939959289364 | 110.49607658161007 | 111.47100741569889 | 112.32847670351195 | 113.18594599132503 | 114.04341527913809 | 114.90088456695116 | 115.74660770013666 | 116.42788466853608 | 117.10916163693551 | 117.79043860533493 | 118.47171557373436 | 119.17648485138892 | 119.66982334574713 | 120.16316184010535 | 120.65650033446354 | 121.14983882882174 | 121.6196850139248 | 122.113023508283 | 122.60636200264119 | 123.0997004969994 | 123.59303899135762 | 124.0863774857158 | 124.57971598007401 | 125.07305447443223 | 125.56639296879044 | 126.05973146314862
 | Lagoa Formosa | 7473.223656369023 | 7505.283008887008 | 7537.342361404993 | 7569.401713922981 | 7601.461066440965 | 7633.143250105798 | 7651.624523910285 | 7670.105797714769 | 7688.587071519255 | 7707.068345323741 | 7726.303956834532 | 7733.470165044436 | 7740.63637325434 | 7747.8025814642415 | 7754.968789674143 | 7762.889335590351 | 7758.363309352518 | 7753.8372831146835 | 7749.311256876852 | 7744.785230639019 | 7740.259204401185 | 7735.733178163352 | 7731.207151925519 | 7726.681125687685 | 7722.155099449852 | 7717.629073212019 | 7713.103046974185 | 7708.577020736353 | 7704.05099449852 | 7699.5249682606855
 | Residencial Social | 2288.2579311076383 | 2298.0743197290244 | 2307.890708350411 | 2317.7070969717975 | 2327.5234855931835 | 2337.2243872896124 | 2342.8832466125295 | 2348.542105935446 | 2354.200965258363 | 2359.85982458128 | 2365.7496577541115 | 2367.943909328304 | 2370.138160902496 | 2372.3324124766887 | 2374.5266640508808 | 2376.9518894749876 | 2375.566046375498 | 2374.1802032760083 | 2372.7943601765182 | 2371.4085170770286 | 2370.022673977539 | 2368.636830878049 | 2367.250987778559 | 2365.865144679069 | 2364.4793015795794 | 2363.09345848009 | 2361.7076153805997 | 2360.32177228111 | 2358.93592918162 | 2357.5500860821303
 | Residencial (Fixa) | 280.57863491391146 | 281.7822880868035 | 282.9859412596955 | 284.18959443258757 | 285.3932476054796 | 286.5827401528082 | 287.2766108054165 | 287.97048145802484 | 288.66435211063316 | 289.3582227632415 | 290.0804146669767 | 290.349466552682 | 290.6185184383873 | 290.88757032409256 | 291.15662220979783 | 291.45399534662994 | 291.2840678398687 | 291.1141403331075 | 290.9442128263463 | 290.7742853195851 | 290.6043578128239 | 290.4344303060626 | 290.2645027993014 | 290.0945752925402 | 289.9246477857789 | 289.7547202790177 | 289.5847927722565 | 289.4148652654953 | 289.244937758734 | 289.0750102519728
 | Residencial (0 a 5 m³) | 1226.4545337561253 | 1231.715896195273 | 1236.9772586344207 | 1242.2386210735683 | 1247.499983512716 | 1252.6994475702265 | 1255.732468270441 | 1258.7654889706555 | 1261.7985096708699 | 1264.8315303710845 | 1267.988347834573 | 1269.1644170856766 | 1270.3404863367803 | 1271.5165555878839 | 1272.6926248389875 | 1273.9924908533649 | 1273.2497102737207 | 1272.5069296940762 | 1271.7641491144318 | 1271.0213685347876 | 1270.2785879551432 | 1269.535807375499 | 1268.7930267958545 | 1268.05024621621 | 1267.3074656365657 | 1266.5646850569212 | 1265.821904477277 | 1265.0791238976326 | 1264.3363433179882 | 1263.5935627383437
 | Residencial (> 5m³ a 10m³) | 1410.3000860954783 | 1416.350126840311 | 1422.400167585144 | 1428.4502083299765 | 1434.5002490748093 | 1440.479112869703 | 1443.966783416724 | 1447.4544539637452 | 1450.9421245107665 | 1454.4297950577877 | 1458.0598195046873 | 1459.4121815535323 | 1460.7645436023772 | 1462.1169056512222 | 1463.4692677000671 | 1464.9639836487904 | 1464.10986024952 | 1463.2557368502494 | 1462.4016134509789 | 1461.5474900517086 | 1460.693366652438 | 1459.8392432531675 | 1458.985119853897 | 1458.1309964546265 | 1457.276873055356 | 1456.4227496560854 | 1455.568626256815 | 1454.7145028575444 | 1453.8603794582739 | 1453.0062560590036
 | Residencial (> 10m³ a 15m³) | 1041.1635502114154 | 1045.630033595284 | 1050.0965169791525 | 1054.5630003630208 | 1059.0294837468894 | 1063.4434202674183 | 1066.01821657106 | 1068.593012874702 | 1071.1678091783438 | 1073.7426054819857 | 1076.4224955123068 | 1077.4208859157598 | 1078.4192763192127 | 1079.4176667226657 | 1080.4160571261186 | 1081.5195412562507 | 1080.888978896175 | 1080.2584165360997 | 1079.6278541760241 | 1078.9972918159488 | 1078.3667294558732 | 1077.7361670957976 | 1077.105604735722 | 1076.4750423756464 | 1075.8444800155708 | 1075.2139176554954 | 1074.5833552954198 | 1073.9527929353442 | 1073.3222305752686 | 1072.691668215193
 | Residencial (> 15m³ a 20m³) | 521.4116052866369 | 523.6484068637725 | 525.8852084409081 | 528.1220100180436 | 530.3588115951792 | 532.5692978596426 | 533.8587481805796 | 535.1481985015165 | 536.4376488224535 | 537.7270991433904 | 539.0691800896718 | 539.5691710304433 | 540.0691619712148 | 540.5691529119863 | 541.0691438527577 | 541.6217654188736 | 541.3059816668074 | 540.9901979147412 | 540.674414162675 | 540.3586304106088 | 540.0428466585427 | 539.7270629064765 | 539.4112791544102 | 539.095495402344 | 538.7797116502778 | 538.4639278982116 | 538.1481441461455 | 537.8323603940793 | 537.516576642013 | 537.2007928899468
 | Residencial (> 20m³ a 40m³) | 330.865851397407 | 332.28523150080764 | 333.70461160420825 | 335.12399170760887 | 336.5433718110095 | 337.9460533249583 | 338.76428420809515 | 339.5825150912319 | 340.40074597436876 | 341.2189768575056 | 342.07060491954593 | 342.3878781191296 | 342.70515131871326 | 343.02242451829693 | 343.33969771788065 | 343.6903680963678 | 343.48998502294654 | 343.28960194952526 | 343.08921887610404 | 342.8888358026828 | 342.68845272926154 | 342.48806965584026 | 342.287686582419 | 342.0873035089977 | 341.8869204355765 | 341.6865373621552 | 341.4861542887339 | 341.28577121531265 | 341.0853881418914 | 340.88500506847015
 | Residencial (>40m³) | 37.896399063803564 | 38.05897067581645 | 38.22154228782933 | 38.38411389984222 | 38.5466855118551 | 38.70734451666784 | 38.80106226947527 | 38.894780022282696 | 38.98849777509012 | 39.082215527897546 | 39.179758495105276 | 39.21609803190816 | 39.25243756871104 | 39.28877710551392 | 39.3251166423168 | 39.365281393519986 | 39.342330107118165 | 39.319378820716345 | 39.296427534314525 | 39.27347624791271 | 39.25052496151089 | 39.22757367510907 | 39.20462238870725 | 39.18167110230543 | 39.158719815903616 | 39.135768529501796 | 39.112817243099975 | 39.089865956698155 | 39.066914670296335 | 39.043963383894514
 | Comercial | 260.81550560727885 | 261.9343770101566 | 263.0532484130343 | 264.17211981591197 | 265.29099121878966 | 266.39669942869233 | 267.0416958844689 | 267.68669234024543 | 268.331688796022 | 268.97668525179853 | 269.64800809352516 | 269.8981087600508 | 270.1482094265764 | 270.398310093102 | 270.6484107596276 | 270.92483781210325 | 270.76687949640285 | 270.6089211807025 | 270.4509628650021 | 270.29300454930177 | 270.1350462336014 | 269.977087917901 | 269.81912960220063 | 269.66117128650023 | 269.50321297079984 | 269.34525465509944 | 269.1872963393991 | 269.0293380236987 | 268.8713797079983 | 268.7134213922979
 | Industrial | 0 | 0 | 0 | 0 | 0 | 0 | 0 | 0 | 0 | 0 | 0 | 0 | 0 | 0 | 0 | 0 | 0 | 0 | 0 | 0 | 0 | 0 | 0 | 0 | 0 | 0 | 0 | 0 | 0 | 0
 | Pública | 75.47955892932713 | 75.80335838975877 | 76.12715785019043 | 76.45095731062209 | 76.77475677105375 | 77.09474682606856 | 77.28140769149387 | 77.46806855691916 | 77.65472942234447 | 77.84139028776978 | 78.03566996402877 | 78.10804866694879 | 78.18042736986881 | 78.25280607278883 | 78.32518477570885 | 78.40518228946254 | 78.35946942446043 | 78.31375655945831 | 78.2680436944562 | 78.22233082945408 | 78.17661796445196 | 78.13090509944985 | 78.08519223444773 | 78.03947936944562 | 77.9937665044435 | 77.94805363944138 | 77.90234077443927 | 77.85662790943715 | 77.81091504443503 | 77.76520217943292
 | Patos de Minas | 82392.20045844192 | 82835.07167394104 | 83277.94288944014 | 83720.81410493924 | 84163.68532043834 | 84606.07878921094 | 85049.90549816312 | 85493.73220711527 | 85937.55891606746 | 86381.38562501963 | 86824.25684051872 | 87122.84854460388 | 87421.44024868903 | 87720.03195277421 | 88018.62365685936 | 88316.737614218 | 88496.84813012216 | 88676.95864602632 | 88857.06916193047 | 89037.17967783465 | 89216.81244701229 | 89396.92296291643 | 89577.03347882061 | 89757.14399472479 | 89937.25451062895 | 90117.36502653314 | 90297.4755424373 | 90477.58605834143 | 90657.69657424564 | 90837.80709014978
 | Residencial Social | 13615.585793987291 | 13688.77173873405 | 13761.957683480809 | 13835.14362822757 | 13908.32957297433 | 13981.436568481882 | 14054.780411707061 | 14128.124254932236 | 14201.468098157417 | 14274.811941382592 | 14347.997886129353 | 14397.34116063499 | 14446.684435140625 | 14496.027709646263 | 14545.370984151898 | 14594.635309418325 | 14624.399172600126 | 14654.163035781927 | 14683.926898963726 | 14713.690762145525 | 14743.375676088117 | 14773.139539269916 | 14802.903402451717 | 14832.667265633516 | 14862.431128815315 | 14892.194991997118 | 14921.958855178917 | 14951.722718360716 | 14981.486581542516 | 15011.250444724315
 | Residencial (Fixa) | 2279.4237709761533 | 2291.6760372158315 | 2303.928303455509 | 2316.1805696951874 | 2328.4328359348656 | 2340.671885058859 | 2352.9505855299067 | 2365.229286000954 | 2377.5079864720014 | 2389.786686943049 | 2402.0389531827273 | 2410.2996504856387 | 2418.5603477885497 | 2426.821045091461 | 2435.0817423943727 | 2443.3292225815994 | 2448.3120751947154 | 2453.2949278078318 | 2458.2777804209477 | 2463.2606330340636 | 2468.2302685314953 | 2473.2131211446113 | 2478.1959737577276 | 2483.178826370844 | 2488.16167898396 | 2493.1445315970764 | 2498.1273842101923 | 2503.1102368233082 | 2508.0930894364246 | 2513.0759420495406
 | Residencial (0 a 5 m³) | 15094.485592171646 | 15175.620859154966 | 15256.756126138283 | 15337.891393121601 | 15419.02666010492 | 15500.074402528388 | 15581.384718631412 | 15662.695034734434 | 15744.005350837459 | 15825.31566694048 | 15906.4509339238 | 15961.153783831647 | 16015.856633739493 | 16070.559483647341 | 16125.262333555187 | 16179.877658903182 | 16212.874417967594 | 16245.87117703201 | 16278.867936096422 | 16311.864695160833 | 16344.773929665396 | 16377.770688729808 | 16410.767447794224 | 16443.764206858636 | 16476.760965923047 | 16509.757724987463 | 16542.754484051875 | 16575.751243116287 | 16608.748002180702 | 16641.744761245114
 | Residencial (> 5m³ a 10m³) | 20782.013215429222 | 20893.719850305155 | 21005.42648518108 | 21117.133120057013 | 21228.839754932942 | 21340.42588642713 | 21452.37352806655 | 21564.321169705963 | 21676.26881134538 | 21788.216452984794 | 21899.923087860723 | 21975.237701450216 | 22050.552315039702 | 22125.86692862919 | 22201.18154221868 | 22276.375652426428 | 22321.805427343606 | 22367.23520226079 | 22412.664977177967 | 22458.094752095145 | 22503.404023630585 | 22548.833798547763 | 22594.263573464945 | 22639.693348382123 | 22685.1231232993 | 22730.552898216483 | 22775.98267313366 | 22821.41244805084 | 22866.84222296802 | 22912.2719978852
 | Residencial (> 10m³ a 15m³) | 12658.496550999827 | 12726.537988450697 | 12794.579425901564 | 12862.620863352433 | 12930.662300803302 | 12998.630338645271 | 13066.818575313942 | 13135.00681198261 | 13203.195048651281 | 13271.383285319951 | 13339.42472277082 | 13385.299478333705 | 13431.174233896587 | 13477.048989459472 | 13522.923745022354 | 13568.725100976337 | 13596.396753531868 | 13624.068406087401 | 13651.74005864293 | 13679.411711198461 | 13707.009964145094 | 13734.681616700624 | 13762.353269256157 | 13790.024921811688 | 13817.696574367219 | 13845.36822692275 | 13873.039879478281 | 13900.711532033813 | 13928.383184589346 | 13956.054837144875
 | Residencial (> 15m³ a 20m³) | 5552.970588138657 | 5582.818690511408 | 5612.666792884158 | 5642.514895256908 | 5672.362997629659 | 5702.178901402223 | 5732.091400975347 | 5762.003900548469 | 5791.916400121592 | 5821.828899694715 | 5851.677002067466 | 5871.801127183938 | 5891.925252300409 | 5912.04937741688 | 5932.173502533351 | 5952.265429049637 | 5964.404301319892 | 5976.543173590148 | 5988.682045860403 | 6000.820918130658 | 6012.927591800728 | 6025.066464070984 | 6037.20533634124 | 6049.344208611495 | 6061.48308088175 | 6073.621953152006 | 6085.760825422261 | 6097.899697692516 | 6110.038569962773 | 6122.177442233028
 | Residencial (> 20m³ a 40m³) | 3286.6187911576444 | 3304.284891235362 | 3321.950991313079 | 3339.6170913907963 | 3357.283191468514 | 3374.930234264594 | 3392.6344489055864 | 3410.3386635465777 | 3428.04287818757 | 3445.747092828561 | 3463.4131929062787 | 3475.3239939295513 | 3487.234794952823 | 3499.1455959760956 | 3511.0563969993673 | 3522.9481407410026 | 3530.13273591824 | 3537.3173310954785 | 3544.501926272716 | 3551.6865214499535 | 3558.8520593455546 | 3566.036654522792 | 3573.2212497000305 | 3580.405844877268 | 3587.5904400545055 | 3594.775035231744 | 3601.9596304089814 | 3609.144225586219 | 3616.3288207634573 | 3623.513415940695
 | Residencial (>40m³) | 174.81318579469118 | 175.75283454357023 | 176.69248329244923 | 177.63213204132828 | 178.57178079020733 | 179.51041589426555 | 180.4520919327862 | 181.39376797130683 | 182.33544400982746 | 183.27712004834808 | 184.2167687972271 | 184.85029681022542 | 185.48382482322367 | 186.11735283622195 | 186.7508808492202 | 187.3833952173977 | 187.76553931483824 | 188.1476834122788 | 188.52982750971935 | 188.9119716071599 | 189.29310205977967 | 189.67524615722022 | 190.05739025466082 | 190.43953435210136 | 190.8216784495419 | 191.20382254698248 | 191.58596664442302 | 191.96811074186357 | 192.35025483930414 | 192.7323989367447
 | Comercial | 7448.25492144315 | 7488.29047932427 | 7528.326037205387 | 7568.361595086507 | 7608.397152967626 | 7648.389522544667 | 7688.511457033944 | 7728.63339152322 | 7768.755326012498 | 7808.877260501774 | 7848.912818382893 | 7875.905508432192 | 7902.898198481489 | 7929.890888530788 | 7956.883578580086 | 7983.833080325306 | 8000.115070963042 | 8016.397061600779 | 8032.679052238515 | 8048.961042876252 | 8065.199845209911 | 8081.481835847646 | 8097.763826485384 | 8114.04581712312 | 8130.327807760857 | 8146.609798398594 | 8162.89178903633 | 8179.173779674066 | 8195.455770311804 | 8211.73776094954
 | Industrial | 683.855263805068 | 687.5310948937107 | 691.2069259823531 | 694.8827570709957 | 698.5585881596384 | 702.2304539504506 | 705.9142156347538 | 709.5979773190568 | 713.2817390033599 | 716.9655006876629 | 720.6413317763055 | 723.1196429202124 | 725.5979540641191 | 728.0762652080259 | 730.5545763519327 | 733.0289221980092 | 734.5238394800139 | 736.0187567620185 | 737.513674044023 | 739.0085913260276 | 740.499543310202 | 741.9944605922066 | 743.4893778742112 | 744.9842951562157 | 746.4792124382203 | 747.9741297202249 | 749.4690470022294 | 750.9639642842341 | 752.4588815662387 | 753.9537988482432
 | Pública | 815.6827845385752 | 820.0672095720164 | 824.4516346054575 | 828.8360596388986 | 833.2204846723397 | 837.6001800131882 | 841.9940644318148 | 846.3879488504413 | 850.7818332690679 | 855.1757176876944 | 859.5601427211355 | 862.5162005915787 | 865.4722584620216 | 868.4283163324648 | 871.3843742029077 | 874.3357023807581 | 876.1187964882093 | 877.9018905956607 | 879.6849847031119 | 881.468078810563 | 883.2464432254217 | 885.0295373328729 | 886.8126314403243 | 888.5957255477755 | 890.3788196552266 | 892.161913762678 | 893.9450078701292 | 895.7281019775804 | 897.5111960850318 | 899.2942901924829
 | Presidente Olegário | 6772.717886178863 | 6754.645020325203 | 6736.572154471546 | 6718.499288617885 | 6700.426422764227 | 6681.64481707317 | 6650.105894308944 | 6618.5669715447175 | 6587.028048780488 | 6555.489126016262 | 6523.595833333335 | 6480.362703252032 | 6437.129573170732 | 6393.896443089431 | 6350.66331300813 | 6306.72144308943 | 6259.944613821139 | 6213.167784552847 | 6166.3909552845535 | 6119.614126016261 | 6073.546036585366 | 6026.769207317075 | 5979.992378048781 | 5933.2155487804885 | 5886.438719512196 | 5839.661890243902 | 5792.885060975611 | 5746.108231707318 | 5699.331402439024 | 5652.5545731707325
 | Residencial Social | 2168.062790023771 | 2162.277356668224 | 2156.491923312677 | 2150.70648995713 | 2144.921056601583 | 2138.908743506603 | 2128.812595101825 | 2118.7164466970476 | 2108.620298292269 | 2098.5241498874916 | 2088.314561612997 | 2074.474897507571 | 2060.635233402145 | 2046.795569296719 | 2032.9559051912931 | 2018.8893613464343 | 2003.915298543842 | 1988.9412357412502 | 1973.9671729386582 | 1958.9931101360664 | 1944.2459270729075 | 1929.2718642703155 | 1914.2978014677237 | 1899.3237386651315 | 1884.3496758625397 | 1869.3756130599477 | 1854.4015502573554 | 1839.4274874547637 | 1824.4534246521716 | 1809.4793618495798
 | Residencial (Fixa) | 219.53655458878964 | 218.95072556597526 | 218.36489654316088 | 217.77906752034653 | 217.19323849753212 | 216.58443578754856 | 215.5621067085196 | 214.5397776294906 | 213.51744855046158 | 212.4951194714326 | 211.46130354881896 | 210.05990863149833 | 208.65851371417767 | 207.25711879685701 | 205.85572387953636 | 204.43135527504654 | 202.9150919218799 | 201.39882856871333 | 199.8825652155467 | 198.36630186238008 | 196.8730121963827 | 195.35674884321605 | 193.84048549004947 | 192.32422213688284 | 190.80795878371623 | 189.29169543054962 | 187.775432077383 | 186.2591687242164 | 184.74290537104977 | 183.2266420178832
 | Residencial (0 a 5 m³) | 959.629740814846 | 957.0689875299173 | 954.5082342449886 | 951.9474809600599 | 949.386727675131 | 946.7255526927543 | 942.2567871563101 | 937.788021619866 | 933.3192560834217 | 928.8504905469777 | 924.3315141618092 | 918.20579061747 | 912.0800670731309 | 905.9543435287916 | 899.8286199844524 | 893.602474742665 | 886.9746427110848 | 880.3468106795048 | 873.7189786479246 | 867.0911466163444 | 860.5637362822125 | 853.9359042506323 | 847.3080722190522 | 840.680240187472 | 834.052408155892 | 827.4245761243118 | 820.7967440927315 | 814.1689120611514 | 807.5410800295713 | 800.9132479979912
 | Residencial (> 5m³ a 10m³) | 1103.478252835151 | 1100.5336425957937 | 1097.5890323564365 | 1094.6444221170796 | 1091.6998118777224 | 1088.639726727018 | 1083.5010931720615 | 1078.362459617105 | 1073.2238260621486 | 1068.0851925071922 | 1062.8888214965618 | 1055.8448519043743 | 1048.8008823121868 | 1041.7569127199993 | 1034.7129431278117 | 1027.553498624277 | 1019.9321544753526 | 1012.3108103264284 | 1004.6894661775041 | 997.06812202858 | 989.5622527910031 | 981.9409086420787 | 974.3195644931546 | 966.6982203442303 | 959.0768761953061 | 951.4555320463819 | 943.8341878974576 | 936.2128437485334 | 928.591499599609 | 920.970155450685
 | Residencial (> 10m³ a 15m³) | 814.6502624726877 | 812.4763841038039 | 810.30250573492 | 808.1286273660363 | 805.9547489971525 | 803.6956204961556 | 799.9019896171231 | 796.1083587380906 | 792.314727859058 | 788.5210969800256 | 784.6848410349365 | 779.484582976038 | 774.2843249171395 | 769.084066858241 | 763.8838087993427 | 758.5983006083311 | 752.9717918888671 | 747.3452831694032 | 741.7187744499392 | 736.0922657304753 | 730.5510071431245 | 724.9244984236605 | 719.2979897041965 | 713.6714809847326 | 708.0449722652687 | 702.4184635458047 | 696.7919548263408 | 691.1654461068769 | 685.5389373874128 | 679.912428667949
 | Residencial (> 15m³ a 20m³) | 407.974425359793 | 406.88575354662066 | 405.7970817334483 | 404.708409920276 | 403.6197381071037 | 402.48837328165007 | 400.5885342351337 | 398.6886951886173 | 396.7888561421009 | 394.8890170955845 | 392.9678315429274 | 390.3635577937701 | 387.75928404461274 | 385.15501029545544 | 382.55073654629814 | 379.90376978485955 | 377.08603097429585 | 374.2682921637322 | 371.4505533531686 | 368.63281454260493 | 365.8577687443225 | 363.04002993375883 | 360.2222911231952 | 357.4045523126315 | 354.5868135020679 | 351.7690746915042 | 348.9513358809405 | 346.1335970703769 | 343.3158582598132 | 340.49811944924954
 | Residencial (> 20m³ a 40m³) | 258.883393132054 | 258.1925678364421 | 257.5017425408302 | 256.8109172452183 | 256.1200919496064 | 255.40217546593124 | 254.19661759711832 | 252.9910597283054 | 251.78550185949246 | 250.57994399067954 | 249.36084052783497 | 247.70827805597906 | 246.0557155841231 | 244.40315311226718 | 242.75059064041125 | 241.07093698049212 | 239.2829185683201 | 237.49490015614813 | 235.7068817439761 | 233.91886333180415 | 232.15793610769538 | 230.36991769552336 | 228.5818992833514 | 226.79388087117937 | 225.0058624590074 | 223.21784404683538 | 221.4298256346634 | 219.6418072224914 | 217.8537888103194 | 216.06577039814744
 | Residencial (>40m³) | 29.651740533779208 | 29.572615441312553 | 29.493490348845892 | 29.414365256379238 | 29.33524016391258 | 29.25301212664331 | 29.11493108292699 | 28.976850039210667 | 28.838768995494345 | 28.700687951778022 | 28.561055435660393 | 28.37177580270094 | 28.182496169741487 | 27.993216536782032 | 27.80393690382258 | 27.611554326060517 | 27.40675996908799 | 27.20196561211547 | 26.997171255142945 | 26.792376898170424 | 26.590685486000517 | 26.385891129027993 | 26.181096772055472 | 25.976302415082944 | 25.771508058110424 | 25.5667137011379 | 25.361919344165376 | 25.157124987192855 | 24.95233063022033 | 24.74753627324781
 | Comercial | 568.1727137057896 | 566.6565558782994 | 565.140398050809 | 563.6242402233187 | 562.1080823958283 | 560.5324673986324 | 557.8866233467376 | 555.2407792948427 | 552.5949352429478 | 549.949091191053 | 547.2735185543053 | 543.6466312022695 | 540.0197438502338 | 536.3928564981982 | 532.7659691461624 | 529.0796246244213 | 525.155451423858 | 521.2312782232948 | 517.3071050227315 | 513.3829318221684 | 509.5182157913107 | 505.59404259074745 | 501.66986939018426 | 497.745696189621 | 493.8215229890578 | 489.8973497884946 | 485.9731765879313 | 482.04900338736815 | 478.1248301868049 | 474.2006569862417
 | Industrial | 29.211487712599236 | 29.133537426216726 | 29.05558713983421 | 28.9776368534517 | 28.899686567069185 | 28.818679406710892 | 28.68264851478847 | 28.54661762286605 | 28.410586730943624 | 28.274555839021204 | 28.136996510110887 | 27.95052719758802 | 27.764057885065146 | 27.577588572542275 | 27.391119260019405 | 27.20159307352075 | 26.999839391118954 | 26.798085708717164 | 26.596332026315366 | 26.394578343913572 | 26.195881535487562 | 25.994127853085768 | 25.792374170683974 | 25.590620488282177 | 25.388866805880387 | 25.18711312347859 | 24.985359441076792 | 24.783605758674998 | 24.581852076273204 | 24.38009839387141
 | Pública | 213.46652499960223 | 212.89689373259827 | 212.3272624655943 | 211.75763119859033 | 211.18799993158638 | 210.59603018352342 | 209.60196777639888 | 208.60790536927433 | 207.61384296214976 | 206.61978055502522 | 205.61454890737113 | 204.25190156277344 | 202.88925421817572 | 201.526606873578 | 200.16395952898029 | 198.7789737033236 | 197.304633953431 | 195.83029420353841 | 194.35595445364578 | 192.8816147037532 | 191.42961343491956 | 189.95527368502695 | 188.48093393513435 | 187.00659418524174 | 185.53225443534913 | 184.05791468545652 | 182.5835749355639 | 181.1092351856713 | 179.63489543577867 | 178.1605556858861
 | Rio Paranaíba | 5313.696738232867 | 5359.774222405726 | 5405.851706578585 | 5451.929190751445 | 5498.006674924304 | 5543.396435452793 | 5579.845788604459 | 5616.295141756124 | 5652.744494907789 | 5689.193848059454 | 5725.987063033307 | 5755.215317919076 | 5784.443572804844 | 5813.671827690612 | 5842.900082576382 | 5872.472199284338 | 5891.384599504541 | 5910.296999724745 | 5929.209399944949 | 5948.121800165151 | 5967.378062207541 | 5986.290462427744 | 6005.202862647948 | 6024.115262868154 | 6043.027663088355 | 6061.94006330856 | 6080.852463528764 | 6099.764863748967 | 6118.677263969171 | 6137.589664189375
 | Residencial Social | 1590.2516604627874 | 1604.0414567807848 | 1617.831253098782 | 1631.6210494167797 | 1645.410845734777 | 1658.9948241972816 | 1669.903170538384 | 1680.8115168794866 | 1691.719863220589 | 1702.6282095616912 | 1713.6394648305402 | 1722.3867236889714 | 1731.1339825474024 | 1739.8812414058336 | 1748.6285002642649 | 1757.4786680504421 | 1763.1386590764857 | 1768.7986501025296 | 1774.4586411285732 | 1780.1186321546168 | 1785.8815321084069 | 1791.5415231344505 | 1797.2015141604943 | 1802.861505186538 | 1808.5214962125815 | 1814.1814872386256 | 1819.8414782646691 | 1825.5014692907127 | 1831.1614603167566 | 1836.8214513428002
 | Residencial (Fixa) | 178.6516076941733 | 180.20077713900727 | 181.74994658384122 | 183.29911602867517 | 184.84828547350915 | 186.37433298633064 | 187.59979538299035 | 188.82525777965006 | 190.05072017630977 | 191.27618257296945 | 192.5132059356354 | 193.4958880461644 | 194.47857015669342 | 195.46125226722242 | 196.44393437775142 | 197.43817745428663 | 198.07403058462893 | 198.70988371497126 | 199.34573684531352 | 199.98158997565582 | 200.62900407200436 | 201.26485720234663 | 201.90071033268896 | 202.53656346303126 | 203.17241659337353 | 203.80826972371585 | 204.44412285405815 | 205.07997598440042 | 205.71582911474275 | 206.35168224508504
 | Residencial (0 a 5 m³) | 780.915033985276 | 787.6867038587003 | 794.4583737321248 | 801.2300436055491 | 808.0017134789734 | 814.6723136527944 | 820.0290077317719 | 825.3857018107494 | 830.7423958897269 | 836.0990899687043 | 841.5063188974837 | 845.801781130626 | 850.0972433637684 | 854.3927055969107 | 858.688167830053 | 863.034164912997 | 865.8135816520889 | 868.5929983911811 | 871.3724151302732 | 874.1518318693653 | 876.9817834582591 | 879.7612001973512 | 882.5406169364434 | 885.3200336755353 | 888.0994504146274 | 890.8788671537196 | 893.6582838928117 | 896.4377006319037 | 899.2171173709959 | 901.996534110088
 | Residencial (> 5m³ a 10m³) | 897.9742088683747 | 905.7609521537149 | 913.5476954390551 | 921.3344387243953 | 929.1211820097355 | 936.7917052460407 | 942.9513678448919 | 949.1110304437432 | 955.2706930425944 | 961.4303556414455 | 967.6481282648143 | 972.5874803487987 | 977.5268324327832 | 982.4661845167677 | 987.4055366007522 | 992.402998709254 | 995.5990500577145 | 998.7951014061751 | 1001.9911527546356 | 1005.1872041030961 | 1008.4413654760741 | 1011.6374168245346 | 1014.8334681729953 | 1018.0295195214558 | 1021.2255708699162 | 1024.4216222183768 | 1027.6176735668373 | 1030.8137249152978 | 1034.0097762637586 | 1037.2058276122189
 | Residencial (> 10m³ a 15m³) | 662.9355160093128 | 668.6841317567565 | 674.4327475042002 | 680.1813632516439 | 685.9299789990877 | 691.5927945114948 | 696.140206968428 | 700.687619425361 | 705.2350318822942 | 709.7824443392273 | 714.3727569136787 | 718.0192669027288 | 721.6657768917789 | 725.312286880829 | 728.9587968698792 | 732.6482069764475 | 735.0077134399504 | 737.3672199034535 | 739.7267263669565 | 742.0862328304595 | 744.4886394114808 | 746.8481458749837 | 749.2076523384869 | 751.5671588019899 | 753.9266652654928 | 756.2861717289959 | 758.645678192499 | 761.0051846560019 | 763.364691119505 | 765.724197583008
 | Residencial (> 15m³ a 20m³) | 331.99613214826013 | 334.8750217947926 | 337.7539114413251 | 340.6328010878576 | 343.51169073439013 | 346.34761187873556 | 348.62494249464936 | 350.9022731105631 | 353.1796037264769 | 355.45693434239064 | 357.755749209398 | 359.5819105523477 | 361.40807189529744 | 363.23423323824716 | 365.0603945811969 | 366.9080401752401 | 368.089673985384 | 369.271307795528 | 370.4529416056719 | 371.63457541581585 | 372.83769347705334 | 374.01932728719726 | 375.20096109734124 | 376.38259490748516 | 377.5642287176291 | 378.74586252777306 | 379.927496337917 | 381.1091301480609 | 382.2907639582049 | 383.4723977683488
 | Residencial (> 20m³ a 40m³) | 210.67076722140493 | 212.497589379411 | 214.32441153741712 | 216.1512336954232 | 217.9780558534293 | 219.7776120090771 | 221.222710134067 | 222.6678082590569 | 224.11290638404682 | 225.5580045090367 | 227.01673563520578 | 228.17554073543351 | 229.33434583566125 | 230.49315093588902 | 231.65195603611676 | 232.82439413752365 | 233.5742092023769 | 234.32402426723016 | 235.0738393320834 | 235.82365439693663 | 236.58710246296906 | 237.3369175278223 | 238.08673259267556 | 238.8365476575288 | 239.58636272238203 | 240.3361777872353 | 241.08599285208854 | 241.83580791694177 | 242.58562298179507 | 243.3354380466483
 | Residencial (>40m³) | 24.12960851650644 | 24.338847340114274 | 24.548086163722108 | 24.757324987329945 | 24.966563810937778 | 25.172679667029072 | 25.33819694540542 | 25.50371422378177 | 25.669231502158116 | 25.834748780534458 | 26.001827542669076 | 26.134553662121807 | 26.267279781574537 | 26.400005901027267 | 26.532732020479997 | 26.667019623690997 | 26.752901230395704 | 26.838782837100414 | 26.92466444380512 | 27.010546050509827 | 27.097989140972803 | 27.18387074767751 | 27.26975235438222 | 27.35563396108693 | 27.441515567791637 | 27.527397174496347 | 27.613278781201053 | 27.69916038790576 | 27.78504199461047 | 27.870923601315177
 | Comercial | 445.77340239322035 | 449.63890656203495 | 453.5044107308495 | 457.369914899664 | 461.2354190684786 | 465.0432291452213 | 468.1010160250298 | 471.1588029048384 | 474.21658978464694 | 477.2743766644554 | 480.36101059029994 | 482.81300950335395 | 485.26500841640797 | 487.717007329462 | 490.169006242516 | 492.64985220160594 | 494.236439733582 | 495.8230272655582 | 497.40961479753435 | 498.9962023295104 | 500.6116369075225 | 502.19822443949863 | 503.7848119714748 | 505.3713995034509 | 506.957987035427 | 508.5445745674032 | 510.1311620993793 | 511.7177496313554 | 513.3043371633315 | 514.8909246953077
 | Industrial | 22.91856675355232 | 23.117304082548372 | 23.316041411544425 | 23.51477874054048 | 23.71351606953653 | 23.909287169741596 | 24.066497295663847 | 24.2237074215861 | 24.38091754750835 | 24.538127673430598 | 24.696820913748347 | 24.822885637365246 | 24.948950360982145 | 25.075015084599045 | 25.201079808215944 | 25.328627646228334 | 25.410198937980446 | 25.49177022973256 | 25.573341521484668 | 25.65491281323678 | 25.737967219384384 | 25.819538511136496 | 25.90110980288861 | 25.982681094640718 | 26.06425238639283 | 26.145823678144943 | 26.227394969897052 | 26.308966261649164 | 26.390537553401277 | 26.472108845153386
 | Pública | 167.48023417999713 | 168.9325315578603 | 170.38482893572348 | 171.83712631358662 | 173.2894236914498 | 174.72004498904636 | 175.8688772431769 | 177.0177094973075 | 178.16654175143807 | 179.31537400556863 | 180.47504429983252 | 181.39627771116363 | 182.31751112249475 | 183.23874453382587 | 184.15997794515698 | 185.0920493966214 | 185.68814160395328 | 186.28423381128522 | 186.8803260186171 | 187.476418225949 | 188.08334847341422 | 188.6794406807461 | 189.27553288807803 | 189.8716250954099 | 190.4677173027418 | 191.06380951007372 | 191.6599017174056 | 192.2559939247375 | 192.85208613206942 | 193.4481783394013
 | Serra do Salitre | 4365.129056859589 | 4403.580713498856 | 4442.032370138124 | 4480.484026777392 | 4518.935683416659 | 4558.080162698076 | 4590.642826879078 | 4623.205491060078 | 4655.76815524108 | 4688.330819422083 | 4720.54707228201 | 4743.410219472926 | 4766.273366663841 | 4789.136513854757 | 4811.999661045674 | 4835.55563087874 | 4852.183374290314 | 4868.811117701888 | 4885.438861113464 | 4902.06660452504 | 4919.387170578766 | 4936.014913990341 | 4952.642657401915 | 4969.270400813491 | 4985.898144225066 | 5002.5258876366415 | 5019.153631048215 | 5035.781374459791 | 5052.409117871366 | 5069.036861282941
 | Residencial Social | 1791.5880967858923 | 1807.3698822587307 | 1823.151667731569 | 1838.933453204407 | 1854.715238677245 | 1870.7813806450895 | 1884.1461359103757 | 1897.5108911756622 | 1910.8756464409487 | 1924.240401706235 | 1937.4629787240185 | 1946.8467430592195 | 1956.2305073944203 | 1965.6142717296218 | 1974.9980360648226 | 1984.66615689503 | 1991.4907127751762 | 1998.3152686553224 | 2005.1398245354685 | 2011.9643804156149 | 2019.0732927907673 | 2025.8978486709136 | 2032.7224045510598 | 2039.5469604312061 | 2046.371516311352 | 2053.1960721914984 | 2060.0206280716448 | 2066.845183951791 | 2073.6697398319375 | 2080.4942957120834
 | Residencial (Fixa) | 116.73083449950414 | 117.75909595728092 | 118.78735741505767 | 119.81561887283443 | 120.84388033061119 | 121.89066902186141 | 122.7614489951138 | 123.63222896836618 | 124.50300894161859 | 125.37378891487097 | 126.23530527138665 | 126.84670397601066 | 127.45810268063467 | 128.0695013852587 | 128.6809000898827 | 129.3108260279802 | 129.75547963134312 | 130.20013323470602 | 130.64478683806897 | 131.0894404414319 | 131.55262127826825 | 131.9972748816312 | 132.44192848499412 | 132.88658208835704 | 133.33123569171994 | 133.7758892950829 | 134.2205428984458 | 134.66519650180874 | 135.10985010517166 | 135.55450370853455
 | Residencial (0 a 5 m³) | 510.24933258007826 | 514.7440295022582 | 519.238726424438 | 523.7334233466179 | 528.2281202687977 | 532.8038027211071 | 536.6101226371874 | 540.4164425532675 | 544.2227624693479 | 548.0290823854281 | 551.7949095364437 | 554.4674320307128 | 557.1399545249818 | 559.8124770192511 | 562.4849995135202 | 565.2385075379186 | 567.1821602610235 | 569.1258129841282 | 571.069465707233 | 573.0131184303378 | 575.0377566835721 | 576.9814094066769 | 578.9250621297817 | 580.8687148528866 | 582.8123675759913 | 584.7560202990961 | 586.699673022201 | 588.6433257453058 | 590.5869784684106 | 592.5306311915153
 | Residencial (> 5m³ a 10m³) | 586.7357149098644 | 591.9041669656534 | 597.0726190214422 | 602.241071077231 | 607.4095231330198 | 612.6711004510751 | 617.0479877775989 | 621.4248751041227 | 625.8017624306467 | 630.1786497571705 | 634.5089744525612 | 637.5821081073545 | 640.6552417621479 | 643.7283754169413 | 646.8015090717346 | 649.9677679887944 | 652.2027742831897 | 654.4377805775847 | 656.67278687198 | 658.9077931663751 | 661.2359247230368 | 663.4709310174319 | 665.7059373118271 | 667.9409436062223 | 670.1759499006173 | 672.4109561950125 | 674.6459624894077 | 676.8809687838029 | 679.1159750781981 | 681.3509813725932
 | Residencial (> 10m³ a 15m³) | 433.16159872235147 | 436.9772433107319 | 440.79288789911226 | 444.6085324874926 | 448.424177075873 | 452.30857201719715 | 455.5398386055553 | 458.7711051939134 | 462.0023717822716 | 465.23363837062976 | 468.43052978251603 | 470.69929142966106 | 472.96805307680614 | 475.2368147239513 | 477.5055763710963 | 479.8430883711852 | 481.49309684183623 | 483.14310531248714 | 484.7931137831381 | 486.44312225378906 | 488.16188107738384 | 489.8118895480348 | 491.4618980186858 | 493.1119064893368 | 494.7619149599877 | 496.4119234306387 | 498.06193190128965 | 499.71194037194067 | 501.36194884259163 | 503.01195731324253
 | Residencial (> 15m³ a 20m³) | 216.92603865404803 | 218.83690210064748 | 220.74776554724687 | 222.6586289938463 | 224.5694924404457 | 226.51478585905596 | 228.13299454356357 | 229.75120322807118 | 231.3694119125788 | 232.98762059708642 | 234.58861429558866 | 235.72480337194506 | 236.86099244830146 | 237.9971815246579 | 239.1333706010143 | 240.30398964938152 | 241.13030897764074 | 241.9566283058999 | 242.78294763415911 | 243.60926696241836 | 244.47001626268835 | 245.29633559094756 | 246.12265491920678 | 246.948974247466 | 247.7752935757252 | 248.6016129039844 | 249.42793223224362 | 250.25425156050284 | 251.08057088876205 | 251.90689021702124
 | Residencial (> 20m³ a 40m³) | 137.65213075777675 | 138.8646842467152 | 140.07723773565363 | 141.28979122459205 | 142.5023447135305 | 143.73674601308045 | 144.76359311182108 | 145.79044021056174 | 146.8172873093024 | 147.84413440804306 | 148.86005760147796 | 149.58103535165756 | 150.30201310183716 | 151.0229908520168 | 151.7439686021964 | 152.48679416298754 | 153.0111416176636 | 153.53548907233966 | 154.05983652701576 | 154.58418398169184 | 155.13037924697943 | 155.6547267016555 | 156.17907415633158 | 156.70342161100768 | 157.22776906568373 | 157.7521165203598 | 158.2764639750359 | 158.80081142971198 | 159.3251588843881 | 159.84950633906413
 | Residencial (>40m³) | 15.766269190814588 | 15.90515149223356 | 16.044033793652527 | 16.182916095071494 | 16.32179839649046 | 16.463183081718782 | 16.580795120758268 | 16.698407159797753 | 16.816019198837242 | 16.933631237876728 | 17.049992085011542 | 17.132570750720117 | 17.21514941642869 | 17.29772808213727 | 17.380306747845843 | 17.46538779736377 | 17.52544500878819 | 17.585502220212607 | 17.645559431637025 | 17.705616643061443 | 17.768176238295215 | 17.828233449719633 | 17.88829066114405 | 17.948347872568473 | 18.008405083992887 | 18.06846229541731 | 18.128519506841727 | 18.188576718266145 | 18.248633929690566 | 18.30869114111498
 | Comercial | 439.9298364545377 | 443.80510126260486 | 447.68036607067194 | 451.55563087873907 | 455.43089568680614 | 459.3759850860096 | 462.6577408694178 | 465.93949665282594 | 469.2212524362342 | 472.50300821964237 | 475.7498517074824 | 478.05406321498174 | 480.35827472248104 | 482.66248622998046 | 484.9666977374798 | 487.34073383611553 | 489.01652402338783 | 490.69231421066 | 492.3681043979323 | 494.0438945852046 | 495.7895093636132 | 497.4652995508855 | 499.14108973815775 | 500.81687992543004 | 502.4926701127022 | 504.1684602999745 | 505.8442504872468 | 507.52004067451907 | 509.19583086179136 | 510.87162104906355
 | Industrial | 24.559189899161083 | 24.77552749766969 | 24.991865096178287 | 25.20820269468689 | 25.424540293195488 | 25.644775866451994 | 25.82798067960342 | 26.011185492754848 | 26.19439030590628 | 26.377595119057705 | 26.558850944835182 | 26.68748411151597 | 26.816117278196757 | 26.944750444877553 | 27.073383611558338 | 27.205914752987034 | 27.299466146936698 | 27.393017540886362 | 27.486568934836026 | 27.580120328785693 | 27.67756969748326 | 27.771121091432928 | 27.864672485382595 | 27.95822387933226 | 28.051775273281923 | 28.145326667231586 | 28.238878061181254 | 28.33242945513092 | 28.425980849080585 | 28.51953224303025
 | Pública | 91.83001440555884 | 92.63892890433014 | 93.44784340310143 | 94.25675790187272 | 95.065672400644 | 95.8891619354292 | 96.57418862808235 | 97.25921532073552 | 97.94424201338869 | 98.62926870604186 | 99.30700788068808 | 99.78798406914667 | 100.26896025760527 | 100.74993644606388 | 101.23091263452248 | 101.72646385899499 | 102.07626472332853 | 102.42606558766204 | 102.77586645199558 | 103.12566731632911 | 103.49004321667654 | 103.83984408101007 | 104.18964494534362 | 104.53944580967715 | 104.88924667401066 | 105.2390475383442 | 105.58884840267773 | 105.93864926701127 | 106.2884501313448 | 106.63825099567832
 | Total | 125127.3694666383 | 125703.09493520772 | 126278.8204037771 | 126854.5458723465 | 127430.27134091588 | 128005.82845424602 | 128505.88613644507 | 129005.9438186441 | 129506.00150084314 | 130006.05918304218 | 130505.0585517954 | 130792.28323137401 | 131079.5079109526 | 131366.7325905312 | 131653.9572701098 | 131942.5490541376 | 132055.32372524403 | 132168.09839635046 | 132280.87306745688 | 132393.6477385633 | 132506.57083270137 | 132619.34550380777 | 132732.1201749142 | 132844.89484602064 | 132957.66951712707 | 133070.44418823352 | 133183.21885933992 | 133295.99353044634 | 133408.7682015528 | 133521.54287265922
 |  | 0 | 0 | 0 | 0 | 0 | 0 | 0 | 0 | 0 | 0 | 0 | 0 | 0 | 0 | 0 | 0 | 0 | 0 | 0 | 0 | 0 | 0 | 0 | 0 | 0 | 0 | 0 | 0 | 0 | 0
 | Economias sociais em relação ao total de economias | 0.23307074577297757 | 0.23301563066786776 | 0.2329610181200295 | 0.2329069012869404 | 0.23285327344973525 | 0.2328026921237839 | 0.23267758226609694 | 0.2325534423194638 | 0.23243026104861808 | 0.23230802739115552 | 0.23218365202137334 | 0.2320657941214622 | 0.23194845272787723 | 0.23183162445269773 | 0.23171530593756798 | 0.231603481009689 | 0.23148925496278766 | 0.23137522384650924 | 0.23126138716229544 | 0.23114774441328687 | 0.23103428262245804 | 0.23092102639740708 | 0.23080796262665446 | 0.23069509082006537 | 0.23058241048916794 | 0.23046992114714612 | 0.23035762230883283 | 0.23024551349070274 | 0.23013359421086552 | 0.230021863989059
[334 linhas]
