 |  | Instrumentos Financeiros
 |  |  |  |  | % | Valor 
Financiamento | Carência
(meses) |  | Menor ICSD
 |  | Empréstimo Ponte |  |  |  | 22397082.2475 | 12 |  | 1.946833334424406
 |  | Primeira Tranche (CAPEX Financiado) |  |  | 0.7 | 40621826.75039999 | 48
 |  | Segunda Tranche (CAPEX Financiado) |  |  | 0.7 | 149691.024 | 48
 |  | Terceira Tranche (CAPEX Financiado) |  |  | 0.7 | 12388340.434399998 | 48
 |  |  |  |  |  | 75556940.45629999 |  | 53159858.20879999
 |  | Prazo de Amortização (meses) - 1ª Tranche |  |  | 180 | (prazo máximo para modalidade de Manejo de Resíduos Sólidos - Saneamento para Todos CAIXA)
 |  | Prazo de Amortização (meses) - 2ª Tranche |  |  | 180 | (prazo máximo para modalidade de Manejo de Resíduos Sólidos - Saneamento para Todos CAIXA)
 |  | Prazo de Amortização (meses) - 3ª Tranche |  |  | 180 | (prazo máximo para modalidade de Manejo de Resíduos Sólidos - Saneamento para Todos CAIXA)
 |  | INGRESSOS DE EMPRÉSTIMOS E FINANCIAMENTOS |  |  | TOTAL | 1 | 2 | 3 | 4 | 5 | 6 | 7 | 8 | 9 | 10 | 11 | 12 | 13 | 14 | 15 | 16 | 17 | 18 | 19 | 20 | 21 | 22 | 23 | 24 | 25 | 26 | 27 | 28 | 29 | 30
 |  | Empréstimo Ponte |  |  | 22397082.2475 | 22397082.2475 | 0 | 0 | 0 | 0 | 0 | 0 | 0 | 0 | 0 | 0 | 0 | 0 | 0 | 0 | 0 | 0 | 0 | 0 | 0 | 0 | 0 | 0 | 0 | 0 | 0 | 0 | 0 | 0 | 0
 |  | Financiamentos |  |  | 53159858.20879999 | 0 | 9497383.094243519 | 7781110.914039118 | 23380755.498117354 | 112268.26800000001 | 0 | 0 | 0 | 0 | 3097085.1085999995 | 9291255.325799998 | 0 | 0 | 0 | 0 | 0 | 0 | 0 | 0 | 0 | 0 | 0 | 0 | 0 | 0 | 0 | 0 | 0 | 0 | 0
 |  | TOTAL DOS INGRESSOS |  |  | 75556940.45629999 | 22397082.2475 | 9497383.094243519 | 7781110.914039118 | 23380755.498117354 | 112268.26800000001 | 0 | 0 | 0 | 0 | 3097085.1085999995 | 9291255.325799998 | 0 | 0 | 0 | 0 | 0 | 0 | 0 | 0 | 0 | 0 | 0 | 0 | 0 | 0 | 0 | 0 | 0 | 0 | 0
 |  | SERVIÇOS DA DÍVIDA |  |  | TOTAL | 1 | 2 | 3 | 4 | 5 | 6 | 7 | 8 | 9 | 10 | 11 | 12 | 13 | 14 | 15 | 16 | 17 | 18 | 19 | 20 | 21 | 22 | 23 | 24 | 25 | 26 | 27 | 28 | 29 | 30
 |  | Amortização |  |  | 87789652.32834317 | 0 | 22397082.2475 | 0 | 0 | 0 | 267203.0363215988 | 554403.126583933 | 1658146.6910060332 | 2406459.5565890037 | 2535637.092654613 | 2668427.0990728913 | 2808175.691332445 | 2955247.745530285 | 3110027.281650693 | 3701182.593448015 | 4156790.738139217 | 4375063.019321017 | 4604803.059194087 | 4846613.680347645 | 5101129.410027304 | 4812757.221308198 | 4496831.379818509 | 2396458.6214541807 | 1084573.8518603025 | 1135340.4232393762 | 1195672.523025044 | 1259210.6764225108 | 1326125.2534304706 | 1396595.6775258097 | 539694.6315399633
 |  | Pagamento de Juros |  |  | 31654831.01323656 | 0 | 3122841.1803000458 | 0 | 0 | 0 | 283408.50149380194 | 546819.9490468686 | 1742176.2152857387 | 2384380.6219027787 | 2261837.510119226 | 2129047.5037009483 | 1989298.9114413941 | 1842226.8572435535 | 1687447.3211231465 | 2011393.7123329933 | 2104846.589446093 | 1886574.3082642942 | 1656834.2683912227 | 1415023.6472376655 | 1160507.9175580072 | 898268.5684617115 | 663582.8721359989 | 464855.7998393582 | 386223.2972332254 | 328822.30157209473 | 268490.20178642694 | 204952.04838896045 | 138037.47138100053 | 67567.04728566109 | 9366.390264338173
 |  | TOTAL DOS SERVIÇOS DA DÍVIDA |  |  |  | 0 | 25519923.427800044 | 0 | 0 | 0 | 550611.5378154007 | 1101223.0756308017 | 3400322.9062917717 | 4790840.178491782 | 4797474.602773839 | 4797474.60277384 | 4797474.60277384 | 4797474.602773839 | 4797474.60277384 | 5712576.305781009 | 6261637.32758531 | 6261637.327585312 | 6261637.32758531 | 6261637.32758531 | 6261637.327585311 | 5711025.789769909 | 5160414.251954508 | 2861314.421293539 | 1470797.1490935278 | 1464162.7248114708 | 1464162.724811471 | 1464162.7248114713 | 1464162.724811471 | 1464162.7248114708 | 549061.0218043015
 |  | OUTROS DESEMBOLSOS FINANCEIROS
 |  |  |  |  | TOTAL | 1 | 2 | 3 | 4 | 5 | 6 | 7 | 8 | 9 | 10 | 11 | 12 | 13 | 14 | 15 | 16 | 17 | 18 | 19 | 20 | 21 | 22 | 23 | 24 | 25 | 26 | 27 | 28 | 29 | 30
 |  | IOF |  |  | 1420470.48057844 | 421065.146253 | 763690.3429075199 | 0 | 2814.1912512000004 | 0 | 0 | 0 | 0 | 0 | 232900.80016671997 | 0 | 0 | 0 | 0 | 0 | 0 | 0 | 0 | 0 | 0 | 0 | 0 | 0 | 0 | 0 | 0 | 0 | 0 | 0 | 0
 |  | Fee de estruturação |  |  | 900000 | 0 | 300000 | 0 | 300000 | 0 | 0 | 0 | 0 | 0 | 300000 | 0 | 0 | 0 | 0 | 0 | 0 | 0 | 0 | 0 | 0 | 0 | 0 | 0 | 0 | 0 | 0 | 0 | 0 | 0 | 0
 |  | Conta Garantia |  |  | 0 | 0 | 0 | 0 | 0 | 0 | 275305.76890770043 | 0 | 919639.9322643878 | 4422.949521371629 | 0 | 0 | 0 | 0 | 0 | 366040.68120286753 | 0 | 0 | 0 | 0 | 0 | -275305.7689077002 | 0 | -919639.9322643882 | -4422.94952137128 | 0 | 0 | 0 | 0 | 0 | -366040.68120286777
 |  | TOTAL OUTROS DESEMBOLSOS FINANCEIROS |  |  |  | 421065.146253 | 1063690.34290752 | 0 | 302814.1912512 | 0 | 275305.76890770043 | 0 | 919639.9322643878 | 4422.949521371629 | 532900.80016672 | 0 | 0 | 0 | 0 | 366040.68120286753 | 0 | 0 | 0 | 0 | 0 | -275305.7689077002 | 0 | -919639.9322643882 | -4422.94952137128 | 0 | 0 | 0 | 0 | 0 | -366040.68120286777
 |  | Conta Garantia acumulado |  |  |  | 0 | 0 | 0 | 0 | 0 | 275305.76890770043 | 275305.76890770043 | 1194945.7011720883 | 1199368.65069346 | 1199368.65069346 | 1199368.65069346 | 1199368.65069346 | 1199368.65069346 | 1199368.65069346 | 1565409.3318963274 | 1565409.3318963274 | 1565409.3318963274 | 1565409.3318963274 | 1565409.3318963274 | 1565409.3318963274 | 1290103.5629886272 | 1290103.5629886272 | 370463.63072423905 | 366040.68120286777 | 366040.68120286777 | 366040.68120286777 | 366040.68120286777 | 366040.68120286777 | 366040.68120286777 | 0
 |  | DETALHAMENTO DOS EMPRÉSTIMOS E FINANCIAMENTOS
 |  |  |  |  |  | 1 | 2 | 3 | 4 | 5 | 6 | 7 | 8 | 9 | 10 | 11 | 12 | 13 | 14 | 15 | 16 | 17 | 18 | 19 | 20 | 21 | 22 | 23 | 24 | 25 | 26 | 27 | 28 | 29 | 30
 |  |  | Valor financiado (R$): |  |  | 22397082.2475 | 9497383.094243519 | 7781110.914039118 | 23380755.498117354 | 112268.26800000001 | 0 | 0 | 0 | 0 | 3097085.1085999995 | 9291255.325799998 | 0 | 0 | 0 | 0 | 0 | 0 | 0 | 0 | 0 | 0 | 0 | 0 | 0 | 0 | 0 | 0 | 0 | 0 | 0
 |  |  | Taxa de juros do financiamento (a.a.) real |  |  | 0.050096339113680166 | 0.053140096618357724 | 0.053140096618357724 | 0.053140096618357724 | 0.053140096618357724 | 0.053140096618357724 | 0.053140096618357724 | 0.053140096618357724 | 0.053140096618357724 | 0.053140096618357724 | 0.053140096618357724 | 0.053140096618357724 | 0.053140096618357724 | 0.053140096618357724 | 0.053140096618357724 | 0.053140096618357724 | 0.053140096618357724 | 0.053140096618357724 | 0.053140096618357724 | 0.053140096618357724 | 0.053140096618357724 | 0.053140096618357724 | 0.053140096618357724 | 0.053140096618357724 | 0.053140096618357724 | 0.053140096618357724 | 0.053140096618357724 | 0.053140096618357724 | 0.053140096618357724 | 0.053140096618357724
 |  |  | Taxa de juros do financiamento (a.a) nominal |  |  | 0.09 | 0.09 | 0.09 | 0.09 | 0.09 | 0.09 | 0.09 | 0.09 | 0.09 | 0.09 | 0.09 | 0.09 | 0.09 | 0.09 | 0.09 | 0.09 | 0.09 | 0.09 | 0.09 | 0.09 | 0.09 | 0.09 | 0.09 | 0.09 | 0.09 | 0.09 | 0.09 | 0.09 | 0.09 | 0.09
 |  |  | Projeção TR |  |  | 0 | 0 | 0 | 0 | 0 | 0 | 0 | 0 | 0 | 0 | 0 | 0 | 0 | 0 | 0 | 0 | 0 | 0 | 0 | 0 | 0 | 0 | 0 | 0 | 0 | 0 | 0 | 0 | 0 | 0
 |  |  | Projeção Inflação |  |  | 0.038 | 0.035 | 0.035 | 0.035 | 0.035 | 0.035 | 0.035 | 0.035 | 0.035 | 0.035 | 0.035 | 0.035 | 0.035 | 0.035 | 0.035 | 0.035 | 0.035 | 0.035 | 0.035 | 0.035 | 0.035 | 0.035 | 0.035 | 0.035 | 0.035 | 0.035 | 0.035 | 0.035 | 0.035 | 0.035
 |  |  | IOF |  | 0.0188
 |  |  | Fee de estruturação |  | 300000
 |  |  | Conta reserva (equivalente a 3 prestações, retornando ao final do prazo)
 |  |  | Sist. de Amortização  |  |  | PRICE
 |  | Empréstimo Ponte |  | mês 
(entrada recurso) | mês 
(parcela) |  | R$ | Parcela | Juros
 |  |  | Parcela única | 6 | 18 |  | 22397082.2475 | 25519923.427800044 | 3122841.1803000458
 |  | Taxa de Juros (SELIC + 6%) |  |  | Taxa Real | 0.13943071449177807 | a.a.
 |  |  1ª Tranche |  | mês | mês | % | R$ | SD c/juros acum.
 |  |  | 1ª parcela trimestral | 18 | 66 | 0.2338 | 9497383.094243519 | 11682843.229858823
 |  |  | 2ª parcela trimestral | 21 | 69 | 0 | 0 | 0
 |  |  | 3ª parcela trimestral | 24 | 72 | 0 | 0 | 0
 |  |  | 4ª parcela trimestral | 27 | 75 | 0 | 0 | 0
 |  |  | 5ª parcela trimestral | 30 | 78 | 0 | 0 | 0
 |  |  | 6ª parcela trimestral | 33 | 81 | 0 | 0 | 0
 |  |  | 7ª parcela trimestral | 36 | 84 | 0.19155 | 7781110.914039118 | 9571636.529852256
 |  |  | 8ª parcela trimestral | 39 | 87 | 0.19155 | 7781110.914039118 | 9571636.529852256
 |  |  | 9ª parcela trimestral | 42 | 90 | 0.19155 | 7781110.914039118 | 9571636.529852256
 |  |  | 10ª parcela trimestral | 45 | 93 | 0.19155 | 7781110.914039118 | 9571636.529852256
 |  |  | 11ª parcela trimestral | 48 | 96 | 0 | 0 | 0
 |  |  | 12ª parcela trimestral | 51 | 99 | 0 | 0 | 0
 |  |  | 13ª parcela trimestral | 54 | 102 | 0 | 0 | 0
 |  |  | 14ª parcela trimestral | 57 | 105 | 0 | 0 | 0
 |  |  | 15ª parcela trimestral | 60 | 108 | 0 | 0 | 0
 |  |  |  |  |  | 1 | 40621826.7504 | 49969389.34926785
 |  | 2ª Tranche |  |  | mês | % | R$
 |  |  | 1ª parcela trimestral | 48 | 96 | 0.25 | 37422.756 | 46034.17459723759
 |  |  | 2ª parcela trimestral | 51 | 99 | 0.25 | 37422.756 | 46034.17459723759
 |  |  | 3ª parcela trimestral | 54 | 102 | 0.25 | 37422.756 | 46034.17459723759
 |  |  | 4ª parcela trimestral | 57 | 105 | 0.25 | 37422.756 | 46034.17459723759
 |  |  |  |  |  | 1 | 149691.024 | 184136.69838895035
 |  | 3ª Tranche |  |  | mês | % | R$
 |  |  | 1ª parcela trimestral | 120 | 168 | 0.25 | 3097085.1085999995 | 3809761.00829658
 |  |  | 2ª parcela trimestral | 123 | 171 | 0.25 | 3097085.1085999995 | 3809761.00829658
 |  |  | 3ª parcela trimestral | 126 | 174 | 0.25 | 3097085.1085999995 | 3809761.00829658
 |  |  | 4ª parcela trimestral | 129 | 177 | 0.25 | 3097085.1085999995 | 3809761.00829658
 |  |  |  |  |  | 1 | 12388340.434399998 | 15239044.03318632
 |  |  |  |  |  |  | 53159858.208799995 | 65392570.08084312
 |  | Cálculos com juros relativos ao período de carência
 |  | mês | Primeira Tranche |  |  |  |  |  |  |  |  |  |  |  |  |  |  |  |  |  |  |  |  |  |  |  |  |  |  |  |  |  |  |  |  |  |  |  |  |  |  |  |  |  |  |  |  |  |  |  |  |  |  |  |  |  |  |  |  |  |  |  | Segunda Tranche |  |  |  |  |  |  |  |  |  |  |  |  |  |  |  | Terceira Tranche |  |  |  |  |  |  |  |  |  |  |  |  |  |  |  | TOTAL
 |  |  | 1 Desembolso Trimestral |  |  |  | 2 Desembolso Trimestral |  |  |  | 3 Desembolso Trimestral |  |  |  | 4 Desembolso Trimestral |  |  |  | 5 Desembolso Trimestral |  |  |  | 6 Desembolso Trimestral |  |  |  | 7 Desembolso Trimestral |  |  |  | 8 Desembolso Trimestral |  |  |  | 9 Desembolso Trimestral |  |  |  | 10 Desembolso Trimestral |  |  |  | 11 Desembolso Trimestral |  |  |  | 12 Desembolso Trimestral |  |  |  | 13 Desembolso Trimestral |  |  |  | 14 Desembolso Trimestral |  |  |  | 15 Desembolso Trimestral |  |  |  | 1 Desembolso Trimestral |  |  |  | 2 Desembolso Trimestral |  |  |  | 3 Desembolso Trimestral |  |  |  | 4 Desembolso Trimestral |  |  |  | 1 Desembolso Trimestral |  |  |  | 2 Desembolso Trimestral |  |  |  | 3 Desembolso Trimestral |  |  |  | 4 Desembolso Trimestral
 |  |  | Prestação | Amortização | Juros | Saldo Devedor | Prestação | Amortização | Juros | Saldo Devedor | Prestação | Amortização | Juros | Saldo Devedor | Prestação | Amortização | Juros | Saldo Devedor | Prestação | Amortização | Juros | Saldo Devedor | Prestação | Amortização | Juros | Saldo Devedor | Prestação | Amortização | Juros | Saldo Devedor | Prestação | Amortização | Juros | Saldo Devedor | Prestação | Amortização | Juros | Saldo Devedor | Prestação | Amortização | Juros | Saldo Devedor | Prestação | Amortização | Juros | Saldo Devedor | Prestação | Amortização | Juros | Saldo Devedor | Prestação | Amortização | Juros | Saldo Devedor | Prestação | Amortização | Juros | Saldo Devedor | Prestação | Amortização | Juros | Saldo Devedor | Prestação | Amortização | Juros | Saldo Devedor | Prestação | Amortização | Juros | Saldo Devedor | Prestação | Amortização | Juros | Saldo Devedor | Prestação | Amortização | Juros | Saldo Devedor | Prestação | Amortização | Juros | Saldo Devedor | Prestação | Amortização | Juros | Saldo Devedor | Prestação | Amortização | Juros | Saldo Devedor | Prestação | Amortização | Juros | Saldo Devedor | Prestação | Amortização | Juros | Saldo Devedor
 |  | 0 | 0 | 0 | 0 | 0 | 0 | 0 | 0 | 0 | 0 | 0 | 0 | 0 | 0 | 0 | 0 | 0 | 0 | 0 | 0 | 0 | 0 | 0 | 0 | 0 | 0 | 0 | 0 | 0 | 0 | 0 | 0 | 0 | 0 | 0 | 0 | 0 | 0 | 0 | 0 | 0 | 0 | 0 | 0 | 0 | 0 | 0 | 0 | 0 | 0 | 0 | 0 | 0 | 0 | 0 | 0 | 0 | 0 | 0 | 0 | 0 | 0 | 0 | 0 | 0 | 0 | 0 | 0 | 0 | 0 | 0 | 0 | 0 | 0 | 0 | 0 | 0 | 0 | 0 | 0 | 0 | 0 | 0 | 0 | 0 | 0 | 0 | 0 | 0 | 0 | 0 | 0 | 0 | 0 | 0 | 0 | 0
 |  | 1 | 0 | 0 | 0 | 0 | 0 | 0 | 0 | 0 | 0 | 0 | 0 | 0 | 0 | 0 | 0 | 0 | 0 | 0 | 0 | 0 | 0 | 0 | 0 | 0 | 0 | 0 | 0 | 0 | 0 | 0 | 0 | 0 | 0 | 0 | 0 | 0 | 0 | 0 | 0 | 0 | 0 | 0 | 0 | 0 | 0 | 0 | 0 | 0 | 0 | 0 | 0 | 0 | 0 | 0 | 0 | 0 | 0 | 0 | 0 | 0 | 0 | 0 | 0 | 0 | 0 | 0 | 0 | 0 | 0 | 0 | 0 | 0 | 0 | 0 | 0 | 0 | 0 | 0 | 0 | 0 | 0 | 0 | 0 | 0 | 0 | 0 | 0 | 0 | 0 | 0 | 0 | 0 | 0 | 0 | 0 | 0
 |  | 2 | 0 | 0 | 0 | 0 | 0 | 0 | 0 | 0 | 0 | 0 | 0 | 0 | 0 | 0 | 0 | 0 | 0 | 0 | 0 | 0 | 0 | 0 | 0 | 0 | 0 | 0 | 0 | 0 | 0 | 0 | 0 | 0 | 0 | 0 | 0 | 0 | 0 | 0 | 0 | 0 | 0 | 0 | 0 | 0 | 0 | 0 | 0 | 0 | 0 | 0 | 0 | 0 | 0 | 0 | 0 | 0 | 0 | 0 | 0 | 0 | 0 | 0 | 0 | 0 | 0 | 0 | 0 | 0 | 0 | 0 | 0 | 0 | 0 | 0 | 0 | 0 | 0 | 0 | 0 | 0 | 0 | 0 | 0 | 0 | 0 | 0 | 0 | 0 | 0 | 0 | 0 | 0 | 0 | 0 | 0 | 0
 |  | 3 | 0 | 0 | 0 | 0 | 0 | 0 | 0 | 0 | 0 | 0 | 0 | 0 | 0 | 0 | 0 | 0 | 0 | 0 | 0 | 0 | 0 | 0 | 0 | 0 | 0 | 0 | 0 | 0 | 0 | 0 | 0 | 0 | 0 | 0 | 0 | 0 | 0 | 0 | 0 | 0 | 0 | 0 | 0 | 0 | 0 | 0 | 0 | 0 | 0 | 0 | 0 | 0 | 0 | 0 | 0 | 0 | 0 | 0 | 0 | 0 | 0 | 0 | 0 | 0 | 0 | 0 | 0 | 0 | 0 | 0 | 0 | 0 | 0 | 0 | 0 | 0 | 0 | 0 | 0 | 0 | 0 | 0 | 0 | 0 | 0 | 0 | 0 | 0 | 0 | 0 | 0 | 0 | 0 | 0 | 0 | 0
 |  | 4 | 0 | 0 | 0 | 0 | 0 | 0 | 0 | 0 | 0 | 0 | 0 | 0 | 0 | 0 | 0 | 0 | 0 | 0 | 0 | 0 | 0 | 0 | 0 | 0 | 0 | 0 | 0 | 0 | 0 | 0 | 0 | 0 | 0 | 0 | 0 | 0 | 0 | 0 | 0 | 0 | 0 | 0 | 0 | 0 | 0 | 0 | 0 | 0 | 0 | 0 | 0 | 0 | 0 | 0 | 0 | 0 | 0 | 0 | 0 | 0 | 0 | 0 | 0 | 0 | 0 | 0 | 0 | 0 | 0 | 0 | 0 | 0 | 0 | 0 | 0 | 0 | 0 | 0 | 0 | 0 | 0 | 0 | 0 | 0 | 0 | 0 | 0 | 0 | 0 | 0 | 0 | 0 | 0 | 0 | 0 | 0
 |  | 5 | 0 | 0 | 0 | 0 | 0 | 0 | 0 | 0 | 0 | 0 | 0 | 0 | 0 | 0 | 0 | 0 | 0 | 0 | 0 | 0 | 0 | 0 | 0 | 0 | 0 | 0 | 0 | 0 | 0 | 0 | 0 | 0 | 0 | 0 | 0 | 0 | 0 | 0 | 0 | 0 | 0 | 0 | 0 | 0 | 0 | 0 | 0 | 0 | 0 | 0 | 0 | 0 | 0 | 0 | 0 | 0 | 0 | 0 | 0 | 0 | 0 | 0 | 0 | 0 | 0 | 0 | 0 | 0 | 0 | 0 | 0 | 0 | 0 | 0 | 0 | 0 | 0 | 0 | 0 | 0 | 0 | 0 | 0 | 0 | 0 | 0 | 0 | 0 | 0 | 0 | 0 | 0 | 0 | 0 | 0 | 0
 |  | 6 | 0 | 0 | 0 | 0 | 0 | 0 | 0 | 0 | 0 | 0 | 0 | 0 | 0 | 0 | 0 | 0 | 0 | 0 | 0 | 0 | 0 | 0 | 0 | 0 | 0 | 0 | 0 | 0 | 0 | 0 | 0 | 0 | 0 | 0 | 0 | 0 | 0 | 0 | 0 | 0 | 0 | 0 | 0 | 0 | 0 | 0 | 0 | 0 | 0 | 0 | 0 | 0 | 0 | 0 | 0 | 0 | 0 | 0 | 0 | 0 | 0 | 0 | 0 | 0 | 0 | 0 | 0 | 0 | 0 | 0 | 0 | 0 | 0 | 0 | 0 | 0 | 0 | 0 | 0 | 0 | 0 | 0 | 0 | 0 | 0 | 0 | 0 | 0 | 0 | 0 | 0 | 0 | 0 | 0 | 0 | 0
 |  | 7 | 0 | 0 | 0 | 0 | 0 | 0 | 0 | 0 | 0 | 0 | 0 | 0 | 0 | 0 | 0 | 0 | 0 | 0 | 0 | 0 | 0 | 0 | 0 | 0 | 0 | 0 | 0 | 0 | 0 | 0 | 0 | 0 | 0 | 0 | 0 | 0 | 0 | 0 | 0 | 0 | 0 | 0 | 0 | 0 | 0 | 0 | 0 | 0 | 0 | 0 | 0 | 0 | 0 | 0 | 0 | 0 | 0 | 0 | 0 | 0 | 0 | 0 | 0 | 0 | 0 | 0 | 0 | 0 | 0 | 0 | 0 | 0 | 0 | 0 | 0 | 0 | 0 | 0 | 0 | 0 | 0 | 0 | 0 | 0 | 0 | 0 | 0 | 0 | 0 | 0 | 0 | 0 | 0 | 0 | 0 | 0
 |  | 8 | 0 | 0 | 0 | 0 | 0 | 0 | 0 | 0 | 0 | 0 | 0 | 0 | 0 | 0 | 0 | 0 | 0 | 0 | 0 | 0 | 0 | 0 | 0 | 0 | 0 | 0 | 0 | 0 | 0 | 0 | 0 | 0 | 0 | 0 | 0 | 0 | 0 | 0 | 0 | 0 | 0 | 0 | 0 | 0 | 0 | 0 | 0 | 0 | 0 | 0 | 0 | 0 | 0 | 0 | 0 | 0 | 0 | 0 | 0 | 0 | 0 | 0 | 0 | 0 | 0 | 0 | 0 | 0 | 0 | 0 | 0 | 0 | 0 | 0 | 0 | 0 | 0 | 0 | 0 | 0 | 0 | 0 | 0 | 0 | 0 | 0 | 0 | 0 | 0 | 0 | 0 | 0 | 0 | 0 | 0 | 0
 |  | 9 | 0 | 0 | 0 | 0 | 0 | 0 | 0 | 0 | 0 | 0 | 0 | 0 | 0 | 0 | 0 | 0 | 0 | 0 | 0 | 0 | 0 | 0 | 0 | 0 | 0 | 0 | 0 | 0 | 0 | 0 | 0 | 0 | 0 | 0 | 0 | 0 | 0 | 0 | 0 | 0 | 0 | 0 | 0 | 0 | 0 | 0 | 0 | 0 | 0 | 0 | 0 | 0 | 0 | 0 | 0 | 0 | 0 | 0 | 0 | 0 | 0 | 0 | 0 | 0 | 0 | 0 | 0 | 0 | 0 | 0 | 0 | 0 | 0 | 0 | 0 | 0 | 0 | 0 | 0 | 0 | 0 | 0 | 0 | 0 | 0 | 0 | 0 | 0 | 0 | 0 | 0 | 0 | 0 | 0 | 0 | 0
 |  | 10 | 0 | 0 | 0 | 0 | 0 | 0 | 0 | 0 | 0 | 0 | 0 | 0 | 0 | 0 | 0 | 0 | 0 | 0 | 0 | 0 | 0 | 0 | 0 | 0 | 0 | 0 | 0 | 0 | 0 | 0 | 0 | 0 | 0 | 0 | 0 | 0 | 0 | 0 | 0 | 0 | 0 | 0 | 0 | 0 | 0 | 0 | 0 | 0 | 0 | 0 | 0 | 0 | 0 | 0 | 0 | 0 | 0 | 0 | 0 | 0 | 0 | 0 | 0 | 0 | 0 | 0 | 0 | 0 | 0 | 0 | 0 | 0 | 0 | 0 | 0 | 0 | 0 | 0 | 0 | 0 | 0 | 0 | 0 | 0 | 0 | 0 | 0 | 0 | 0 | 0 | 0 | 0 | 0 | 0 | 0 | 0
 |  | 11 | 0 | 0 | 0 | 0 | 0 | 0 | 0 | 0 | 0 | 0 | 0 | 0 | 0 | 0 | 0 | 0 | 0 | 0 | 0 | 0 | 0 | 0 | 0 | 0 | 0 | 0 | 0 | 0 | 0 | 0 | 0 | 0 | 0 | 0 | 0 | 0 | 0 | 0 | 0 | 0 | 0 | 0 | 0 | 0 | 0 | 0 | 0 | 0 | 0 | 0 | 0 | 0 | 0 | 0 | 0 | 0 | 0 | 0 | 0 | 0 | 0 | 0 | 0 | 0 | 0 | 0 | 0 | 0 | 0 | 0 | 0 | 0 | 0 | 0 | 0 | 0 | 0 | 0 | 0 | 0 | 0 | 0 | 0 | 0 | 0 | 0 | 0 | 0 | 0 | 0 | 0 | 0 | 0 | 0 | 0 | 0
 |  | 12 | 0 | 0 | 0 | 0 | 0 | 0 | 0 | 0 | 0 | 0 | 0 | 0 | 0 | 0 | 0 | 0 | 0 | 0 | 0 | 0 | 0 | 0 | 0 | 0 | 0 | 0 | 0 | 0 | 0 | 0 | 0 | 0 | 0 | 0 | 0 | 0 | 0 | 0 | 0 | 0 | 0 | 0 | 0 | 0 | 0 | 0 | 0 | 0 | 0 | 0 | 0 | 0 | 0 | 0 | 0 | 0 | 0 | 0 | 0 | 0 | 0 | 0 | 0 | 0 | 0 | 0 | 0 | 0 | 0 | 0 | 0 | 0 | 0 | 0 | 0 | 0 | 0 | 0 | 0 | 0 | 0 | 0 | 0 | 0 | 0 | 0 | 0 | 0 | 0 | 0 | 0 | 0 | 0 | 0 | 0 | 0
 |  | 13 | 0 | 0 | 0 | 0 | 0 | 0 | 0 | 0 | 0 | 0 | 0 | 0 | 0 | 0 | 0 | 0 | 0 | 0 | 0 | 0 | 0 | 0 | 0 | 0 | 0 | 0 | 0 | 0 | 0 | 0 | 0 | 0 | 0 | 0 | 0 | 0 | 0 | 0 | 0 | 0 | 0 | 0 | 0 | 0 | 0 | 0 | 0 | 0 | 0 | 0 | 0 | 0 | 0 | 0 | 0 | 0 | 0 | 0 | 0 | 0 | 0 | 0 | 0 | 0 | 0 | 0 | 0 | 0 | 0 | 0 | 0 | 0 | 0 | 0 | 0 | 0 | 0 | 0 | 0 | 0 | 0 | 0 | 0 | 0 | 0 | 0 | 0 | 0 | 0 | 0 | 0 | 0 | 0 | 0 | 0 | 0
 |  | 14 | 0 | 0 | 0 | 0 | 0 | 0 | 0 | 0 | 0 | 0 | 0 | 0 | 0 | 0 | 0 | 0 | 0 | 0 | 0 | 0 | 0 | 0 | 0 | 0 | 0 | 0 | 0 | 0 | 0 | 0 | 0 | 0 | 0 | 0 | 0 | 0 | 0 | 0 | 0 | 0 | 0 | 0 | 0 | 0 | 0 | 0 | 0 | 0 | 0 | 0 | 0 | 0 | 0 | 0 | 0 | 0 | 0 | 0 | 0 | 0 | 0 | 0 | 0 | 0 | 0 | 0 | 0 | 0 | 0 | 0 | 0 | 0 | 0 | 0 | 0 | 0 | 0 | 0 | 0 | 0 | 0 | 0 | 0 | 0 | 0 | 0 | 0 | 0 | 0 | 0 | 0 | 0 | 0 | 0 | 0 | 0
 |  | 15 | 0 | 0 | 0 | 0 | 0 | 0 | 0 | 0 | 0 | 0 | 0 | 0 | 0 | 0 | 0 | 0 | 0 | 0 | 0 | 0 | 0 | 0 | 0 | 0 | 0 | 0 | 0 | 0 | 0 | 0 | 0 | 0 | 0 | 0 | 0 | 0 | 0 | 0 | 0 | 0 | 0 | 0 | 0 | 0 | 0 | 0 | 0 | 0 | 0 | 0 | 0 | 0 | 0 | 0 | 0 | 0 | 0 | 0 | 0 | 0 | 0 | 0 | 0 | 0 | 0 | 0 | 0 | 0 | 0 | 0 | 0 | 0 | 0 | 0 | 0 | 0 | 0 | 0 | 0 | 0 | 0 | 0 | 0 | 0 | 0 | 0 | 0 | 0 | 0 | 0 | 0 | 0 | 0 | 0 | 0 | 0
 |  | 16 | 0 | 0 | 0 | 0 | 0 | 0 | 0 | 0 | 0 | 0 | 0 | 0 | 0 | 0 | 0 | 0 | 0 | 0 | 0 | 0 | 0 | 0 | 0 | 0 | 0 | 0 | 0 | 0 | 0 | 0 | 0 | 0 | 0 | 0 | 0 | 0 | 0 | 0 | 0 | 0 | 0 | 0 | 0 | 0 | 0 | 0 | 0 | 0 | 0 | 0 | 0 | 0 | 0 | 0 | 0 | 0 | 0 | 0 | 0 | 0 | 0 | 0 | 0 | 0 | 0 | 0 | 0 | 0 | 0 | 0 | 0 | 0 | 0 | 0 | 0 | 0 | 0 | 0 | 0 | 0 | 0 | 0 | 0 | 0 | 0 | 0 | 0 | 0 | 0 | 0 | 0 | 0 | 0 | 0 | 0 | 0
 |  | 17 | 0 | 0 | 0 | 0 | 0 | 0 | 0 | 0 | 0 | 0 | 0 | 0 | 0 | 0 | 0 | 0 | 0 | 0 | 0 | 0 | 0 | 0 | 0 | 0 | 0 | 0 | 0 | 0 | 0 | 0 | 0 | 0 | 0 | 0 | 0 | 0 | 0 | 0 | 0 | 0 | 0 | 0 | 0 | 0 | 0 | 0 | 0 | 0 | 0 | 0 | 0 | 0 | 0 | 0 | 0 | 0 | 0 | 0 | 0 | 0 | 0 | 0 | 0 | 0 | 0 | 0 | 0 | 0 | 0 | 0 | 0 | 0 | 0 | 0 | 0 | 0 | 0 | 0 | 0 | 0 | 0 | 0 | 0 | 0 | 0 | 0 | 0 | 0 | 0 | 0 | 0 | 0 | 0 | 0 | 0 | 0
 |  | 18 | 0 | 0 | 0 | 0 | 0 | 0 | 0 | 0 | 0 | 0 | 0 | 0 | 0 | 0 | 0 | 0 | 0 | 0 | 0 | 0 | 0 | 0 | 0 | 0 | 0 | 0 | 0 | 0 | 0 | 0 | 0 | 0 | 0 | 0 | 0 | 0 | 0 | 0 | 0 | 0 | 0 | 0 | 0 | 0 | 0 | 0 | 0 | 0 | 0 | 0 | 0 | 0 | 0 | 0 | 0 | 0 | 0 | 0 | 0 | 0 | 0 | 0 | 0 | 0 | 0 | 0 | 0 | 0 | 0 | 0 | 0 | 0 | 0 | 0 | 0 | 0 | 0 | 0 | 0 | 0 | 0 | 0 | 0 | 0 | 0 | 0 | 0 | 0 | 0 | 0 | 0 | 0 | 0 | 0 | 0 | 0
 |  | 19 | 0 | 0 | 0 | 0 | 0 | 0 | 0 | 0 | 0 | 0 | 0 | 0 | 0 | 0 | 0 | 0 | 0 | 0 | 0 | 0 | 0 | 0 | 0 | 0 | 0 | 0 | 0 | 0 | 0 | 0 | 0 | 0 | 0 | 0 | 0 | 0 | 0 | 0 | 0 | 0 | 0 | 0 | 0 | 0 | 0 | 0 | 0 | 0 | 0 | 0 | 0 | 0 | 0 | 0 | 0 | 0 | 0 | 0 | 0 | 0 | 0 | 0 | 0 | 0 | 0 | 0 | 0 | 0 | 0 | 0 | 0 | 0 | 0 | 0 | 0 | 0 | 0 | 0 | 0 | 0 | 0 | 0 | 0 | 0 | 0 | 0 | 0 | 0 | 0 | 0 | 0 | 0 | 0 | 0 | 0 | 0
 |  | 20 | 0 | 0 | 0 | 0 | 0 | 0 | 0 | 0 | 0 | 0 | 0 | 0 | 0 | 0 | 0 | 0 | 0 | 0 | 0 | 0 | 0 | 0 | 0 | 0 | 0 | 0 | 0 | 0 | 0 | 0 | 0 | 0 | 0 | 0 | 0 | 0 | 0 | 0 | 0 | 0 | 0 | 0 | 0 | 0 | 0 | 0 | 0 | 0 | 0 | 0 | 0 | 0 | 0 | 0 | 0 | 0 | 0 | 0 | 0 | 0 | 0 | 0 | 0 | 0 | 0 | 0 | 0 | 0 | 0 | 0 | 0 | 0 | 0 | 0 | 0 | 0 | 0 | 0 | 0 | 0 | 0 | 0 | 0 | 0 | 0 | 0 | 0 | 0 | 0 | 0 | 0 | 0 | 0 | 0 | 0 | 0
 |  | 21 | 0 | 0 | 0 | 0 | 0 | 0 | 0 | 0 | 0 | 0 | 0 | 0 | 0 | 0 | 0 | 0 | 0 | 0 | 0 | 0 | 0 | 0 | 0 | 0 | 0 | 0 | 0 | 0 | 0 | 0 | 0 | 0 | 0 | 0 | 0 | 0 | 0 | 0 | 0 | 0 | 0 | 0 | 0 | 0 | 0 | 0 | 0 | 0 | 0 | 0 | 0 | 0 | 0 | 0 | 0 | 0 | 0 | 0 | 0 | 0 | 0 | 0 | 0 | 0 | 0 | 0 | 0 | 0 | 0 | 0 | 0 | 0 | 0 | 0 | 0 | 0 | 0 | 0 | 0 | 0 | 0 | 0 | 0 | 0 | 0 | 0 | 0 | 0 | 0 | 0 | 0 | 0 | 0 | 0 | 0 | 0
 |  | 22 | 0 | 0 | 0 | 0 | 0 | 0 | 0 | 0 | 0 | 0 | 0 | 0 | 0 | 0 | 0 | 0 | 0 | 0 | 0 | 0 | 0 | 0 | 0 | 0 | 0 | 0 | 0 | 0 | 0 | 0 | 0 | 0 | 0 | 0 | 0 | 0 | 0 | 0 | 0 | 0 | 0 | 0 | 0 | 0 | 0 | 0 | 0 | 0 | 0 | 0 | 0 | 0 | 0 | 0 | 0 | 0 | 0 | 0 | 0 | 0 | 0 | 0 | 0 | 0 | 0 | 0 | 0 | 0 | 0 | 0 | 0 | 0 | 0 | 0 | 0 | 0 | 0 | 0 | 0 | 0 | 0 | 0 | 0 | 0 | 0 | 0 | 0 | 0 | 0 | 0 | 0 | 0 | 0 | 0 | 0 | 0
 |  | 23 | 0 | 0 | 0 | 0 | 0 | 0 | 0 | 0 | 0 | 0 | 0 | 0 | 0 | 0 | 0 | 0 | 0 | 0 | 0 | 0 | 0 | 0 | 0 | 0 | 0 | 0 | 0 | 0 | 0 | 0 | 0 | 0 | 0 | 0 | 0 | 0 | 0 | 0 | 0 | 0 | 0 | 0 | 0 | 0 | 0 | 0 | 0 | 0 | 0 | 0 | 0 | 0 | 0 | 0 | 0 | 0 | 0 | 0 | 0 | 0 | 0 | 0 | 0 | 0 | 0 | 0 | 0 | 0 | 0 | 0 | 0 | 0 | 0 | 0 | 0 | 0 | 0 | 0 | 0 | 0 | 0 | 0 | 0 | 0 | 0 | 0 | 0 | 0 | 0 | 0 | 0 | 0 | 0 | 0 | 0 | 0
 |  | 24 | 0 | 0 | 0 | 0 | 0 | 0 | 0 | 0 | 0 | 0 | 0 | 0 | 0 | 0 | 0 | 0 | 0 | 0 | 0 | 0 | 0 | 0 | 0 | 0 | 0 | 0 | 0 | 0 | 0 | 0 | 0 | 0 | 0 | 0 | 0 | 0 | 0 | 0 | 0 | 0 | 0 | 0 | 0 | 0 | 0 | 0 | 0 | 0 | 0 | 0 | 0 | 0 | 0 | 0 | 0 | 0 | 0 | 0 | 0 | 0 | 0 | 0 | 0 | 0 | 0 | 0 | 0 | 0 | 0 | 0 | 0 | 0 | 0 | 0 | 0 | 0 | 0 | 0 | 0 | 0 | 0 | 0 | 0 | 0 | 0 | 0 | 0 | 0 | 0 | 0 | 0 | 0 | 0 | 0 | 0 | 0
 |  | 25 | 0 | 0 | 0 | 0 | 0 | 0 | 0 | 0 | 0 | 0 | 0 | 0 | 0 | 0 | 0 | 0 | 0 | 0 | 0 | 0 | 0 | 0 | 0 | 0 | 0 | 0 | 0 | 0 | 0 | 0 | 0 | 0 | 0 | 0 | 0 | 0 | 0 | 0 | 0 | 0 | 0 | 0 | 0 | 0 | 0 | 0 | 0 | 0 | 0 | 0 | 0 | 0 | 0 | 0 | 0 | 0 | 0 | 0 | 0 | 0 | 0 | 0 | 0 | 0 | 0 | 0 | 0 | 0 | 0 | 0 | 0 | 0 | 0 | 0 | 0 | 0 | 0 | 0 | 0 | 0 | 0 | 0 | 0 | 0 | 0 | 0 | 0 | 0 | 0 | 0 | 0 | 0 | 0 | 0 | 0 | 0
 |  | 26 | 0 | 0 | 0 | 0 | 0 | 0 | 0 | 0 | 0 | 0 | 0 | 0 | 0 | 0 | 0 | 0 | 0 | 0 | 0 | 0 | 0 | 0 | 0 | 0 | 0 | 0 | 0 | 0 | 0 | 0 | 0 | 0 | 0 | 0 | 0 | 0 | 0 | 0 | 0 | 0 | 0 | 0 | 0 | 0 | 0 | 0 | 0 | 0 | 0 | 0 | 0 | 0 | 0 | 0 | 0 | 0 | 0 | 0 | 0 | 0 | 0 | 0 | 0 | 0 | 0 | 0 | 0 | 0 | 0 | 0 | 0 | 0 | 0 | 0 | 0 | 0 | 0 | 0 | 0 | 0 | 0 | 0 | 0 | 0 | 0 | 0 | 0 | 0 | 0 | 0 | 0 | 0 | 0 | 0 | 0 | 0
 |  | 27 | 0 | 0 | 0 | 0 | 0 | 0 | 0 | 0 | 0 | 0 | 0 | 0 | 0 | 0 | 0 | 0 | 0 | 0 | 0 | 0 | 0 | 0 | 0 | 0 | 0 | 0 | 0 | 0 | 0 | 0 | 0 | 0 | 0 | 0 | 0 | 0 | 0 | 0 | 0 | 0 | 0 | 0 | 0 | 0 | 0 | 0 | 0 | 0 | 0 | 0 | 0 | 0 | 0 | 0 | 0 | 0 | 0 | 0 | 0 | 0 | 0 | 0 | 0 | 0 | 0 | 0 | 0 | 0 | 0 | 0 | 0 | 0 | 0 | 0 | 0 | 0 | 0 | 0 | 0 | 0 | 0 | 0 | 0 | 0 | 0 | 0 | 0 | 0 | 0 | 0 | 0 | 0 | 0 | 0 | 0 | 0
 |  | 28 | 0 | 0 | 0 | 0 | 0 | 0 | 0 | 0 | 0 | 0 | 0 | 0 | 0 | 0 | 0 | 0 | 0 | 0 | 0 | 0 | 0 | 0 | 0 | 0 | 0 | 0 | 0 | 0 | 0 | 0 | 0 | 0 | 0 | 0 | 0 | 0 | 0 | 0 | 0 | 0 | 0 | 0 | 0 | 0 | 0 | 0 | 0 | 0 | 0 | 0 | 0 | 0 | 0 | 0 | 0 | 0 | 0 | 0 | 0 | 0 | 0 | 0 | 0 | 0 | 0 | 0 | 0 | 0 | 0 | 0 | 0 | 0 | 0 | 0 | 0 | 0 | 0 | 0 | 0 | 0 | 0 | 0 | 0 | 0 | 0 | 0 | 0 | 0 | 0 | 0 | 0 | 0 | 0 | 0 | 0 | 0
 |  | 29 | 0 | 0 | 0 | 0 | 0 | 0 | 0 | 0 | 0 | 0 | 0 | 0 | 0 | 0 | 0 | 0 | 0 | 0 | 0 | 0 | 0 | 0 | 0 | 0 | 0 | 0 | 0 | 0 | 0 | 0 | 0 | 0 | 0 | 0 | 0 | 0 | 0 | 0 | 0 | 0 | 0 | 0 | 0 | 0 | 0 | 0 | 0 | 0 | 0 | 0 | 0 | 0 | 0 | 0 | 0 | 0 | 0 | 0 | 0 | 0 | 0 | 0 | 0 | 0 | 0 | 0 | 0 | 0 | 0 | 0 | 0 | 0 | 0 | 0 | 0 | 0 | 0 | 0 | 0 | 0 | 0 | 0 | 0 | 0 | 0 | 0 | 0 | 0 | 0 | 0 | 0 | 0 | 0 | 0 | 0 | 0
 |  | 30 | 0 | 0 | 0 | 0 | 0 | 0 | 0 | 0 | 0 | 0 | 0 | 0 | 0 | 0 | 0 | 0 | 0 | 0 | 0 | 0 | 0 | 0 | 0 | 0 | 0 | 0 | 0 | 0 | 0 | 0 | 0 | 0 | 0 | 0 | 0 | 0 | 0 | 0 | 0 | 0 | 0 | 0 | 0 | 0 | 0 | 0 | 0 | 0 | 0 | 0 | 0 | 0 | 0 | 0 | 0 | 0 | 0 | 0 | 0 | 0 | 0 | 0 | 0 | 0 | 0 | 0 | 0 | 0 | 0 | 0 | 0 | 0 | 0 | 0 | 0 | 0 | 0 | 0 | 0 | 0 | 0 | 0 | 0 | 0 | 0 | 0 | 0 | 0 | 0 | 0 | 0 | 0 | 0 | 0 | 0 | 0
 |  | 31 | 0 | 0 | 0 | 0 | 0 | 0 | 0 | 0 | 0 | 0 | 0 | 0 | 0 | 0 | 0 | 0 | 0 | 0 | 0 | 0 | 0 | 0 | 0 | 0 | 0 | 0 | 0 | 0 | 0 | 0 | 0 | 0 | 0 | 0 | 0 | 0 | 0 | 0 | 0 | 0 | 0 | 0 | 0 | 0 | 0 | 0 | 0 | 0 | 0 | 0 | 0 | 0 | 0 | 0 | 0 | 0 | 0 | 0 | 0 | 0 | 0 | 0 | 0 | 0 | 0 | 0 | 0 | 0 | 0 | 0 | 0 | 0 | 0 | 0 | 0 | 0 | 0 | 0 | 0 | 0 | 0 | 0 | 0 | 0 | 0 | 0 | 0 | 0 | 0 | 0 | 0 | 0 | 0 | 0 | 0 | 0
 |  | 32 | 0 | 0 | 0 | 0 | 0 | 0 | 0 | 0 | 0 | 0 | 0 | 0 | 0 | 0 | 0 | 0 | 0 | 0 | 0 | 0 | 0 | 0 | 0 | 0 | 0 | 0 | 0 | 0 | 0 | 0 | 0 | 0 | 0 | 0 | 0 | 0 | 0 | 0 | 0 | 0 | 0 | 0 | 0 | 0 | 0 | 0 | 0 | 0 | 0 | 0 | 0 | 0 | 0 | 0 | 0 | 0 | 0 | 0 | 0 | 0 | 0 | 0 | 0 | 0 | 0 | 0 | 0 | 0 | 0 | 0 | 0 | 0 | 0 | 0 | 0 | 0 | 0 | 0 | 0 | 0 | 0 | 0 | 0 | 0 | 0 | 0 | 0 | 0 | 0 | 0 | 0 | 0 | 0 | 0 | 0 | 0
 |  | 33 | 0 | 0 | 0 | 0 | 0 | 0 | 0 | 0 | 0 | 0 | 0 | 0 | 0 | 0 | 0 | 0 | 0 | 0 | 0 | 0 | 0 | 0 | 0 | 0 | 0 | 0 | 0 | 0 | 0 | 0 | 0 | 0 | 0 | 0 | 0 | 0 | 0 | 0 | 0 | 0 | 0 | 0 | 0 | 0 | 0 | 0 | 0 | 0 | 0 | 0 | 0 | 0 | 0 | 0 | 0 | 0 | 0 | 0 | 0 | 0 | 0 | 0 | 0 | 0 | 0 | 0 | 0 | 0 | 0 | 0 | 0 | 0 | 0 | 0 | 0 | 0 | 0 | 0 | 0 | 0 | 0 | 0 | 0 | 0 | 0 | 0 | 0 | 0 | 0 | 0 | 0 | 0 | 0 | 0 | 0 | 0
 |  | 34 | 0 | 0 | 0 | 0 | 0 | 0 | 0 | 0 | 0 | 0 | 0 | 0 | 0 | 0 | 0 | 0 | 0 | 0 | 0 | 0 | 0 | 0 | 0 | 0 | 0 | 0 | 0 | 0 | 0 | 0 | 0 | 0 | 0 | 0 | 0 | 0 | 0 | 0 | 0 | 0 | 0 | 0 | 0 | 0 | 0 | 0 | 0 | 0 | 0 | 0 | 0 | 0 | 0 | 0 | 0 | 0 | 0 | 0 | 0 | 0 | 0 | 0 | 0 | 0 | 0 | 0 | 0 | 0 | 0 | 0 | 0 | 0 | 0 | 0 | 0 | 0 | 0 | 0 | 0 | 0 | 0 | 0 | 0 | 0 | 0 | 0 | 0 | 0 | 0 | 0 | 0 | 0 | 0 | 0 | 0 | 0
 |  | 35 | 0 | 0 | 0 | 0 | 0 | 0 | 0 | 0 | 0 | 0 | 0 | 0 | 0 | 0 | 0 | 0 | 0 | 0 | 0 | 0 | 0 | 0 | 0 | 0 | 0 | 0 | 0 | 0 | 0 | 0 | 0 | 0 | 0 | 0 | 0 | 0 | 0 | 0 | 0 | 0 | 0 | 0 | 0 | 0 | 0 | 0 | 0 | 0 | 0 | 0 | 0 | 0 | 0 | 0 | 0 | 0 | 0 | 0 | 0 | 0 | 0 | 0 | 0 | 0 | 0 | 0 | 0 | 0 | 0 | 0 | 0 | 0 | 0 | 0 | 0 | 0 | 0 | 0 | 0 | 0 | 0 | 0 | 0 | 0 | 0 | 0 | 0 | 0 | 0 | 0 | 0 | 0 | 0 | 0 | 0 | 0
 |  | 36 | 0 | 0 | 0 | 0 | 0 | 0 | 0 | 0 | 0 | 0 | 0 | 0 | 0 | 0 | 0 | 0 | 0 | 0 | 0 | 0 | 0 | 0 | 0 | 0 | 0 | 0 | 0 | 0 | 0 | 0 | 0 | 0 | 0 | 0 | 0 | 0 | 0 | 0 | 0 | 0 | 0 | 0 | 0 | 0 | 0 | 0 | 0 | 0 | 0 | 0 | 0 | 0 | 0 | 0 | 0 | 0 | 0 | 0 | 0 | 0 | 0 | 0 | 0 | 0 | 0 | 0 | 0 | 0 | 0 | 0 | 0 | 0 | 0 | 0 | 0 | 0 | 0 | 0 | 0 | 0 | 0 | 0 | 0 | 0 | 0 | 0 | 0 | 0 | 0 | 0 | 0 | 0 | 0 | 0 | 0 | 0
 |  | 37 | 0 | 0 | 0 | 0 | 0 | 0 | 0 | 0 | 0 | 0 | 0 | 0 | 0 | 0 | 0 | 0 | 0 | 0 | 0 | 0 | 0 | 0 | 0 | 0 | 0 | 0 | 0 | 0 | 0 | 0 | 0 | 0 | 0 | 0 | 0 | 0 | 0 | 0 | 0 | 0 | 0 | 0 | 0 | 0 | 0 | 0 | 0 | 0 | 0 | 0 | 0 | 0 | 0 | 0 | 0 | 0 | 0 | 0 | 0 | 0 | 0 | 0 | 0 | 0 | 0 | 0 | 0 | 0 | 0 | 0 | 0 | 0 | 0 | 0 | 0 | 0 | 0 | 0 | 0 | 0 | 0 | 0 | 0 | 0 | 0 | 0 | 0 | 0 | 0 | 0 | 0 | 0 | 0 | 0 | 0 | 0
 |  | 38 | 0 | 0 | 0 | 0 | 0 | 0 | 0 | 0 | 0 | 0 | 0 | 0 | 0 | 0 | 0 | 0 | 0 | 0 | 0 | 0 | 0 | 0 | 0 | 0 | 0 | 0 | 0 | 0 | 0 | 0 | 0 | 0 | 0 | 0 | 0 | 0 | 0 | 0 | 0 | 0 | 0 | 0 | 0 | 0 | 0 | 0 | 0 | 0 | 0 | 0 | 0 | 0 | 0 | 0 | 0 | 0 | 0 | 0 | 0 | 0 | 0 | 0 | 0 | 0 | 0 | 0 | 0 | 0 | 0 | 0 | 0 | 0 | 0 | 0 | 0 | 0 | 0 | 0 | 0 | 0 | 0 | 0 | 0 | 0 | 0 | 0 | 0 | 0 | 0 | 0 | 0 | 0 | 0 | 0 | 0 | 0
 |  | 39 | 0 | 0 | 0 | 0 | 0 | 0 | 0 | 0 | 0 | 0 | 0 | 0 | 0 | 0 | 0 | 0 | 0 | 0 | 0 | 0 | 0 | 0 | 0 | 0 | 0 | 0 | 0 | 0 | 0 | 0 | 0 | 0 | 0 | 0 | 0 | 0 | 0 | 0 | 0 | 0 | 0 | 0 | 0 | 0 | 0 | 0 | 0 | 0 | 0 | 0 | 0 | 0 | 0 | 0 | 0 | 0 | 0 | 0 | 0 | 0 | 0 | 0 | 0 | 0 | 0 | 0 | 0 | 0 | 0 | 0 | 0 | 0 | 0 | 0 | 0 | 0 | 0 | 0 | 0 | 0 | 0 | 0 | 0 | 0 | 0 | 0 | 0 | 0 | 0 | 0 | 0 | 0 | 0 | 0 | 0 | 0
 |  | 40 | 0 | 0 | 0 | 0 | 0 | 0 | 0 | 0 | 0 | 0 | 0 | 0 | 0 | 0 | 0 | 0 | 0 | 0 | 0 | 0 | 0 | 0 | 0 | 0 | 0 | 0 | 0 | 0 | 0 | 0 | 0 | 0 | 0 | 0 | 0 | 0 | 0 | 0 | 0 | 0 | 0 | 0 | 0 | 0 | 0 | 0 | 0 | 0 | 0 | 0 | 0 | 0 | 0 | 0 | 0 | 0 | 0 | 0 | 0 | 0 | 0 | 0 | 0 | 0 | 0 | 0 | 0 | 0 | 0 | 0 | 0 | 0 | 0 | 0 | 0 | 0 | 0 | 0 | 0 | 0 | 0 | 0 | 0 | 0 | 0 | 0 | 0 | 0 | 0 | 0 | 0 | 0 | 0 | 0 | 0 | 0
 |  | 41 | 0 | 0 | 0 | 0 | 0 | 0 | 0 | 0 | 0 | 0 | 0 | 0 | 0 | 0 | 0 | 0 | 0 | 0 | 0 | 0 | 0 | 0 | 0 | 0 | 0 | 0 | 0 | 0 | 0 | 0 | 0 | 0 | 0 | 0 | 0 | 0 | 0 | 0 | 0 | 0 | 0 | 0 | 0 | 0 | 0 | 0 | 0 | 0 | 0 | 0 | 0 | 0 | 0 | 0 | 0 | 0 | 0 | 0 | 0 | 0 | 0 | 0 | 0 | 0 | 0 | 0 | 0 | 0 | 0 | 0 | 0 | 0 | 0 | 0 | 0 | 0 | 0 | 0 | 0 | 0 | 0 | 0 | 0 | 0 | 0 | 0 | 0 | 0 | 0 | 0 | 0 | 0 | 0 | 0 | 0 | 0
 |  | 42 | 0 | 0 | 0 | 0 | 0 | 0 | 0 | 0 | 0 | 0 | 0 | 0 | 0 | 0 | 0 | 0 | 0 | 0 | 0 | 0 | 0 | 0 | 0 | 0 | 0 | 0 | 0 | 0 | 0 | 0 | 0 | 0 | 0 | 0 | 0 | 0 | 0 | 0 | 0 | 0 | 0 | 0 | 0 | 0 | 0 | 0 | 0 | 0 | 0 | 0 | 0 | 0 | 0 | 0 | 0 | 0 | 0 | 0 | 0 | 0 | 0 | 0 | 0 | 0 | 0 | 0 | 0 | 0 | 0 | 0 | 0 | 0 | 0 | 0 | 0 | 0 | 0 | 0 | 0 | 0 | 0 | 0 | 0 | 0 | 0 | 0 | 0 | 0 | 0 | 0 | 0 | 0 | 0 | 0 | 0 | 0
 |  | 43 | 0 | 0 | 0 | 0 | 0 | 0 | 0 | 0 | 0 | 0 | 0 | 0 | 0 | 0 | 0 | 0 | 0 | 0 | 0 | 0 | 0 | 0 | 0 | 0 | 0 | 0 | 0 | 0 | 0 | 0 | 0 | 0 | 0 | 0 | 0 | 0 | 0 | 0 | 0 | 0 | 0 | 0 | 0 | 0 | 0 | 0 | 0 | 0 | 0 | 0 | 0 | 0 | 0 | 0 | 0 | 0 | 0 | 0 | 0 | 0 | 0 | 0 | 0 | 0 | 0 | 0 | 0 | 0 | 0 | 0 | 0 | 0 | 0 | 0 | 0 | 0 | 0 | 0 | 0 | 0 | 0 | 0 | 0 | 0 | 0 | 0 | 0 | 0 | 0 | 0 | 0 | 0 | 0 | 0 | 0 | 0
 |  | 44 | 0 | 0 | 0 | 0 | 0 | 0 | 0 | 0 | 0 | 0 | 0 | 0 | 0 | 0 | 0 | 0 | 0 | 0 | 0 | 0 | 0 | 0 | 0 | 0 | 0 | 0 | 0 | 0 | 0 | 0 | 0 | 0 | 0 | 0 | 0 | 0 | 0 | 0 | 0 | 0 | 0 | 0 | 0 | 0 | 0 | 0 | 0 | 0 | 0 | 0 | 0 | 0 | 0 | 0 | 0 | 0 | 0 | 0 | 0 | 0 | 0 | 0 | 0 | 0 | 0 | 0 | 0 | 0 | 0 | 0 | 0 | 0 | 0 | 0 | 0 | 0 | 0 | 0 | 0 | 0 | 0 | 0 | 0 | 0 | 0 | 0 | 0 | 0 | 0 | 0 | 0 | 0 | 0 | 0 | 0 | 0
 |  | 45 | 0 | 0 | 0 | 0 | 0 | 0 | 0 | 0 | 0 | 0 | 0 | 0 | 0 | 0 | 0 | 0 | 0 | 0 | 0 | 0 | 0 | 0 | 0 | 0 | 0 | 0 | 0 | 0 | 0 | 0 | 0 | 0 | 0 | 0 | 0 | 0 | 0 | 0 | 0 | 0 | 0 | 0 | 0 | 0 | 0 | 0 | 0 | 0 | 0 | 0 | 0 | 0 | 0 | 0 | 0 | 0 | 0 | 0 | 0 | 0 | 0 | 0 | 0 | 0 | 0 | 0 | 0 | 0 | 0 | 0 | 0 | 0 | 0 | 0 | 0 | 0 | 0 | 0 | 0 | 0 | 0 | 0 | 0 | 0 | 0 | 0 | 0 | 0 | 0 | 0 | 0 | 0 | 0 | 0 | 0 | 0
 |  | 46 | 0 | 0 | 0 | 0 | 0 | 0 | 0 | 0 | 0 | 0 | 0 | 0 | 0 | 0 | 0 | 0 | 0 | 0 | 0 | 0 | 0 | 0 | 0 | 0 | 0 | 0 | 0 | 0 | 0 | 0 | 0 | 0 | 0 | 0 | 0 | 0 | 0 | 0 | 0 | 0 | 0 | 0 | 0 | 0 | 0 | 0 | 0 | 0 | 0 | 0 | 0 | 0 | 0 | 0 | 0 | 0 | 0 | 0 | 0 | 0 | 0 | 0 | 0 | 0 | 0 | 0 | 0 | 0 | 0 | 0 | 0 | 0 | 0 | 0 | 0 | 0 | 0 | 0 | 0 | 0 | 0 | 0 | 0 | 0 | 0 | 0 | 0 | 0 | 0 | 0 | 0 | 0 | 0 | 0 | 0 | 0
 |  | 47 | 0 | 0 | 0 | 0 | 0 | 0 | 0 | 0 | 0 | 0 | 0 | 0 | 0 | 0 | 0 | 0 | 0 | 0 | 0 | 0 | 0 | 0 | 0 | 0 | 0 | 0 | 0 | 0 | 0 | 0 | 0 | 0 | 0 | 0 | 0 | 0 | 0 | 0 | 0 | 0 | 0 | 0 | 0 | 0 | 0 | 0 | 0 | 0 | 0 | 0 | 0 | 0 | 0 | 0 | 0 | 0 | 0 | 0 | 0 | 0 | 0 | 0 | 0 | 0 | 0 | 0 | 0 | 0 | 0 | 0 | 0 | 0 | 0 | 0 | 0 | 0 | 0 | 0 | 0 | 0 | 0 | 0 | 0 | 0 | 0 | 0 | 0 | 0 | 0 | 0 | 0 | 0 | 0 | 0 | 0 | 0
 |  | 48 | 0 | 0 | 0 | 0 | 0 | 0 | 0 | 0 | 0 | 0 | 0 | 0 | 0 | 0 | 0 | 0 | 0 | 0 | 0 | 0 | 0 | 0 | 0 | 0 | 0 | 0 | 0 | 0 | 0 | 0 | 0 | 0 | 0 | 0 | 0 | 0 | 0 | 0 | 0 | 0 | 0 | 0 | 0 | 0 | 0 | 0 | 0 | 0 | 0 | 0 | 0 | 0 | 0 | 0 | 0 | 0 | 0 | 0 | 0 | 0 | 0 | 0 | 0 | 0 | 0 | 0 | 0 | 0 | 0 | 0 | 0 | 0 | 0 | 0 | 0 | 0 | 0 | 0 | 0 | 0 | 0 | 0 | 0 | 0 | 0 | 0 | 0 | 0 | 0 | 0 | 0 | 0 | 0 | 0 | 0 | 0
 |  | 49 | 0 | 0 | 0 | 0 | 0 | 0 | 0 | 0 | 0 | 0 | 0 | 0 | 0 | 0 | 0 | 0 | 0 | 0 | 0 | 0 | 0 | 0 | 0 | 0 | 0 | 0 | 0 | 0 | 0 | 0 | 0 | 0 | 0 | 0 | 0 | 0 | 0 | 0 | 0 | 0 | 0 | 0 | 0 | 0 | 0 | 0 | 0 | 0 | 0 | 0 | 0 | 0 | 0 | 0 | 0 | 0 | 0 | 0 | 0 | 0 | 0 | 0 | 0 | 0 | 0 | 0 | 0 | 0 | 0 | 0 | 0 | 0 | 0 | 0 | 0 | 0 | 0 | 0 | 0 | 0 | 0 | 0 | 0 | 0 | 0 | 0 | 0 | 0 | 0 | 0 | 0 | 0 | 0 | 0 | 0 | 0
 |  | 50 | 0 | 0 | 0 | 0 | 0 | 0 | 0 | 0 | 0 | 0 | 0 | 0 | 0 | 0 | 0 | 0 | 0 | 0 | 0 | 0 | 0 | 0 | 0 | 0 | 0 | 0 | 0 | 0 | 0 | 0 | 0 | 0 | 0 | 0 | 0 | 0 | 0 | 0 | 0 | 0 | 0 | 0 | 0 | 0 | 0 | 0 | 0 | 0 | 0 | 0 | 0 | 0 | 0 | 0 | 0 | 0 | 0 | 0 | 0 | 0 | 0 | 0 | 0 | 0 | 0 | 0 | 0 | 0 | 0 | 0 | 0 | 0 | 0 | 0 | 0 | 0 | 0 | 0 | 0 | 0 | 0 | 0 | 0 | 0 | 0 | 0 | 0 | 0 | 0 | 0 | 0 | 0 | 0 | 0 | 0 | 0
 |  | 51 | 0 | 0 | 0 | 0 | 0 | 0 | 0 | 0 | 0 | 0 | 0 | 0 | 0 | 0 | 0 | 0 | 0 | 0 | 0 | 0 | 0 | 0 | 0 | 0 | 0 | 0 | 0 | 0 | 0 | 0 | 0 | 0 | 0 | 0 | 0 | 0 | 0 | 0 | 0 | 0 | 0 | 0 | 0 | 0 | 0 | 0 | 0 | 0 | 0 | 0 | 0 | 0 | 0 | 0 | 0 | 0 | 0 | 0 | 0 | 0 | 0 | 0 | 0 | 0 | 0 | 0 | 0 | 0 | 0 | 0 | 0 | 0 | 0 | 0 | 0 | 0 | 0 | 0 | 0 | 0 | 0 | 0 | 0 | 0 | 0 | 0 | 0 | 0 | 0 | 0 | 0 | 0 | 0 | 0 | 0 | 0
 |  | 52 | 0 | 0 | 0 | 0 | 0 | 0 | 0 | 0 | 0 | 0 | 0 | 0 | 0 | 0 | 0 | 0 | 0 | 0 | 0 | 0 | 0 | 0 | 0 | 0 | 0 | 0 | 0 | 0 | 0 | 0 | 0 | 0 | 0 | 0 | 0 | 0 | 0 | 0 | 0 | 0 | 0 | 0 | 0 | 0 | 0 | 0 | 0 | 0 | 0 | 0 | 0 | 0 | 0 | 0 | 0 | 0 | 0 | 0 | 0 | 0 | 0 | 0 | 0 | 0 | 0 | 0 | 0 | 0 | 0 | 0 | 0 | 0 | 0 | 0 | 0 | 0 | 0 | 0 | 0 | 0 | 0 | 0 | 0 | 0 | 0 | 0 | 0 | 0 | 0 | 0 | 0 | 0 | 0 | 0 | 0 | 0
 |  | 53 | 0 | 0 | 0 | 0 | 0 | 0 | 0 | 0 | 0 | 0 | 0 | 0 | 0 | 0 | 0 | 0 | 0 | 0 | 0 | 0 | 0 | 0 | 0 | 0 | 0 | 0 | 0 | 0 | 0 | 0 | 0 | 0 | 0 | 0 | 0 | 0 | 0 | 0 | 0 | 0 | 0 | 0 | 0 | 0 | 0 | 0 | 0 | 0 | 0 | 0 | 0 | 0 | 0 | 0 | 0 | 0 | 0 | 0 | 0 | 0 | 0 | 0 | 0 | 0 | 0 | 0 | 0 | 0 | 0 | 0 | 0 | 0 | 0 | 0 | 0 | 0 | 0 | 0 | 0 | 0 | 0 | 0 | 0 | 0 | 0 | 0 | 0 | 0 | 0 | 0 | 0 | 0 | 0 | 0 | 0 | 0
 |  | 54 | 0 | 0 | 0 | 0 | 0 | 0 | 0 | 0 | 0 | 0 | 0 | 0 | 0 | 0 | 0 | 0 | 0 | 0 | 0 | 0 | 0 | 0 | 0 | 0 | 0 | 0 | 0 | 0 | 0 | 0 | 0 | 0 | 0 | 0 | 0 | 0 | 0 | 0 | 0 | 0 | 0 | 0 | 0 | 0 | 0 | 0 | 0 | 0 | 0 | 0 | 0 | 0 | 0 | 0 | 0 | 0 | 0 | 0 | 0 | 0 | 0 | 0 | 0 | 0 | 0 | 0 | 0 | 0 | 0 | 0 | 0 | 0 | 0 | 0 | 0 | 0 | 0 | 0 | 0 | 0 | 0 | 0 | 0 | 0 | 0 | 0 | 0 | 0 | 0 | 0 | 0 | 0 | 0 | 0 | 0 | 0
 |  | 55 | 0 | 0 | 0 | 0 | 0 | 0 | 0 | 0 | 0 | 0 | 0 | 0 | 0 | 0 | 0 | 0 | 0 | 0 | 0 | 0 | 0 | 0 | 0 | 0 | 0 | 0 | 0 | 0 | 0 | 0 | 0 | 0 | 0 | 0 | 0 | 0 | 0 | 0 | 0 | 0 | 0 | 0 | 0 | 0 | 0 | 0 | 0 | 0 | 0 | 0 | 0 | 0 | 0 | 0 | 0 | 0 | 0 | 0 | 0 | 0 | 0 | 0 | 0 | 0 | 0 | 0 | 0 | 0 | 0 | 0 | 0 | 0 | 0 | 0 | 0 | 0 | 0 | 0 | 0 | 0 | 0 | 0 | 0 | 0 | 0 | 0 | 0 | 0 | 0 | 0 | 0 | 0 | 0 | 0 | 0 | 0
 |  | 56 | 0 | 0 | 0 | 0 | 0 | 0 | 0 | 0 | 0 | 0 | 0 | 0 | 0 | 0 | 0 | 0 | 0 | 0 | 0 | 0 | 0 | 0 | 0 | 0 | 0 | 0 | 0 | 0 | 0 | 0 | 0 | 0 | 0 | 0 | 0 | 0 | 0 | 0 | 0 | 0 | 0 | 0 | 0 | 0 | 0 | 0 | 0 | 0 | 0 | 0 | 0 | 0 | 0 | 0 | 0 | 0 | 0 | 0 | 0 | 0 | 0 | 0 | 0 | 0 | 0 | 0 | 0 | 0 | 0 | 0 | 0 | 0 | 0 | 0 | 0 | 0 | 0 | 0 | 0 | 0 | 0 | 0 | 0 | 0 | 0 | 0 | 0 | 0 | 0 | 0 | 0 | 0 | 0 | 0 | 0 | 0
 |  | 57 | 0 | 0 | 0 | 0 | 0 | 0 | 0 | 0 | 0 | 0 | 0 | 0 | 0 | 0 | 0 | 0 | 0 | 0 | 0 | 0 | 0 | 0 | 0 | 0 | 0 | 0 | 0 | 0 | 0 | 0 | 0 | 0 | 0 | 0 | 0 | 0 | 0 | 0 | 0 | 0 | 0 | 0 | 0 | 0 | 0 | 0 | 0 | 0 | 0 | 0 | 0 | 0 | 0 | 0 | 0 | 0 | 0 | 0 | 0 | 0 | 0 | 0 | 0 | 0 | 0 | 0 | 0 | 0 | 0 | 0 | 0 | 0 | 0 | 0 | 0 | 0 | 0 | 0 | 0 | 0 | 0 | 0 | 0 | 0 | 0 | 0 | 0 | 0 | 0 | 0 | 0 | 0 | 0 | 0 | 0 | 0
 |  | 58 | 0 | 0 | 0 | 0 | 0 | 0 | 0 | 0 | 0 | 0 | 0 | 0 | 0 | 0 | 0 | 0 | 0 | 0 | 0 | 0 | 0 | 0 | 0 | 0 | 0 | 0 | 0 | 0 | 0 | 0 | 0 | 0 | 0 | 0 | 0 | 0 | 0 | 0 | 0 | 0 | 0 | 0 | 0 | 0 | 0 | 0 | 0 | 0 | 0 | 0 | 0 | 0 | 0 | 0 | 0 | 0 | 0 | 0 | 0 | 0 | 0 | 0 | 0 | 0 | 0 | 0 | 0 | 0 | 0 | 0 | 0 | 0 | 0 | 0 | 0 | 0 | 0 | 0 | 0 | 0 | 0 | 0 | 0 | 0 | 0 | 0 | 0 | 0 | 0 | 0 | 0 | 0 | 0 | 0 | 0 | 0
 |  | 59 | 0 | 0 | 0 | 0 | 0 | 0 | 0 | 0 | 0 | 0 | 0 | 0 | 0 | 0 | 0 | 0 | 0 | 0 | 0 | 0 | 0 | 0 | 0 | 0 | 0 | 0 | 0 | 0 | 0 | 0 | 0 | 0 | 0 | 0 | 0 | 0 | 0 | 0 | 0 | 0 | 0 | 0 | 0 | 0 | 0 | 0 | 0 | 0 | 0 | 0 | 0 | 0 | 0 | 0 | 0 | 0 | 0 | 0 | 0 | 0 | 0 | 0 | 0 | 0 | 0 | 0 | 0 | 0 | 0 | 0 | 0 | 0 | 0 | 0 | 0 | 0 | 0 | 0 | 0 | 0 | 0 | 0 | 0 | 0 | 0 | 0 | 0 | 0 | 0 | 0 | 0 | 0 | 0 | 0 | 0 | 0
 |  | 60 | 0 | 0 | 0 | 0 | 0 | 0 | 0 | 0 | 0 | 0 | 0 | 0 | 0 | 0 | 0 | 0 | 0 | 0 | 0 | 0 | 0 | 0 | 0 | 0 | 0 | 0 | 0 | 0 | 0 | 0 | 0 | 0 | 0 | 0 | 0 | 0 | 0 | 0 | 0 | 0 | 0 | 0 | 0 | 0 | 0 | 0 | 0 | 0 | 0 | 0 | 0 | 0 | 0 | 0 | 0 | 0 | 0 | 0 | 0 | 0 | 0 | 0 | 0 | 0 | 0 | 0 | 0 | 0 | 0 | 0 | 0 | 0 | 0 | 0 | 0 | 0 | 0 | 0 | 0 | 0 | 0 | 0 | 0 | 0 | 0 | 0 | 0 | 0 | 0 | 0 | 0 | 0 | 0 | 0 | 0 | 0
 |  | 61 | 0 | 0 | 0 | 0 | 0 | 0 | 0 | 0 | 0 | 0 | 0 | 0 | 0 | 0 | 0 | 0 | 0 | 0 | 0 | 0 | 0 | 0 | 0 | 0 | 0 | 0 | 0 | 0 | 0 | 0 | 0 | 0 | 0 | 0 | 0 | 0 | 0 | 0 | 0 | 0 | 0 | 0 | 0 | 0 | 0 | 0 | 0 | 0 | 0 | 0 | 0 | 0 | 0 | 0 | 0 | 0 | 0 | 0 | 0 | 0 | 0 | 0 | 0 | 0 | 0 | 0 | 0 | 0 | 0 | 0 | 0 | 0 | 0 | 0 | 0 | 0 | 0 | 0 | 0 | 0 | 0 | 0 | 0 | 0 | 0 | 0 | 0 | 0 | 0 | 0 | 0 | 0 | 0 | 0 | 0 | 0
 |  | 62 | 0 | 0 | 0 | 0 | 0 | 0 | 0 | 0 | 0 | 0 | 0 | 0 | 0 | 0 | 0 | 0 | 0 | 0 | 0 | 0 | 0 | 0 | 0 | 0 | 0 | 0 | 0 | 0 | 0 | 0 | 0 | 0 | 0 | 0 | 0 | 0 | 0 | 0 | 0 | 0 | 0 | 0 | 0 | 0 | 0 | 0 | 0 | 0 | 0 | 0 | 0 | 0 | 0 | 0 | 0 | 0 | 0 | 0 | 0 | 0 | 0 | 0 | 0 | 0 | 0 | 0 | 0 | 0 | 0 | 0 | 0 | 0 | 0 | 0 | 0 | 0 | 0 | 0 | 0 | 0 | 0 | 0 | 0 | 0 | 0 | 0 | 0 | 0 | 0 | 0 | 0 | 0 | 0 | 0 | 0 | 0
 |  | 63 | 0 | 0 | 0 | 0 | 0 | 0 | 0 | 0 | 0 | 0 | 0 | 0 | 0 | 0 | 0 | 0 | 0 | 0 | 0 | 0 | 0 | 0 | 0 | 0 | 0 | 0 | 0 | 0 | 0 | 0 | 0 | 0 | 0 | 0 | 0 | 0 | 0 | 0 | 0 | 0 | 0 | 0 | 0 | 0 | 0 | 0 | 0 | 0 | 0 | 0 | 0 | 0 | 0 | 0 | 0 | 0 | 0 | 0 | 0 | 0 | 0 | 0 | 0 | 0 | 0 | 0 | 0 | 0 | 0 | 0 | 0 | 0 | 0 | 0 | 0 | 0 | 0 | 0 | 0 | 0 | 0 | 0 | 0 | 0 | 0 | 0 | 0 | 0 | 0 | 0 | 0 | 0 | 0 | 0 | 0 | 0
 |  | 64 | 0 | 0 | 0 | 0 | 0 | 0 | 0 | 0 | 0 | 0 | 0 | 0 | 0 | 0 | 0 | 0 | 0 | 0 | 0 | 0 | 0 | 0 | 0 | 0 | 0 | 0 | 0 | 0 | 0 | 0 | 0 | 0 | 0 | 0 | 0 | 0 | 0 | 0 | 0 | 0 | 0 | 0 | 0 | 0 | 0 | 0 | 0 | 0 | 0 | 0 | 0 | 0 | 0 | 0 | 0 | 0 | 0 | 0 | 0 | 0 | 0 | 0 | 0 | 0 | 0 | 0 | 0 | 0 | 0 | 0 | 0 | 0 | 0 | 0 | 0 | 0 | 0 | 0 | 0 | 0 | 0 | 0 | 0 | 0 | 0 | 0 | 0 | 0 | 0 | 0 | 0 | 0 | 0 | 0 | 0 | 0
 |  | 65 | 0 | 0 | 0 | 0 | 0 | 0 | 0 | 0 | 0 | 0 | 0 | 0 | 0 | 0 | 0 | 0 | 0 | 0 | 0 | 0 | 0 | 0 | 0 | 0 | 0 | 0 | 0 | 0 | 0 | 0 | 0 | 0 | 0 | 0 | 0 | 0 | 0 | 0 | 0 | 0 | 0 | 0 | 0 | 0 | 0 | 0 | 0 | 0 | 0 | 0 | 0 | 0 | 0 | 0 | 0 | 0 | 0 | 0 | 0 | 0 | 0 | 0 | 0 | 0 | 0 | 0 | 0 | 0 | 0 | 0 | 0 | 0 | 0 | 0 | 0 | 0 | 0 | 0 | 0 | 0 | 0 | 0 | 0 | 0 | 0 | 0 | 0 | 0 | 0 | 0 | 0 | 0 | 0 | 0 | 0 | 0
 |  | 66 | 0 | 0 | 0 | 11682843.229858823 | 0 | 0 | 0 | 0 | 0 | 0 | 0 | 0 | 0 | 0 | 0 | 0 | 0 | 0 | 0 | 0 | 0 | 0 | 0 | 0 | 0 | 0 | 0 | 0 | 0 | 0 | 0 | 0 | 0 | 0 | 0 | 0 | 0 | 0 | 0 | 0 | 0 | 0 | 0 | 0 | 0 | 0 | 0 | 0 | 0 | 0 | 0 | 0 | 0 | 0 | 0 | 0 | 0 | 0 | 0 | 0 | 0 | 0 | 0 | 0 | 0 | 0 | 0 | 0 | 0 | 0 | 0 | 0 | 0 | 0 | 0 | 0 | 0 | 0 | 0 | 0 | 0 | 0 | 0 | 0 | 0 | 0 | 0 | 0 | 0 | 0 | 0 | 0 | 0 | 0 | 0 | 11682843.229858823
 |  | 67 | 91768.58963590013 | 44081.55344810087 | 47687.03618779926 | 11638761.676410722 | 0 | 0 | 0 | 0 | 0 | 0 | 0 | 0 | 0 | 0 | 0 | 0 | 0 | 0 | 0 | 0 | 0 | 0 | 0 | 0 | 0 | 0 | 0 | 0 | 0 | 0 | 0 | 0 | 0 | 0 | 0 | 0 | 0 | 0 | 0 | 0 | 0 | 0 | 0 | 0 | 0 | 0 | 0 | 0 | 0 | 0 | 0 | 0 | 0 | 0 | 0 | 0 | 0 | 0 | 0 | 0 | 0 | 0 | 0 | 0 | 0 | 0 | 0 | 0 | 0 | 0 | 0 | 0 | 0 | 0 | 0 | 0 | 0 | 0 | 0 | 0 | 0 | 0 | 0 | 0 | 0 | 0 | 0 | 0 | 0 | 0 | 0 | 0 | 91768.58963590013 | 44081.55344810087 | 47687.03618779926 | 11638761.676410722
 |  | 68 | 91768.58963590013 | 44261.48555821612 | 47507.10407768402 | 11594500.190852506 | 0 | 0 | 0 | 0 | 0 | 0 | 0 | 0 | 0 | 0 | 0 | 0 | 0 | 0 | 0 | 0 | 0 | 0 | 0 | 0 | 0 | 0 | 0 | 0 | 0 | 0 | 0 | 0 | 0 | 0 | 0 | 0 | 0 | 0 | 0 | 0 | 0 | 0 | 0 | 0 | 0 | 0 | 0 | 0 | 0 | 0 | 0 | 0 | 0 | 0 | 0 | 0 | 0 | 0 | 0 | 0 | 0 | 0 | 0 | 0 | 0 | 0 | 0 | 0 | 0 | 0 | 0 | 0 | 0 | 0 | 0 | 0 | 0 | 0 | 0 | 0 | 0 | 0 | 0 | 0 | 0 | 0 | 0 | 0 | 0 | 0 | 0 | 0 | 91768.58963590013 | 44261.48555821612 | 47507.10407768402 | 11594500.190852506
 |  | 69 | 91768.58963590013 | 44442.152115321485 | 47326.43752057865 | 11550058.038737185 | 0 | 0 | 0 | 0 | 0 | 0 | 0 | 0 | 0 | 0 | 0 | 0 | 0 | 0 | 0 | 0 | 0 | 0 | 0 | 0 | 0 | 0 | 0 | 0 | 0 | 0 | 0 | 0 | 0 | 0 | 0 | 0 | 0 | 0 | 0 | 0 | 0 | 0 | 0 | 0 | 0 | 0 | 0 | 0 | 0 | 0 | 0 | 0 | 0 | 0 | 0 | 0 | 0 | 0 | 0 | 0 | 0 | 0 | 0 | 0 | 0 | 0 | 0 | 0 | 0 | 0 | 0 | 0 | 0 | 0 | 0 | 0 | 0 | 0 | 0 | 0 | 0 | 0 | 0 | 0 | 0 | 0 | 0 | 0 | 0 | 0 | 0 | 0 | 91768.58963590013 | 44442.152115321485 | 47326.43752057865 | 11550058.038737185
 |  | 70 | 91768.58963590013 | 44623.55611728314 | 47145.033518617 | 11505434.482619902 | 0 | 0 | 0 | 0 | 0 | 0 | 0 | 0 | 0 | 0 | 0 | 0 | 0 | 0 | 0 | 0 | 0 | 0 | 0 | 0 | 0 | 0 | 0 | 0 | 0 | 0 | 0 | 0 | 0 | 0 | 0 | 0 | 0 | 0 | 0 | 0 | 0 | 0 | 0 | 0 | 0 | 0 | 0 | 0 | 0 | 0 | 0 | 0 | 0 | 0 | 0 | 0 | 0 | 0 | 0 | 0 | 0 | 0 | 0 | 0 | 0 | 0 | 0 | 0 | 0 | 0 | 0 | 0 | 0 | 0 | 0 | 0 | 0 | 0 | 0 | 0 | 0 | 0 | 0 | 0 | 0 | 0 | 0 | 0 | 0 | 0 | 0 | 0 | 91768.58963590013 | 44623.55611728314 | 47145.033518617 | 11505434.482619902
 |  | 71 | 91768.58963590013 | 44805.70057420391 | 46962.88906169622 | 11460628.782045698 | 0 | 0 | 0 | 0 | 0 | 0 | 0 | 0 | 0 | 0 | 0 | 0 | 0 | 0 | 0 | 0 | 0 | 0 | 0 | 0 | 0 | 0 | 0 | 0 | 0 | 0 | 0 | 0 | 0 | 0 | 0 | 0 | 0 | 0 | 0 | 0 | 0 | 0 | 0 | 0 | 0 | 0 | 0 | 0 | 0 | 0 | 0 | 0 | 0 | 0 | 0 | 0 | 0 | 0 | 0 | 0 | 0 | 0 | 0 | 0 | 0 | 0 | 0 | 0 | 0 | 0 | 0 | 0 | 0 | 0 | 0 | 0 | 0 | 0 | 0 | 0 | 0 | 0 | 0 | 0 | 0 | 0 | 0 | 0 | 0 | 0 | 0 | 0 | 91768.58963590013 | 44805.70057420391 | 46962.88906169622 | 11460628.782045698
 |  | 72 | 91768.58963590013 | 44988.58850847328 | 46780.001127426855 | 11415640.193537224 | 0 | 0 | 0 | 0 | 0 | 0 | 0 | 0 | 0 | 0 | 0 | 0 | 0 | 0 | 0 | 0 | 0 | 0 | 0 | 0 | 0 | 0 | 0 | 0 | 0 | 0 | 0 | 0 | 0 | 0 | 0 | 0 | 0 | 0 | 0 | 0 | 0 | 0 | 0 | 0 | 0 | 0 | 0 | 0 | 0 | 0 | 0 | 0 | 0 | 0 | 0 | 0 | 0 | 0 | 0 | 0 | 0 | 0 | 0 | 0 | 0 | 0 | 0 | 0 | 0 | 0 | 0 | 0 | 0 | 0 | 0 | 0 | 0 | 0 | 0 | 0 | 0 | 0 | 0 | 0 | 0 | 0 | 0 | 0 | 0 | 0 | 0 | 0 | 91768.58963590013 | 44988.58850847328 | 46780.001127426855 | 11415640.193537224
 |  | 73 | 91768.58963590013 | 45172.22295481752 | 46596.36668108262 | 11370467.970582407 | 0 | 0 | 0 | 0 | 0 | 0 | 0 | 0 | 0 | 0 | 0 | 0 | 0 | 0 | 0 | 0 | 0 | 0 | 0 | 0 | 0 | 0 | 0 | 0 | 0 | 0 | 0 | 0 | 0 | 0 | 0 | 0 | 0 | 0 | 0 | 0 | 0 | 0 | 0 | 0 | 0 | 0 | 0 | 0 | 0 | 0 | 0 | 0 | 0 | 0 | 0 | 0 | 0 | 0 | 0 | 0 | 0 | 0 | 0 | 0 | 0 | 0 | 0 | 0 | 0 | 0 | 0 | 0 | 0 | 0 | 0 | 0 | 0 | 0 | 0 | 0 | 0 | 0 | 0 | 0 | 0 | 0 | 0 | 0 | 0 | 0 | 0 | 0 | 91768.58963590013 | 45172.22295481752 | 46596.36668108262 | 11370467.970582407
 |  | 74 | 91768.58963590013 | 45356.60696035002 | 46411.98267555011 | 11325111.363622056 | 0 | 0 | 0 | 0 | 0 | 0 | 0 | 0 | 0 | 0 | 0 | 0 | 0 | 0 | 0 | 0 | 0 | 0 | 0 | 0 | 0 | 0 | 0 | 0 | 0 | 0 | 0 | 0 | 0 | 0 | 0 | 0 | 0 | 0 | 0 | 0 | 0 | 0 | 0 | 0 | 0 | 0 | 0 | 0 | 0 | 0 | 0 | 0 | 0 | 0 | 0 | 0 | 0 | 0 | 0 | 0 | 0 | 0 | 0 | 0 | 0 | 0 | 0 | 0 | 0 | 0 | 0 | 0 | 0 | 0 | 0 | 0 | 0 | 0 | 0 | 0 | 0 | 0 | 0 | 0 | 0 | 0 | 0 | 0 | 0 | 0 | 0 | 0 | 91768.58963590013 | 45356.60696035002 | 46411.98267555011 | 11325111.363622056
 |  | 75 | 91768.58963590013 | 45541.74358462193 | 46226.846051278204 | 11279569.620037435 | 0 | 0 | 0 | 0 | 0 | 0 | 0 | 0 | 0 | 0 | 0 | 0 | 0 | 0 | 0 | 0 | 0 | 0 | 0 | 0 | 0 | 0 | 0 | 0 | 0 | 0 | 0 | 0 | 0 | 0 | 0 | 0 | 0 | 0 | 0 | 0 | 0 | 0 | 0 | 0 | 0 | 0 | 0 | 0 | 0 | 0 | 0 | 0 | 0 | 0 | 0 | 0 | 0 | 0 | 0 | 0 | 0 | 0 | 0 | 0 | 0 | 0 | 0 | 0 | 0 | 0 | 0 | 0 | 0 | 0 | 0 | 0 | 0 | 0 | 0 | 0 | 0 | 0 | 0 | 0 | 0 | 0 | 0 | 0 | 0 | 0 | 0 | 0 | 91768.58963590013 | 45541.74358462193 | 46226.846051278204 | 11279569.620037435
 |  | 76 | 91768.58963590013 | 45727.635899672845 | 46040.95373622729 | 11233841.984137762 | 0 | 0 | 0 | 0 | 0 | 0 | 0 | 0 | 0 | 0 | 0 | 0 | 0 | 0 | 0 | 0 | 0 | 0 | 0 | 0 | 0 | 0 | 0 | 0 | 0 | 0 | 0 | 0 | 0 | 0 | 0 | 0 | 0 | 0 | 0 | 0 | 0 | 0 | 0 | 0 | 0 | 0 | 0 | 0 | 0 | 0 | 0 | 0 | 0 | 0 | 0 | 0 | 0 | 0 | 0 | 0 | 0 | 0 | 0 | 0 | 0 | 0 | 0 | 0 | 0 | 0 | 0 | 0 | 0 | 0 | 0 | 0 | 0 | 0 | 0 | 0 | 0 | 0 | 0 | 0 | 0 | 0 | 0 | 0 | 0 | 0 | 0 | 0 | 91768.58963590013 | 45727.635899672845 | 46040.95373622729 | 11233841.984137762
 |  | 77 | 91768.58963590013 | 45914.28699008181 | 45854.30264581832 | 11187927.69714768 | 0 | 0 | 0 | 0 | 0 | 0 | 0 | 0 | 0 | 0 | 0 | 0 | 0 | 0 | 0 | 0 | 0 | 0 | 0 | 0 | 0 | 0 | 0 | 0 | 0 | 0 | 0 | 0 | 0 | 0 | 0 | 0 | 0 | 0 | 0 | 0 | 0 | 0 | 0 | 0 | 0 | 0 | 0 | 0 | 0 | 0 | 0 | 0 | 0 | 0 | 0 | 0 | 0 | 0 | 0 | 0 | 0 | 0 | 0 | 0 | 0 | 0 | 0 | 0 | 0 | 0 | 0 | 0 | 0 | 0 | 0 | 0 | 0 | 0 | 0 | 0 | 0 | 0 | 0 | 0 | 0 | 0 | 0 | 0 | 0 | 0 | 0 | 0 | 91768.58963590013 | 45914.28699008181 | 45854.30264581832 | 11187927.69714768
 |  | 78 | 91768.58963590013 | 46101.699953018535 | 45666.8896828816 | 11141825.997194663 | 0 | 0 | 0 | 0 | 0 | 0 | 0 | 0 | 0 | 0 | 0 | 0 | 0 | 0 | 0 | 0 | 0 | 0 | 0 | 0 | 0 | 0 | 0 | 0 | 0 | 0 | 0 | 0 | 0 | 0 | 0 | 0 | 0 | 0 | 0 | 0 | 0 | 0 | 0 | 0 | 0 | 0 | 0 | 0 | 0 | 0 | 0 | 0 | 0 | 0 | 0 | 0 | 0 | 0 | 0 | 0 | 0 | 0 | 0 | 0 | 0 | 0 | 0 | 0 | 0 | 0 | 0 | 0 | 0 | 0 | 0 | 0 | 0 | 0 | 0 | 0 | 0 | 0 | 0 | 0 | 0 | 0 | 0 | 0 | 0 | 0 | 0 | 0 | 91768.58963590013 | 46101.699953018535 | 45666.8896828816 | 11141825.997194663
 |  | 79 | 91768.58963590013 | 46289.87789829472 | 45478.711737605416 | 11095536.119296368 | 0 | 0 | 0 | 0 | 0 | 0 | 0 | 0 | 0 | 0 | 0 | 0 | 0 | 0 | 0 | 0 | 0 | 0 | 0 | 0 | 0 | 0 | 0 | 0 | 0 | 0 | 0 | 0 | 0 | 0 | 0 | 0 | 0 | 0 | 0 | 0 | 0 | 0 | 0 | 0 | 0 | 0 | 0 | 0 | 0 | 0 | 0 | 0 | 0 | 0 | 0 | 0 | 0 | 0 | 0 | 0 | 0 | 0 | 0 | 0 | 0 | 0 | 0 | 0 | 0 | 0 | 0 | 0 | 0 | 0 | 0 | 0 | 0 | 0 | 0 | 0 | 0 | 0 | 0 | 0 | 0 | 0 | 0 | 0 | 0 | 0 | 0 | 0 | 91768.58963590013 | 46289.87789829472 | 45478.711737605416 | 11095536.119296368
 |  | 80 | 91768.58963590013 | 46478.823948415724 | 45289.76568748441 | 11049057.295347953 | 0 | 0 | 0 | 0 | 0 | 0 | 0 | 0 | 0 | 0 | 0 | 0 | 0 | 0 | 0 | 0 | 0 | 0 | 0 | 0 | 0 | 0 | 0 | 0 | 0 | 0 | 0 | 0 | 0 | 0 | 0 | 0 | 0 | 0 | 0 | 0 | 0 | 0 | 0 | 0 | 0 | 0 | 0 | 0 | 0 | 0 | 0 | 0 | 0 | 0 | 0 | 0 | 0 | 0 | 0 | 0 | 0 | 0 | 0 | 0 | 0 | 0 | 0 | 0 | 0 | 0 | 0 | 0 | 0 | 0 | 0 | 0 | 0 | 0 | 0 | 0 | 0 | 0 | 0 | 0 | 0 | 0 | 0 | 0 | 0 | 0 | 0 | 0 | 91768.58963590013 | 46478.823948415724 | 45289.76568748441 | 11049057.295347953
 |  | 81 | 91768.58963590013 | 46668.541238632344 | 45100.04839726779 | 11002388.754109321 | 0 | 0 | 0 | 0 | 0 | 0 | 0 | 0 | 0 | 0 | 0 | 0 | 0 | 0 | 0 | 0 | 0 | 0 | 0 | 0 | 0 | 0 | 0 | 0 | 0 | 0 | 0 | 0 | 0 | 0 | 0 | 0 | 0 | 0 | 0 | 0 | 0 | 0 | 0 | 0 | 0 | 0 | 0 | 0 | 0 | 0 | 0 | 0 | 0 | 0 | 0 | 0 | 0 | 0 | 0 | 0 | 0 | 0 | 0 | 0 | 0 | 0 | 0 | 0 | 0 | 0 | 0 | 0 | 0 | 0 | 0 | 0 | 0 | 0 | 0 | 0 | 0 | 0 | 0 | 0 | 0 | 0 | 0 | 0 | 0 | 0 | 0 | 0 | 91768.58963590013 | 46668.541238632344 | 45100.04839726779 | 11002388.754109321
 |  | 82 | 91768.58963590013 | 46859.03291699285 | 44909.55671890728 | 10955529.721192328 | 0 | 0 | 0 | 0 | 0 | 0 | 0 | 0 | 0 | 0 | 0 | 0 | 0 | 0 | 0 | 0 | 0 | 0 | 0 | 0 | 0 | 0 | 0 | 0 | 0 | 0 | 0 | 0 | 0 | 0 | 0 | 0 | 0 | 0 | 0 | 0 | 0 | 0 | 0 | 0 | 0 | 0 | 0 | 0 | 0 | 0 | 0 | 0 | 0 | 0 | 0 | 0 | 0 | 0 | 0 | 0 | 0 | 0 | 0 | 0 | 0 | 0 | 0 | 0 | 0 | 0 | 0 | 0 | 0 | 0 | 0 | 0 | 0 | 0 | 0 | 0 | 0 | 0 | 0 | 0 | 0 | 0 | 0 | 0 | 0 | 0 | 0 | 0 | 91768.58963590013 | 46859.03291699285 | 44909.55671890728 | 10955529.721192328
 |  | 83 | 91768.58963590013 | 47050.3021443952 | 44718.28749150493 | 10908479.419047933 | 0 | 0 | 0 | 0 | 0 | 0 | 0 | 0 | 0 | 0 | 0 | 0 | 0 | 0 | 0 | 0 | 0 | 0 | 0 | 0 | 0 | 0 | 0 | 0 | 0 | 0 | 0 | 0 | 0 | 0 | 0 | 0 | 0 | 0 | 0 | 0 | 0 | 0 | 0 | 0 | 0 | 0 | 0 | 0 | 0 | 0 | 0 | 0 | 0 | 0 | 0 | 0 | 0 | 0 | 0 | 0 | 0 | 0 | 0 | 0 | 0 | 0 | 0 | 0 | 0 | 0 | 0 | 0 | 0 | 0 | 0 | 0 | 0 | 0 | 0 | 0 | 0 | 0 | 0 | 0 | 0 | 0 | 0 | 0 | 0 | 0 | 0 | 0 | 91768.58963590013 | 47050.3021443952 | 44718.28749150493 | 10908479.419047933
 |  | 84 | 91768.58963590013 | 47242.35209463953 | 44526.237541260605 | 10861237.066953294 | 0 | 0 | 0 | 0 | 0 | 0 | 0 | 0 | 0 | 0 | 0 | 0 | 0 | 0 | 0 | 0 | 0 | 0 | 0 | 0 | 0 | 0 | 0 | 9571636.529852256 | 0 | 0 | 0 | 0 | 0 | 0 | 0 | 0 | 0 | 0 | 0 | 0 | 0 | 0 | 0 | 0 | 0 | 0 | 0 | 0 | 0 | 0 | 0 | 0 | 0 | 0 | 0 | 0 | 0 | 0 | 0 | 0 | 0 | 0 | 0 | 0 | 0 | 0 | 0 | 0 | 0 | 0 | 0 | 0 | 0 | 0 | 0 | 0 | 0 | 0 | 0 | 0 | 0 | 0 | 0 | 0 | 0 | 0 | 0 | 0 | 0 | 0 | 0 | 0 | 91768.58963590013 | 47242.35209463953 | 44526.237541260605 | 20432873.59680555
 |  | 85 | 91768.58963590013 | 47435.185954480774 | 44333.40368141936 | 10813801.880998813 | 0 | 0 | 0 | 0 | 0 | 0 | 0 | 0 | 0 | 0 | 0 | 0 | 0 | 0 | 0 | 0 | 0 | 0 | 0 | 0 | 76636.66102203233 | 35248.80129334254 | 41387.85972868979 | 9536387.728558913 | 0 | 0 | 0 | 0 | 0 | 0 | 0 | 0 | 0 | 0 | 0 | 0 | 0 | 0 | 0 | 0 | 0 | 0 | 0 | 0 | 0 | 0 | 0 | 0 | 0 | 0 | 0 | 0 | 0 | 0 | 0 | 0 | 0 | 0 | 0 | 0 | 0 | 0 | 0 | 0 | 0 | 0 | 0 | 0 | 0 | 0 | 0 | 0 | 0 | 0 | 0 | 0 | 0 | 0 | 0 | 0 | 0 | 0 | 0 | 0 | 0 | 0 | 0 | 0 | 168405.25065793248 | 82683.98724782332 | 85721.26341010915 | 20350189.609557725
 |  | 86 | 91768.58963590013 | 47628.80692368158 | 44139.782712218555 | 10766173.07407513 | 0 | 0 | 0 | 0 | 0 | 0 | 0 | 0 | 0 | 0 | 0 | 0 | 0 | 0 | 0 | 0 | 0 | 0 | 0 | 0 | 76636.66102203233 | 35401.21749082177 | 41235.44353121056 | 9500986.51106809 | 0 | 0 | 0 | 0 | 0 | 0 | 0 | 0 | 0 | 0 | 0 | 0 | 0 | 0 | 0 | 0 | 0 | 0 | 0 | 0 | 0 | 0 | 0 | 0 | 0 | 0 | 0 | 0 | 0 | 0 | 0 | 0 | 0 | 0 | 0 | 0 | 0 | 0 | 0 | 0 | 0 | 0 | 0 | 0 | 0 | 0 | 0 | 0 | 0 | 0 | 0 | 0 | 0 | 0 | 0 | 0 | 0 | 0 | 0 | 0 | 0 | 0 | 0 | 0 | 168405.25065793248 | 83030.02441450335 | 85375.22624342912 | 20267159.585143223
 |  | 87 | 91768.58963590013 | 47823.218215065375 | 43945.37142083476 | 10718349.855860066 | 0 | 0 | 0 | 0 | 0 | 0 | 0 | 0 | 0 | 0 | 0 | 0 | 0 | 0 | 0 | 0 | 0 | 0 | 0 | 0 | 76636.66102203233 | 35554.29273758499 | 41082.368284447344 | 9465432.218330506 | 0 | 0 | 0 | 9571636.529852256 | 0 | 0 | 0 | 0 | 0 | 0 | 0 | 0 | 0 | 0 | 0 | 0 | 0 | 0 | 0 | 0 | 0 | 0 | 0 | 0 | 0 | 0 | 0 | 0 | 0 | 0 | 0 | 0 | 0 | 0 | 0 | 0 | 0 | 0 | 0 | 0 | 0 | 0 | 0 | 0 | 0 | 0 | 0 | 0 | 0 | 0 | 0 | 0 | 0 | 0 | 0 | 0 | 0 | 0 | 0 | 0 | 0 | 0 | 0 | 0 | 168405.25065793248 | 83377.51095265037 | 85027.7397052821 | 29755418.604042828
 |  | 88 | 91768.58963590013 | 48018.42305456971 | 43750.16658133043 | 10670331.432805495 | 0 | 0 | 0 | 0 | 0 | 0 | 0 | 0 | 0 | 0 | 0 | 0 | 0 | 0 | 0 | 0 | 0 | 0 | 0 | 0 | 76636.66102203233 | 35708.02988336842 | 40928.63113866391 | 9429724.188447138 | 76636.66102203233 | 35248.80129334254 | 41387.85972868979 | 9536387.728558913 | 0 | 0 | 0 | 0 | 0 | 0 | 0 | 0 | 0 | 0 | 0 | 0 | 0 | 0 | 0 | 0 | 0 | 0 | 0 | 0 | 0 | 0 | 0 | 0 | 0 | 0 | 0 | 0 | 0 | 0 | 0 | 0 | 0 | 0 | 0 | 0 | 0 | 0 | 0 | 0 | 0 | 0 | 0 | 0 | 0 | 0 | 0 | 0 | 0 | 0 | 0 | 0 | 0 | 0 | 0 | 0 | 0 | 0 | 0 | 0 | 245041.9116799648 | 118975.25423128068 | 126066.65744868413 | 29636443.349811547
 |  | 89 | 91768.58963590013 | 48214.424681299744 | 43554.16495460039 | 10622117.008124195 | 0 | 0 | 0 | 0 | 0 | 0 | 0 | 0 | 0 | 0 | 0 | 0 | 0 | 0 | 0 | 0 | 0 | 0 | 0 | 0 | 76636.66102203233 | 35862.431790230585 | 40774.22923180175 | 9393861.756656907 | 76636.66102203233 | 35401.21749082177 | 41235.44353121056 | 9500986.51106809 | 0 | 0 | 0 | 0 | 0 | 0 | 0 | 0 | 0 | 0 | 0 | 0 | 0 | 0 | 0 | 0 | 0 | 0 | 0 | 0 | 0 | 0 | 0 | 0 | 0 | 0 | 0 | 0 | 0 | 0 | 0 | 0 | 0 | 0 | 0 | 0 | 0 | 0 | 0 | 0 | 0 | 0 | 0 | 0 | 0 | 0 | 0 | 0 | 0 | 0 | 0 | 0 | 0 | 0 | 0 | 0 | 0 | 0 | 0 | 0 | 245041.9116799648 | 119478.07396235211 | 125563.83771761271 | 29516965.275849193
 |  | 90 | 91768.58963590013 | 48411.226347582044 | 43357.36328831809 | 10573705.781776613 | 0 | 0 | 0 | 0 | 0 | 0 | 0 | 0 | 0 | 0 | 0 | 0 | 0 | 0 | 0 | 0 | 0 | 0 | 0 | 0 | 76636.66102203233 | 36017.501332605556 | 40619.15968942678 | 9357844.255324302 | 76636.66102203233 | 35554.29273758499 | 41082.368284447344 | 9465432.218330506 | 0 | 0 | 0 | 9571636.529852256 | 0 | 0 | 0 | 0 | 0 | 0 | 0 | 0 | 0 | 0 | 0 | 0 | 0 | 0 | 0 | 0 | 0 | 0 | 0 | 0 | 0 | 0 | 0 | 0 | 0 | 0 | 0 | 0 | 0 | 0 | 0 | 0 | 0 | 0 | 0 | 0 | 0 | 0 | 0 | 0 | 0 | 0 | 0 | 0 | 0 | 0 | 0 | 0 | 0 | 0 | 0 | 0 | 0 | 0 | 0 | 0 | 245041.9116799648 | 119983.02041777258 | 125058.89126219222 | 38968618.78528368
 |  | 91 | 91768.58963590013 | 48608.83131901851 | 43159.75831688163 | 10525096.950457593 | 0 | 0 | 0 | 0 | 0 | 0 | 0 | 0 | 0 | 0 | 0 | 0 | 0 | 0 | 0 | 0 | 0 | 0 | 0 | 0 | 76636.66102203233 | 36173.241397356505 | 40463.41962467583 | 9321671.013926946 | 76636.66102203233 | 35708.02988336842 | 40928.63113866391 | 9429724.188447138 | 76636.66102203233 | 35248.80129334254 | 41387.85972868979 | 9536387.728558913 | 0 | 0 | 0 | 0 | 0 | 0 | 0 | 0 | 0 | 0 | 0 | 0 | 0 | 0 | 0 | 0 | 0 | 0 | 0 | 0 | 0 | 0 | 0 | 0 | 0 | 0 | 0 | 0 | 0 | 0 | 0 | 0 | 0 | 0 | 0 | 0 | 0 | 0 | 0 | 0 | 0 | 0 | 0 | 0 | 0 | 0 | 0 | 0 | 0 | 0 | 0 | 0 | 0 | 0 | 0 | 0 | 321678.5727019971 | 155738.90389308598 | 165939.66880891117 | 38812879.881390594
 |  | 92 | 91768.58963590013 | 48807.24287454057 | 42961.346761359564 | 10476289.707583053 | 0 | 0 | 0 | 0 | 0 | 0 | 0 | 0 | 0 | 0 | 0 | 0 | 0 | 0 | 0 | 0 | 0 | 0 | 0 | 0 | 76636.66102203233 | 36329.65488382943 | 40307.0061382029 | 9285341.359043116 | 76636.66102203233 | 35862.431790230585 | 40774.22923180175 | 9393861.756656907 | 76636.66102203233 | 35401.21749082177 | 41235.44353121056 | 9500986.51106809 | 0 | 0 | 0 | 0 | 0 | 0 | 0 | 0 | 0 | 0 | 0 | 0 | 0 | 0 | 0 | 0 | 0 | 0 | 0 | 0 | 0 | 0 | 0 | 0 | 0 | 0 | 0 | 0 | 0 | 0 | 0 | 0 | 0 | 0 | 0 | 0 | 0 | 0 | 0 | 0 | 0 | 0 | 0 | 0 | 0 | 0 | 0 | 0 | 0 | 0 | 0 | 0 | 0 | 0 | 0 | 0 | 321678.5727019971 | 156400.54703942238 | 165278.02566257477 | 38656479.33435117
 |  | 93 | 91768.58963590013 | 49006.46430646361 | 42762.12532943652 | 10427283.243276589 | 0 | 0 | 0 | 0 | 0 | 0 | 0 | 0 | 0 | 0 | 0 | 0 | 0 | 0 | 0 | 0 | 0 | 0 | 0 | 0 | 76636.66102203233 | 36486.74470390714 | 40149.91631812519 | 9248854.614339208 | 76636.66102203233 | 36017.501332605556 | 40619.15968942678 | 9357844.255324302 | 76636.66102203233 | 35554.29273758499 | 41082.368284447344 | 9465432.218330506 | 0 | 0 | 0 | 9571636.529852256 | 0 | 0 | 0 | 0 | 0 | 0 | 0 | 0 | 0 | 0 | 0 | 0 | 0 | 0 | 0 | 0 | 0 | 0 | 0 | 0 | 0 | 0 | 0 | 0 | 0 | 0 | 0 | 0 | 0 | 0 | 0 | 0 | 0 | 0 | 0 | 0 | 0 | 0 | 0 | 0 | 0 | 0 | 0 | 0 | 0 | 0 | 0 | 0 | 0 | 0 | 0 | 0 | 321678.5727019971 | 157065.0030805613 | 164613.56962143583 | 48071050.86112286
 |  | 94 | 91768.58963590013 | 49206.498920541606 | 42562.09071535853 | 10378076.744356047 | 0 | 0 | 0 | 0 | 0 | 0 | 0 | 0 | 0 | 0 | 0 | 0 | 0 | 0 | 0 | 0 | 0 | 0 | 0 | 0 | 76636.66102203233 | 36644.513782063426 | 39992.14723996891 | 9212210.100557145 | 76636.66102203233 | 36173.241397356505 | 40463.41962467583 | 9321671.013926946 | 76636.66102203233 | 35708.02988336842 | 40928.63113866391 | 9429724.188447138 | 76636.66102203233 | 35248.80129334254 | 41387.85972868979 | 9536387.728558913 | 0 | 0 | 0 | 0 | 0 | 0 | 0 | 0 | 0 | 0 | 0 | 0 | 0 | 0 | 0 | 0 | 0 | 0 | 0 | 0 | 0 | 0 | 0 | 0 | 0 | 0 | 0 | 0 | 0 | 0 | 0 | 0 | 0 | 0 | 0 | 0 | 0 | 0 | 0 | 0 | 0 | 0 | 0 | 0 | 0 | 0 | 0 | 0 | 0 | 0 | 0 | 0 | 398315.23372402944 | 192981.0852766725 | 205334.14844735697 | 47878069.77584619
 |  | 95 | 91768.58963590013 | 49407.35003602191 | 42361.23959987822 | 10328669.394320026 | 0 | 0 | 0 | 0 | 0 | 0 | 0 | 0 | 0 | 0 | 0 | 0 | 0 | 0 | 0 | 0 | 0 | 0 | 0 | 0 | 76636.66102203233 | 36802.96505541757 | 39833.69596661477 | 9175407.135501727 | 76636.66102203233 | 36329.65488382943 | 40307.0061382029 | 9285341.359043116 | 76636.66102203233 | 35862.431790230585 | 40774.22923180175 | 9393861.756656907 | 76636.66102203233 | 35401.21749082177 | 41235.44353121056 | 9500986.51106809 | 0 | 0 | 0 | 0 | 0 | 0 | 0 | 0 | 0 | 0 | 0 | 0 | 0 | 0 | 0 | 0 | 0 | 0 | 0 | 0 | 0 | 0 | 0 | 0 | 0 | 0 | 0 | 0 | 0 | 0 | 0 | 0 | 0 | 0 | 0 | 0 | 0 | 0 | 0 | 0 | 0 | 0 | 0 | 0 | 0 | 0 | 0 | 0 | 0 | 0 | 0 | 0 | 398315.23372402944 | 193803.61925632128 | 204511.61446770822 | 47684266.156589866
 |  | 96 | 91768.58963590013 | 49609.020985700445 | 42159.56865019969 | 10279060.373334326 | 0 | 0 | 0 | 0 | 0 | 0 | 0 | 0 | 0 | 0 | 0 | 0 | 0 | 0 | 0 | 0 | 0 | 0 | 0 | 0 | 76636.66102203233 | 36962.10147378896 | 39674.55954824337 | 9138445.034027938 | 76636.66102203233 | 36486.74470390714 | 40149.91631812519 | 9248854.614339208 | 76636.66102203233 | 36017.501332605556 | 40619.15968942678 | 9357844.255324302 | 76636.66102203233 | 35554.29273758499 | 41082.368284447344 | 9465432.218330506 | 0 | 0 | 0 | 0 | 0 | 0 | 0 | 0 | 0 | 0 | 0 | 0 | 0 | 0 | 0 | 0 | 0 | 0 | 0 | 0 | 0 | 0 | 0 | 46034.17459723759 | 0 | 0 | 0 | 0 | 0 | 0 | 0 | 0 | 0 | 0 | 0 | 0 | 0 | 0 | 0 | 0 | 0 | 0 | 0 | 0 | 0 | 0 | 0 | 0 | 0 | 0 | 0 | 0 | 398315.23372402944 | 194629.6612335871 | 203685.5724904424 | 47535670.66995352
 |  | 97 | 91768.58963590013 | 49811.515115976894 | 41957.07451992324 | 10229248.85821835 | 0 | 0 | 0 | 0 | 0 | 0 | 0 | 0 | 0 | 0 | 0 | 0 | 0 | 0 | 0 | 0 | 0 | 0 | 0 | 0 | 76636.66102203233 | 37121.92599975207 | 39514.73502228026 | 9101323.108028186 | 76636.66102203233 | 36644.513782063426 | 39992.14723996891 | 9212210.100557145 | 76636.66102203233 | 36173.241397356505 | 40463.41962467583 | 9321671.013926946 | 76636.66102203233 | 35708.02988336842 | 40928.63113866391 | 9429724.188447138 | 0 | 0 | 0 | 0 | 0 | 0 | 0 | 0 | 0 | 0 | 0 | 0 | 0 | 0 | 0 | 0 | 0 | 0 | 0 | 0 | 368.57912678094596 | 169.52685865372186 | 199.0522681272241 | 45864.647738583866 | 0 | 0 | 0 | 0 | 0 | 0 | 0 | 0 | 0 | 0 | 0 | 0 | 0 | 0 | 0 | 0 | 0 | 0 | 0 | 0 | 0 | 0 | 0 | 0 | 0 | 0 | 0 | 0 | 398683.8128508104 | 195628.75303717106 | 203055.05981363935 | 47340041.916916355
 |  | 98 | 91768.58963590013 | 50014.8357869103 | 41753.753848989836 | 10179234.022431439 | 0 | 0 | 0 | 0 | 0 | 0 | 0 | 0 | 0 | 0 | 0 | 0 | 0 | 0 | 0 | 0 | 0 | 0 | 0 | 0 | 76636.66102203233 | 37282.44160869154 | 39354.2194133408 | 9064040.666419495 | 76636.66102203233 | 36802.96505541757 | 39833.69596661477 | 9175407.135501727 | 76636.66102203233 | 36329.65488382943 | 40307.0061382029 | 9285341.359043116 | 76636.66102203233 | 35862.431790230585 | 40774.22923180175 | 9393861.756656907 | 0 | 0 | 0 | 0 | 0 | 0 | 0 | 0 | 0 | 0 | 0 | 0 | 0 | 0 | 0 | 0 | 0 | 0 | 0 | 0 | 368.57912678094596 | 170.25989462142945 | 198.3192321595165 | 45694.38784396244 | 0 | 0 | 0 | 0 | 0 | 0 | 0 | 0 | 0 | 0 | 0 | 0 | 0 | 0 | 0 | 0 | 0 | 0 | 0 | 0 | 0 | 0 | 0 | 0 | 0 | 0 | 0 | 0 | 398683.8128508104 | 196462.58901970088 | 202221.2238311096 | 47143579.32789664
 |  | 99 | 91768.58963590013 | 50218.98637227479 | 41549.603263625344 | 10129015.036059164 | 0 | 0 | 0 | 0 | 0 | 0 | 0 | 0 | 0 | 0 | 0 | 0 | 0 | 0 | 0 | 0 | 0 | 0 | 0 | 0 | 76636.66102203233 | 37443.65128885763 | 39193.0097331747 | 9026597.015130637 | 76636.66102203233 | 36962.10147378896 | 39674.55954824337 | 9138445.034027938 | 76636.66102203233 | 36486.74470390714 | 40149.91631812519 | 9248854.614339208 | 76636.66102203233 | 36017.501332605556 | 40619.15968942678 | 9357844.255324302 | 0 | 0 | 0 | 0 | 0 | 0 | 0 | 0 | 0 | 0 | 0 | 0 | 0 | 0 | 0 | 0 | 0 | 0 | 0 | 0 | 368.57912678094596 | 170.9961002445782 | 197.58302653636775 | 45523.39174371786 | 0 | 0 | 0 | 46034.17459723759 | 0 | 0 | 0 | 0 | 0 | 0 | 0 | 0 | 0 | 0 | 0 | 0 | 0 | 0 | 0 | 0 | 0 | 0 | 0 | 0 | 0 | 0 | 0 | 0 | 398683.8128508104 | 197299.98127167864 | 201383.83157913174 | 46992313.52122221
 |  | 100 | 91768.58963590013 | 50423.97025961556 | 41344.61937628457 | 10078591.065799547 | 0 | 0 | 0 | 0 | 0 | 0 | 0 | 0 | 0 | 0 | 0 | 0 | 0 | 0 | 0 | 0 | 0 | 0 | 0 | 0 | 76636.66102203233 | 37605.55804142183 | 39031.10298061051 | 8988991.457089216 | 76636.66102203233 | 37121.92599975207 | 39514.73502228026 | 9101323.108028186 | 76636.66102203233 | 36644.513782063426 | 39992.14723996891 | 9212210.100557145 | 76636.66102203233 | 36173.241397356505 | 40463.41962467583 | 9321671.013926946 | 0 | 0 | 0 | 0 | 0 | 0 | 0 | 0 | 0 | 0 | 0 | 0 | 0 | 0 | 0 | 0 | 0 | 0 | 0 | 0 | 368.57912678094596 | 171.73548922879246 | 196.8436375521535 | 45351.65625448907 | 368.57912678094596 | 169.52685865372186 | 199.0522681272241 | 45864.647738583866 | 0 | 0 | 0 | 0 | 0 | 0 | 0 | 0 | 0 | 0 | 0 | 0 | 0 | 0 | 0 | 0 | 0 | 0 | 0 | 0 | 0 | 0 | 0 | 0 | 399052.3919775914 | 198310.47182809192 | 200741.9201494994 | 46794003.04939412
 |  | 101 | 91768.58963590013 | 50629.7908503051 | 41138.798785595034 | 10027961.274949241 | 0 | 0 | 0 | 0 | 0 | 0 | 0 | 0 | 0 | 0 | 0 | 0 | 0 | 0 | 0 | 0 | 0 | 0 | 0 | 0 | 76636.66102203233 | 37768.164880532706 | 38868.49614149963 | 8951223.292208683 | 76636.66102203233 | 37282.44160869154 | 39354.2194133408 | 9064040.666419495 | 76636.66102203233 | 36802.96505541757 | 39833.69596661477 | 9175407.135501727 | 76636.66102203233 | 36329.65488382943 | 40307.0061382029 | 9285341.359043116 | 0 | 0 | 0 | 0 | 0 | 0 | 0 | 0 | 0 | 0 | 0 | 0 | 0 | 0 | 0 | 0 | 0 | 0 | 0 | 0 | 368.57912678094596 | 172.47807533895985 | 196.1010514419861 | 45179.17817915011 | 368.57912678094596 | 170.25989462142945 | 198.3192321595165 | 45694.38784396244 | 0 | 0 | 0 | 0 | 0 | 0 | 0 | 0 | 0 | 0 | 0 | 0 | 0 | 0 | 0 | 0 | 0 | 0 | 0 | 0 | 0 | 0 | 0 | 0 | 399052.3919775914 | 199155.75524873674 | 199896.63672885462 | 46594847.29414537
 |  | 102 | 91768.58963590013 | 50836.45155959961 | 40932.13807630052 | 9977124.823389642 | 0 | 0 | 0 | 0 | 0 | 0 | 0 | 0 | 0 | 0 | 0 | 0 | 0 | 0 | 0 | 0 | 0 | 0 | 0 | 0 | 76636.66102203233 | 37931.47483337205 | 38705.186188660286 | 8913291.81737531 | 76636.66102203233 | 37443.65128885763 | 39193.0097331747 | 9026597.015130637 | 76636.66102203233 | 36962.10147378896 | 39674.55954824337 | 9138445.034027938 | 76636.66102203233 | 36486.74470390714 | 40149.91631812519 | 9248854.614339208 | 0 | 0 | 0 | 0 | 0 | 0 | 0 | 0 | 0 | 0 | 0 | 0 | 0 | 0 | 0 | 0 | 0 | 0 | 0 | 0 | 368.57912678094596 | 173.22387239948753 | 195.35525438145842 | 45005.954306750624 | 368.57912678094596 | 170.9961002445782 | 197.58302653636775 | 45523.39174371786 | 0 | 0 | 0 | 46034.17459723759 | 0 | 0 | 0 | 0 | 0 | 0 | 0 | 0 | 0 | 0 | 0 | 0 | 0 | 0 | 0 | 0 | 0 | 0 | 0 | 0 | 399052.3919775914 | 200004.64383216944 | 199047.7481454219 | 46440876.82491045
 |  | 103 | 91768.58963590013 | 51043.95581669571 | 40724.63381920443 | 9926080.867572946 | 0 | 0 | 0 | 0 | 0 | 0 | 0 | 0 | 0 | 0 | 0 | 0 | 0 | 0 | 0 | 0 | 0 | 0 | 0 | 0 | 76636.66102203233 | 38095.490940211224 | 38541.17008182111 | 8875196.326435098 | 76636.66102203233 | 37605.55804142183 | 39031.10298061051 | 8988991.457089216 | 76636.66102203233 | 37121.92599975207 | 39514.73502228026 | 9101323.108028186 | 76636.66102203233 | 36644.513782063426 | 39992.14723996891 | 9212210.100557145 | 0 | 0 | 0 | 0 | 0 | 0 | 0 | 0 | 0 | 0 | 0 | 0 | 0 | 0 | 0 | 0 | 0 | 0 | 0 | 0 | 368.57912678094596 | 173.97289429455955 | 194.6062324863864 | 44831.981412456065 | 368.57912678094596 | 171.73548922879246 | 196.8436375521535 | 45351.65625448907 | 368.57912678094596 | 169.52685865372186 | 199.0522681272241 | 45864.647738583866 | 0 | 0 | 0 | 0 | 0 | 0 | 0 | 0 | 0 | 0 | 0 | 0 | 0 | 0 | 0 | 0 | 0 | 0 | 0 | 0 | 399420.97110437235 | 201026.67982232134 | 198394.29128205095 | 46239850.14508812
 |  | 104 | 91768.58963590013 | 51252.307064787274 | 40516.28257111286 | 9874828.56050816 | 0 | 0 | 0 | 0 | 0 | 0 | 0 | 0 | 0 | 0 | 0 | 0 | 0 | 0 | 0 | 0 | 0 | 0 | 0 | 0 | 76636.66102203233 | 38260.216254467734 | 38376.4447675646 | 8836936.110180631 | 76636.66102203233 | 37768.164880532706 | 38868.49614149963 | 8951223.292208683 | 76636.66102203233 | 37282.44160869154 | 39354.2194133408 | 9064040.666419495 | 76636.66102203233 | 36802.96505541757 | 39833.69596661477 | 9175407.135501727 | 0 | 0 | 0 | 0 | 0 | 0 | 0 | 0 | 0 | 0 | 0 | 0 | 0 | 0 | 0 | 0 | 0 | 0 | 0 | 0 | 368.57912678094596 | 174.7251549683953 | 193.85397181255067 | 44657.25625748767 | 368.57912678094596 | 172.47807533895985 | 196.1010514419861 | 45179.17817915011 | 368.57912678094596 | 170.25989462142945 | 198.3192321595165 | 45694.38784396244 | 0 | 0 | 0 | 0 | 0 | 0 | 0 | 0 | 0 | 0 | 0 | 0 | 0 | 0 | 0 | 0 | 0 | 0 | 0 | 0 | 399420.97110437235 | 201883.5579888256 | 197537.4131155467 | 46037966.5870993
 |  | 105 | 91768.58963590013 | 51461.50876112264 | 40307.08087477749 | 9823367.051747037 | 0 | 0 | 0 | 0 | 0 | 0 | 0 | 0 | 0 | 0 | 0 | 0 | 0 | 0 | 0 | 0 | 0 | 0 | 0 | 0 | 76636.66102203233 | 38425.65384276213 | 38211.00717927021 | 8798510.45633787 | 76636.66102203233 | 37931.47483337205 | 38705.186188660286 | 8913291.81737531 | 76636.66102203233 | 37443.65128885763 | 39193.0097331747 | 9026597.015130637 | 76636.66102203233 | 36962.10147378896 | 39674.55954824337 | 9138445.034027938 | 0 | 0 | 0 | 0 | 0 | 0 | 0 | 0 | 0 | 0 | 0 | 0 | 0 | 0 | 0 | 0 | 0 | 0 | 0 | 0 | 368.57912678094596 | 175.48066842550907 | 193.0984583554369 | 44481.77558906216 | 368.57912678094596 | 173.22387239948753 | 195.35525438145842 | 45005.954306750624 | 368.57912678094596 | 170.9961002445782 | 197.58302653636775 | 45523.39174371786 | 0 | 0 | 0 | 46034.17459723759 | 0 | 0 | 0 | 0 | 0 | 0 | 0 | 0 | 0 | 0 | 0 | 0 | 0 | 0 | 0 | 0 | 399420.97110437235 | 202744.09084097296 | 196676.8802633993 | 45881256.670855574
 |  | 106 | 91768.58963590013 | 51671.56437706196 | 40097.02525883818 | 9771695.487369975 | 0 | 0 | 0 | 0 | 0 | 0 | 0 | 0 | 0 | 0 | 0 | 0 | 0 | 0 | 0 | 0 | 0 | 0 | 0 | 0 | 76636.66102203233 | 38591.80678497502 | 38044.85423705731 | 8759918.649552895 | 76636.66102203233 | 38095.490940211224 | 38541.17008182111 | 8875196.326435098 | 76636.66102203233 | 37605.55804142183 | 39031.10298061051 | 8988991.457089216 | 76636.66102203233 | 37121.92599975207 | 39514.73502228026 | 9101323.108028186 | 0 | 0 | 0 | 0 | 0 | 0 | 0 | 0 | 0 | 0 | 0 | 0 | 0 | 0 | 0 | 0 | 0 | 0 | 0 | 0 | 368.57912678094596 | 176.239448730971 | 192.33967804997496 | 44305.53614033119 | 368.57912678094596 | 173.97289429455955 | 194.6062324863864 | 44831.981412456065 | 368.57912678094596 | 171.73548922879246 | 196.8436375521535 | 45351.65625448907 | 368.57912678094596 | 169.52685865372186 | 199.0522681272241 | 45864.647738583866 | 0 | 0 | 0 | 0 | 0 | 0 | 0 | 0 | 0 | 0 | 0 | 0 | 0 | 0 | 0 | 0 | 399789.5502311533 | 203777.8208343302 | 196011.72939682307 | 45677478.850021236
 |  | 107 | 91768.58963590013 | 51882.47739813473 | 39886.1122377654 | 9719813.00997184 | 0 | 0 | 0 | 0 | 0 | 0 | 0 | 0 | 0 | 0 | 0 | 0 | 0 | 0 | 0 | 0 | 0 | 0 | 0 | 0 | 76636.66102203233 | 38758.6781743045 | 37877.982847727835 | 8721159.97137859 | 76636.66102203233 | 38260.216254467734 | 38376.4447675646 | 8836936.110180631 | 76636.66102203233 | 37768.164880532706 | 38868.49614149963 | 8951223.292208683 | 76636.66102203233 | 37282.44160869154 | 39354.2194133408 | 9064040.666419495 | 0 | 0 | 0 | 0 | 0 | 0 | 0 | 0 | 0 | 0 | 0 | 0 | 0 | 0 | 0 | 0 | 0 | 0 | 0 | 0 | 368.57912678094596 | 177.00151001066854 | 191.57761677027742 | 44128.53463032052 | 368.57912678094596 | 174.7251549683953 | 193.85397181255067 | 44657.25625748767 | 368.57912678094596 | 172.47807533895985 | 196.1010514419861 | 45179.17817915011 | 368.57912678094596 | 170.25989462142945 | 198.3192321595165 | 45694.38784396244 | 0 | 0 | 0 | 0 | 0 | 0 | 0 | 0 | 0 | 0 | 0 | 0 | 0 | 0 | 0 | 0 | 399789.5502311533 | 204646.44295107067 | 195143.1072800826 | 45472832.40707015
 |  | 108 | 91768.58963590013 | 52094.251324097735 | 39674.3383118024 | 9667718.758647742 | 0 | 0 | 0 | 0 | 0 | 0 | 0 | 0 | 0 | 0 | 0 | 0 | 0 | 0 | 0 | 0 | 0 | 0 | 0 | 0 | 76636.66102203233 | 38926.271117323646 | 37710.38990470869 | 8682233.700261267 | 76636.66102203233 | 38425.65384276213 | 38211.00717927021 | 8798510.45633787 | 76636.66102203233 | 37931.47483337205 | 38705.186188660286 | 8913291.81737531 | 76636.66102203233 | 37443.65128885763 | 39193.0097331747 | 9026597.015130637 | 0 | 0 | 0 | 0 | 0 | 0 | 0 | 0 | 0 | 0 | 0 | 0 | 0 | 0 | 0 | 0 | 0 | 0 | 0 | 0 | 368.57912678094596 | 177.76686645156977 | 190.8122603293762 | 43950.76776386895 | 368.57912678094596 | 175.48066842550907 | 193.0984583554369 | 44481.77558906216 | 368.57912678094596 | 173.22387239948753 | 195.35525438145842 | 45005.954306750624 | 368.57912678094596 | 170.9961002445782 | 197.58302653636775 | 45523.39174371786 | 0 | 0 | 0 | 0 | 0 | 0 | 0 | 0 | 0 | 0 | 0 | 0 | 0 | 0 | 0 | 0 | 399789.5502311533 | 205518.76991393432 | 194270.7803172189 | 45267313.63715623
 |  | 109 | 91768.58963590013 | 52306.88966899305 | 39461.69996690709 | 9615411.868978748 | 0 | 0 | 0 | 0 | 0 | 0 | 0 | 0 | 0 | 0 | 0 | 0 | 0 | 0 | 0 | 0 | 0 | 0 | 0 | 0 | 76636.66102203233 | 39094.588734038414 | 37542.07228799392 | 8643139.111527229 | 76636.66102203233 | 38591.80678497502 | 38044.85423705731 | 8759918.649552895 | 76636.66102203233 | 38095.490940211224 | 38541.17008182111 | 8875196.326435098 | 76636.66102203233 | 37605.55804142183 | 39031.10298061051 | 8988991.457089216 | 0 | 0 | 0 | 0 | 0 | 0 | 0 | 0 | 0 | 0 | 0 | 0 | 0 | 0 | 0 | 0 | 0 | 0 | 0 | 0 | 368.57912678094596 | 178.5355323019873 | 190.04359447895865 | 43772.23223156696 | 368.57912678094596 | 176.239448730971 | 192.33967804997496 | 44305.53614033119 | 368.57912678094596 | 173.97289429455955 | 194.6062324863864 | 44831.981412456065 | 368.57912678094596 | 171.73548922879246 | 196.8436375521535 | 45351.65625448907 | 0 | 0 | 0 | 0 | 0 | 0 | 0 | 0 | 0 | 0 | 0 | 0 | 0 | 0 | 0 | 0 | 399789.5502311533 | 206394.81753419584 | 193394.73269695736 | 45060918.819622025
 |  | 110 | 91768.58963590013 | 52520.395961206355 | 39248.19367469378 | 9562891.473017542 | 0 | 0 | 0 | 0 | 0 | 0 | 0 | 0 | 0 | 0 | 0 | 0 | 0 | 0 | 0 | 0 | 0 | 0 | 0 | 0 | 76636.66102203233 | 39263.634157945686 | 37373.02686408665 | 8603875.477369282 | 76636.66102203233 | 38758.6781743045 | 37877.982847727835 | 8721159.97137859 | 76636.66102203233 | 38260.216254467734 | 38376.4447675646 | 8836936.110180631 | 76636.66102203233 | 37768.164880532706 | 38868.49614149963 | 8951223.292208683 | 0 | 0 | 0 | 0 | 0 | 0 | 0 | 0 | 0 | 0 | 0 | 0 | 0 | 0 | 0 | 0 | 0 | 0 | 0 | 0 | 368.57912678094596 | 179.30752187184362 | 189.27160490910234 | 43592.924709695115 | 368.57912678094596 | 177.00151001066854 | 191.57761677027742 | 44128.53463032052 | 368.57912678094596 | 174.7251549683953 | 193.85397181255067 | 44657.25625748767 | 368.57912678094596 | 172.47807533895985 | 196.1010514419861 | 45179.17817915011 | 0 | 0 | 0 | 0 | 0 | 0 | 0 | 0 | 0 | 0 | 0 | 0 | 0 | 0 | 0 | 0 | 399789.5502311533 | 207274.60169064687 | 192514.94854050642 | 44853644.21793139
 |  | 111 | 91768.58963590013 | 52734.773743525526 | 39033.81589237461 | 9510156.699274017 | 0 | 0 | 0 | 0 | 0 | 0 | 0 | 0 | 0 | 0 | 0 | 0 | 0 | 0 | 0 | 0 | 0 | 0 | 0 | 0 | 76636.66102203233 | 39433.41053609163 | 37203.250485940705 | 8564442.06683319 | 76636.66102203233 | 38926.271117323646 | 37710.38990470869 | 8682233.700261267 | 76636.66102203233 | 38425.65384276213 | 38211.00717927021 | 8798510.45633787 | 76636.66102203233 | 37931.47483337205 | 38705.186188660286 | 8913291.81737531 | 0 | 0 | 0 | 0 | 0 | 0 | 0 | 0 | 0 | 0 | 0 | 0 | 0 | 0 | 0 | 0 | 0 | 0 | 0 | 0 | 368.57912678094596 | 180.08284953293747 | 188.49627724800848 | 43412.841860162174 | 368.57912678094596 | 177.76686645156977 | 190.8122603293762 | 43950.76776386895 | 368.57912678094596 | 175.48066842550907 | 193.0984583554369 | 44481.77558906216 | 368.57912678094596 | 173.22387239948753 | 195.35525438145842 | 45005.954306750624 | 0 | 0 | 0 | 0 | 0 | 0 | 0 | 0 | 0 | 0 | 0 | 0 | 0 | 0 | 0 | 0 | 399789.5502311533 | 208158.13832988447 | 191631.41190126876 | 44645486.0796015
 |  | 112 | 91768.58963590013 | 52950.02657319936 | 38818.56306270078 | 9457206.672700817 | 0 | 0 | 0 | 0 | 0 | 0 | 0 | 0 | 0 | 0 | 0 | 0 | 0 | 0 | 0 | 0 | 0 | 0 | 0 | 0 | 76636.66102203233 | 39603.92102913025 | 37032.73999290208 | 8524838.14580406 | 76636.66102203233 | 39094.588734038414 | 37542.07228799392 | 8643139.111527229 | 76636.66102203233 | 38591.80678497502 | 38044.85423705731 | 8759918.649552895 | 76636.66102203233 | 38095.490940211224 | 38541.17008182111 | 8875196.326435098 | 0 | 0 | 0 | 0 | 0 | 0 | 0 | 0 | 0 | 0 | 0 | 0 | 0 | 0 | 0 | 0 | 0 | 0 | 0 | 0 | 368.57912678094596 | 180.86152971921146 | 187.7175970617345 | 43231.980330442966 | 368.57912678094596 | 178.5355323019873 | 190.04359447895865 | 43772.23223156696 | 368.57912678094596 | 176.239448730971 | 192.33967804997496 | 44305.53614033119 | 368.57912678094596 | 173.97289429455955 | 194.6062324863864 | 44831.981412456065 | 0 | 0 | 0 | 0 | 0 | 0 | 0 | 0 | 0 | 0 | 0 | 0 | 0 | 0 | 0 | 0 | 399789.5502311533 | 209045.443466601 | 190744.10676455218 | 44436440.63613489
 |  | 113 | 91768.58963590013 | 53166.158021996656 | 38602.43161390348 | 9404040.514678821 | 0 | 0 | 0 | 0 | 0 | 0 | 0 | 0 | 0 | 0 | 0 | 0 | 0 | 0 | 0 | 0 | 0 | 0 | 0 | 0 | 76636.66102203233 | 39775.16881138228 | 36861.49221065005 | 8485062.976992678 | 76636.66102203233 | 39263.634157945686 | 37373.02686408665 | 8603875.477369282 | 76636.66102203233 | 38758.6781743045 | 37877.982847727835 | 8721159.97137859 | 76636.66102203233 | 38260.216254467734 | 38376.4447675646 | 8836936.110180631 | 0 | 0 | 0 | 0 | 0 | 0 | 0 | 0 | 0 | 0 | 0 | 0 | 0 | 0 | 0 | 0 | 0 | 0 | 0 | 0 | 368.57912678094596 | 181.64357692702058 | 186.93554985392538 | 43050.33675351595 | 368.57912678094596 | 179.30752187184362 | 189.27160490910234 | 43592.924709695115 | 368.57912678094596 | 177.00151001066854 | 191.57761677027742 | 44128.53463032052 | 368.57912678094596 | 174.7251549683953 | 193.85397181255067 | 44657.25625748767 | 0 | 0 | 0 | 0 | 0 | 0 | 0 | 0 | 0 | 0 | 0 | 0 | 0 | 0 | 0 | 0 | 399789.5502311533 | 209936.53318387477 | 189853.01704727847 | 44226504.10295103
 |  | 114 | 91768.58963590013 | 53383.171676265454 | 38385.41795963468 | 9350657.343002556 | 0 | 0 | 0 | 0 | 0 | 0 | 0 | 0 | 0 | 0 | 0 | 0 | 0 | 0 | 0 | 0 | 0 | 0 | 0 | 0 | 76636.66102203233 | 39947.15707089425 | 36689.50395113808 | 8445115.819921784 | 76636.66102203233 | 39433.41053609163 | 37203.250485940705 | 8564442.06683319 | 76636.66102203233 | 38926.271117323646 | 37710.38990470869 | 8682233.700261267 | 76636.66102203233 | 38425.65384276213 | 38211.00717927021 | 8798510.45633787 | 0 | 0 | 0 | 0 | 0 | 0 | 0 | 0 | 0 | 0 | 0 | 0 | 0 | 0 | 0 | 0 | 0 | 0 | 0 | 0 | 368.57912678094596 | 182.42900571540238 | 186.15012106554357 | 42867.90774780055 | 368.57912678094596 | 180.08284953293747 | 188.49627724800848 | 43412.841860162174 | 368.57912678094596 | 177.76686645156977 | 190.8122603293762 | 43950.76776386895 | 368.57912678094596 | 175.48066842550907 | 193.0984583554369 | 44481.77558906216 | 0 | 0 | 0 | 0 | 0 | 0 | 0 | 0 | 0 | 0 | 0 | 0 | 0 | 0 | 0 | 0 | 399789.5502311533 | 210831.42363346255 | 188958.12659769077 | 44015672.67931756
 |  | 115 | 91768.58963590013 | 53601.07113699256 | 38167.51849890757 | 9297056.271865563 | 0 | 0 | 0 | 0 | 0 | 0 | 0 | 0 | 0 | 0 | 0 | 0 | 0 | 0 | 0 | 0 | 0 | 0 | 0 | 0 | 76636.66102203233 | 40119.88900949782 | 36516.772012534515 | 8404995.930912286 | 76636.66102203233 | 39603.92102913025 | 37032.73999290208 | 8524838.14580406 | 76636.66102203233 | 39094.588734038414 | 37542.07228799392 | 8643139.111527229 | 76636.66102203233 | 38591.80678497502 | 38044.85423705731 | 8759918.649552895 | 0 | 0 | 0 | 0 | 0 | 0 | 0 | 0 | 0 | 0 | 0 | 0 | 0 | 0 | 0 | 0 | 0 | 0 | 0 | 0 | 368.57912678094596 | 183.2178307063478 | 185.36129607459816 | 42684.6899170942 | 368.57912678094596 | 180.86152971921146 | 187.7175970617345 | 43231.980330442966 | 368.57912678094596 | 178.5355323019873 | 190.04359447895865 | 43772.23223156696 | 368.57912678094596 | 176.239448730971 | 192.33967804997496 | 44305.53614033119 | 0 | 0 | 0 | 0 | 0 | 0 | 0 | 0 | 0 | 0 | 0 | 0 | 0 | 0 | 0 | 0 | 399789.5502311533 | 211730.13103609259 | 188059.41919506065 | 43803942.54828147
 |  | 116 | 91768.58963590013 | 53819.86001986328 | 37948.72961603686 | 9243236.4118457 | 0 | 0 | 0 | 0 | 0 | 0 | 0 | 0 | 0 | 0 | 0 | 0 | 0 | 0 | 0 | 0 | 0 | 0 | 0 | 0 | 76636.66102203233 | 40293.36784286941 | 36343.29317916292 | 8364702.563069416 | 76636.66102203233 | 39775.16881138228 | 36861.49221065005 | 8485062.976992678 | 76636.66102203233 | 39263.634157945686 | 37373.02686408665 | 8603875.477369282 | 76636.66102203233 | 38758.6781743045 | 37877.982847727835 | 8721159.97137859 | 0 | 0 | 0 | 0 | 0 | 0 | 0 | 0 | 0 | 0 | 0 | 0 | 0 | 0 | 0 | 0 | 0 | 0 | 0 | 0 | 368.57912678094596 | 184.01006658507336 | 184.5690601958726 | 42500.67985050912 | 368.57912678094596 | 181.64357692702058 | 186.93554985392538 | 43050.33675351595 | 368.57912678094596 | 179.30752187184362 | 189.27160490910234 | 43592.924709695115 | 368.57912678094596 | 177.00151001066854 | 191.57761677027742 | 44128.53463032052 | 0 | 0 | 0 | 0 | 0 | 0 | 0 | 0 | 0 | 0 | 0 | 0 | 0 | 0 | 0 | 0 | 399789.5502311533 | 212632.67168175976 | 187156.8785493935 | 43591309.876599714
 |  | 117 | 91768.58963590013 | 54039.54195532142 | 37729.04768057871 | 9189196.869890379 | 0 | 0 | 0 | 0 | 0 | 0 | 0 | 0 | 0 | 0 | 0 | 0 | 0 | 0 | 0 | 0 | 0 | 0 | 0 | 0 | 76636.66102203233 | 40467.59680059007 | 36169.06422144226 | 8324234.966268826 | 76636.66102203233 | 39947.15707089425 | 36689.50395113808 | 8445115.819921784 | 76636.66102203233 | 39433.41053609163 | 37203.250485940705 | 8564442.06683319 | 76636.66102203233 | 38926.271117323646 | 37710.38990470869 | 8682233.700261267 | 0 | 0 | 0 | 0 | 0 | 0 | 0 | 0 | 0 | 0 | 0 | 0 | 0 | 0 | 0 | 0 | 0 | 0 | 0 | 0 | 368.57912678094596 | 184.8057281002947 | 183.77339868065127 | 42315.87412240883 | 368.57912678094596 | 182.42900571540238 | 186.15012106554357 | 42867.90774780055 | 368.57912678094596 | 180.08284953293747 | 188.49627724800848 | 43412.841860162174 | 368.57912678094596 | 177.76686645156977 | 190.8122603293762 | 43950.76776386895 | 0 | 0 | 0 | 0 | 0 | 0 | 0 | 0 | 0 | 0 | 0 | 0 | 0 | 0 | 0 | 0 | 399789.5502311533 | 213539.06193002124 | 186250.48830113205 | 43377770.81466968
 |  | 118 | 91768.58963590013 | 54260.120588629565 | 37508.46904727057 | 9134936.749301748 | 0 | 0 | 0 | 0 | 0 | 0 | 0 | 0 | 0 | 0 | 0 | 0 | 0 | 0 | 0 | 0 | 0 | 0 | 0 | 0 | 76636.66102203233 | 40642.579126205594 | 35994.08189582674 | 8283592.387142621 | 76636.66102203233 | 40119.88900949782 | 36516.772012534515 | 8404995.930912286 | 76636.66102203233 | 39603.92102913025 | 37032.73999290208 | 8524838.14580406 | 76636.66102203233 | 39094.588734038414 | 37542.07228799392 | 8643139.111527229 | 0 | 0 | 0 | 0 | 0 | 0 | 0 | 0 | 0 | 0 | 0 | 0 | 0 | 0 | 0 | 0 | 0 | 0 | 0 | 0 | 368.57912678094596 | 185.60483006450093 | 182.97429671644502 | 42130.26929234433 | 368.57912678094596 | 183.2178307063478 | 185.36129607459816 | 42684.6899170942 | 368.57912678094596 | 180.86152971921146 | 187.7175970617345 | 43231.980330442966 | 368.57912678094596 | 178.5355323019873 | 190.04359447895865 | 43772.23223156696 | 0 | 0 | 0 | 0 | 0 | 0 | 0 | 0 | 0 | 0 | 0 | 0 | 0 | 0 | 0 | 0 | 399789.5502311533 | 214449.31821029368 | 185340.23202085958 | 43163321.496459395
 |  | 119 | 91768.58963590013 | 54481.5995799295 | 37286.99005597064 | 9080455.149721818 | 0 | 0 | 0 | 0 | 0 | 0 | 0 | 0 | 0 | 0 | 0 | 0 | 0 | 0 | 0 | 0 | 0 | 0 | 0 | 0 | 76636.66102203233 | 40818.31807728688 | 35818.342944745455 | 8242774.069065334 | 76636.66102203233 | 40293.36784286941 | 36343.29317916292 | 8364702.563069416 | 76636.66102203233 | 39775.16881138228 | 36861.49221065005 | 8485062.976992678 | 76636.66102203233 | 39263.634157945686 | 37373.02686408665 | 8603875.477369282 | 0 | 0 | 0 | 0 | 0 | 0 | 0 | 0 | 0 | 0 | 0 | 0 | 0 | 0 | 0 | 0 | 0 | 0 | 0 | 0 | 368.57912678094596 | 186.4073873542307 | 182.17173942671525 | 41943.8619049901 | 368.57912678094596 | 184.01006658507336 | 184.5690601958726 | 42500.67985050912 | 368.57912678094596 | 181.64357692702058 | 186.93554985392538 | 43050.33675351595 | 368.57912678094596 | 179.30752187184362 | 189.27160490910234 | 43592.924709695115 | 0 | 0 | 0 | 0 | 0 | 0 | 0 | 0 | 0 | 0 | 0 | 0 | 0 | 0 | 0 | 0 | 399789.5502311533 | 215363.45702215194 | 184426.09320900132 | 42947958.03943724
 |  | 120 | 91768.58963590013 | 54703.98260430299 | 37064.607031597145 | 9025751.167117516 | 0 | 0 | 0 | 0 | 0 | 0 | 0 | 0 | 0 | 0 | 0 | 0 | 0 | 0 | 0 | 0 | 0 | 0 | 0 | 0 | 76636.66102203233 | 40994.816925490624 | 35641.84409654171 | 8201779.252139844 | 76636.66102203233 | 40467.59680059007 | 36169.06422144226 | 8324234.966268826 | 76636.66102203233 | 39947.15707089425 | 36689.50395113808 | 8445115.819921784 | 76636.66102203233 | 39433.41053609163 | 37203.250485940705 | 8564442.06683319 | 0 | 0 | 0 | 0 | 0 | 0 | 0 | 0 | 0 | 0 | 0 | 0 | 0 | 0 | 0 | 0 | 0 | 0 | 0 | 0 | 368.57912678094596 | 187.2134149103489 | 181.36571187059707 | 41756.64849007975 | 368.57912678094596 | 184.8057281002947 | 183.77339868065127 | 42315.87412240883 | 368.57912678094596 | 182.42900571540238 | 186.15012106554357 | 42867.90774780055 | 368.57912678094596 | 180.08284953293747 | 188.49627724800848 | 43412.841860162174 | 0 | 0 | 0 | 0 | 0 | 0 | 0 | 0 | 0 | 0 | 0 | 0 | 0 | 0 | 0 | 0 | 399789.5502311533 | 216281.49493562858 | 183508.05529552474 | 42731676.54450161
 |  | 121 | 91768.58963590013 | 54927.273351832744 | 36841.31628406739 | 8970823.893765682 | 0 | 0 | 0 | 0 | 0 | 0 | 0 | 0 | 0 | 0 | 0 | 0 | 0 | 0 | 0 | 0 | 0 | 0 | 0 | 0 | 76636.66102203233 | 41172.078956620186 | 35464.58206541215 | 8160607.173183224 | 76636.66102203233 | 40642.579126205594 | 35994.08189582674 | 8283592.387142621 | 76636.66102203233 | 40119.88900949782 | 36516.772012534515 | 8404995.930912286 | 76636.66102203233 | 39603.92102913025 | 37032.73999290208 | 8524838.14580406 | 0 | 0 | 0 | 0 | 0 | 0 | 0 | 0 | 0 | 0 | 0 | 0 | 0 | 0 | 0 | 0 | 0 | 0 | 0 | 0 | 368.57912678094596 | 188.02292773832485 | 180.5561990426211 | 41568.625562341425 | 368.57912678094596 | 185.60483006450093 | 182.97429671644502 | 42130.26929234433 | 368.57912678094596 | 183.2178307063478 | 185.36129607459816 | 42684.6899170942 | 368.57912678094596 | 180.86152971921146 | 187.7175970617345 | 43231.980330442966 | 0 | 0 | 0 | 0 | 0 | 0 | 0 | 0 | 0 | 0 | 0 | 0 | 0 | 0 | 0 | 0 | 399789.5502311533 | 217203.44859151499 | 182586.1016396383 | 42514473.0959101
 |  | 122 | 91768.58963590013 | 55151.47552766367 | 36617.11410823646 | 8915672.41823802 | 0 | 0 | 0 | 0 | 0 | 0 | 0 | 0 | 0 | 0 | 0 | 0 | 0 | 0 | 0 | 0 | 0 | 0 | 0 | 0 | 76636.66102203233 | 41350.10747068677 | 35286.55355134556 | 8119257.065712538 | 76636.66102203233 | 40818.31807728688 | 35818.342944745455 | 8242774.069065334 | 76636.66102203233 | 40293.36784286941 | 36343.29317916292 | 8364702.563069416 | 76636.66102203233 | 39775.16881138228 | 36861.49221065005 | 8485062.976992678 | 0 | 0 | 0 | 0 | 0 | 0 | 0 | 0 | 0 | 0 | 0 | 0 | 0 | 0 | 0 | 0 | 0 | 0 | 0 | 0 | 368.57912678094596 | 188.8359409085117 | 179.74318587243425 | 41379.789621432916 | 368.57912678094596 | 186.4073873542307 | 182.17173942671525 | 41943.8619049901 | 368.57912678094596 | 184.01006658507336 | 184.5690601958726 | 42500.67985050912 | 368.57912678094596 | 181.64357692702058 | 186.93554985392538 | 43050.33675351595 | 0 | 0 | 0 | 0 | 0 | 0 | 0 | 0 | 0 | 0 | 0 | 0 | 0 | 0 | 0 | 0 | 399789.5502311533 | 218129.33470166387 | 181660.2155294894 | 42296343.761208445
 |  | 123 | 91768.58963590013 | 55376.592852064336 | 36391.9967838358 | 8860295.825385956 | 0 | 0 | 0 | 0 | 0 | 0 | 0 | 0 | 0 | 0 | 0 | 0 | 0 | 0 | 0 | 0 | 0 | 0 | 0 | 0 | 76636.66102203233 | 41528.9057819709 | 35107.75524006144 | 8077728.159930566 | 76636.66102203233 | 40994.816925490624 | 35641.84409654171 | 8201779.252139844 | 76636.66102203233 | 40467.59680059007 | 36169.06422144226 | 8324234.966268826 | 76636.66102203233 | 39947.15707089425 | 36689.50395113808 | 8445115.819921784 | 0 | 0 | 0 | 0 | 0 | 0 | 0 | 0 | 0 | 0 | 0 | 0 | 0 | 0 | 0 | 0 | 0 | 0 | 0 | 0 | 368.57912678094596 | 189.65246955642695 | 178.926657224519 | 41190.137151876486 | 368.57912678094596 | 187.2134149103489 | 181.36571187059707 | 41756.64849007975 | 368.57912678094596 | 184.8057281002947 | 183.77339868065127 | 42315.87412240883 | 368.57912678094596 | 182.42900571540238 | 186.15012106554357 | 42867.90774780055 | 0 | 0 | 0 | 0 | 0 | 0 | 0 | 0 | 0 | 0 | 0 | 0 | 0 | 0 | 0 | 0 | 399789.5502311533 | 219059.17004929268 | 180730.38018186062 | 42077284.59115914
 |  | 124 | 91768.58963590013 | 55602.62906048868 | 36165.96057541145 | 8804693.196325468 | 0 | 0 | 0 | 0 | 0 | 0 | 0 | 0 | 0 | 0 | 0 | 0 | 0 | 0 | 0 | 0 | 0 | 0 | 0 | 0 | 76636.66102203233 | 41708.47721908404 | 34928.1838029483 | 8036019.682711482 | 76636.66102203233 | 41172.078956620186 | 35464.58206541215 | 8160607.173183224 | 76636.66102203233 | 40642.579126205594 | 35994.08189582674 | 8283592.387142621 | 76636.66102203233 | 40119.88900949782 | 36516.772012534515 | 8404995.930912286 | 0 | 0 | 0 | 0 | 0 | 0 | 0 | 0 | 0 | 0 | 0 | 0 | 0 | 0 | 0 | 0 | 0 | 0 | 0 | 0 | 368.57912678094596 | 190.47252888303433 | 178.10659789791163 | 40999.66462299345 | 368.57912678094596 | 188.02292773832485 | 180.5561990426211 | 41568.625562341425 | 368.57912678094596 | 185.60483006450093 | 182.97429671644502 | 42130.26929234433 | 368.57912678094596 | 183.2178307063478 | 185.36129607459816 | 42684.6899170942 | 0 | 0 | 0 | 0 | 0 | 0 | 0 | 0 | 0 | 0 | 0 | 0 | 0 | 0 | 0 | 0 | 399789.5502311533 | 219992.9714892885 | 179796.57874186477 | 41857291.619669855
 |  | 125 | 91768.58963590013 | 55829.58790363806 | 35939.00173226208 | 8748863.60842183 | 0 | 0 | 0 | 0 | 0 | 0 | 0 | 0 | 0 | 0 | 0 | 0 | 0 | 0 | 0 | 0 | 0 | 0 | 0 | 0 | 76636.66102203233 | 41888.82512503063 | 34747.83589700171 | 7994130.857586452 | 76636.66102203233 | 41350.10747068677 | 35286.55355134556 | 8119257.065712538 | 76636.66102203233 | 40818.31807728688 | 35818.342944745455 | 8242774.069065334 | 76636.66102203233 | 40293.36784286941 | 36343.29317916292 | 8364702.563069416 | 0 | 0 | 0 | 0 | 0 | 0 | 0 | 0 | 0 | 0 | 0 | 0 | 0 | 0 | 0 | 0 | 0 | 0 | 0 | 0 | 368.57912678094596 | 191.29613415502658 | 177.28299262591938 | 40808.36848883842 | 368.57912678094596 | 188.8359409085117 | 179.74318587243425 | 41379.789621432916 | 368.57912678094596 | 186.4073873542307 | 182.17173942671525 | 41943.8619049901 | 368.57912678094596 | 184.01006658507336 | 184.5690601958726 | 42500.67985050912 | 0 | 0 | 0 | 0 | 0 | 0 | 0 | 0 | 0 | 0 | 0 | 0 | 0 | 0 | 0 | 0 | 399789.5502311533 | 220930.75594851462 | 178858.79428263867 | 41636360.863721356
 |  | 126 | 91768.58963590013 | 56057.47314752341 | 35711.11648837673 | 8692806.135274308 | 0 | 0 | 0 | 0 | 0 | 0 | 0 | 0 | 0 | 0 | 0 | 0 | 0 | 0 | 0 | 0 | 0 | 0 | 0 | 0 | 76636.66102203233 | 42069.952857270284 | 34566.70816476205 | 7952060.904729182 | 76636.66102203233 | 41528.9057819709 | 35107.75524006144 | 8077728.159930566 | 76636.66102203233 | 40994.816925490624 | 35641.84409654171 | 8201779.252139844 | 76636.66102203233 | 40467.59680059007 | 36169.06422144226 | 8324234.966268826 | 0 | 0 | 0 | 0 | 0 | 0 | 0 | 0 | 0 | 0 | 0 | 0 | 0 | 0 | 0 | 0 | 0 | 0 | 0 | 0 | 368.57912678094596 | 192.12330070510984 | 176.45582607583611 | 40616.24518813331 | 368.57912678094596 | 189.65246955642695 | 178.926657224519 | 41190.137151876486 | 368.57912678094596 | 187.2134149103489 | 181.36571187059707 | 41756.64849007975 | 368.57912678094596 | 184.8057281002947 | 183.77339868065127 | 42315.87412240883 | 0 | 0 | 0 | 0 | 0 | 0 | 0 | 0 | 0 | 0 | 0 | 0 | 0 | 0 | 0 | 0 | 399789.5502311533 | 221872.54042611748 | 177917.0098050358 | 41414488.32329522
 |  | 127 | 91768.58963590013 | 56286.28857352778 | 35482.30106237235 | 8636519.84670078 | 0 | 0 | 0 | 0 | 0 | 0 | 0 | 0 | 0 | 0 | 0 | 0 | 0 | 0 | 0 | 0 | 0 | 0 | 0 | 0 | 76636.66102203233 | 42251.86378778032 | 34384.797234252015 | 7909809.040941401 | 76636.66102203233 | 41708.47721908404 | 34928.1838029483 | 8036019.682711482 | 76636.66102203233 | 41172.078956620186 | 35464.58206541215 | 8160607.173183224 | 76636.66102203233 | 40642.579126205594 | 35994.08189582674 | 8283592.387142621 | 0 | 0 | 0 | 0 | 0 | 0 | 0 | 0 | 0 | 0 | 0 | 0 | 0 | 0 | 0 | 0 | 0 | 0 | 0 | 0 | 368.57912678094596 | 192.95404393228907 | 175.6250828486569 | 40423.29114420102 | 368.57912678094596 | 190.47252888303433 | 178.10659789791163 | 40999.66462299345 | 368.57912678094596 | 188.02292773832485 | 180.5561990426211 | 41568.625562341425 | 368.57912678094596 | 185.60483006450093 | 182.97429671644502 | 42130.26929234433 | 0 | 0 | 0 | 0 | 0 | 0 | 0 | 0 | 0 | 0 | 0 | 0 | 0 | 0 | 0 | 0 | 399789.5502311533 | 222818.34199383605 | 176971.20823731722 | 41191669.98130139
 |  | 128 | 91768.58963590013 | 56516.037978469096 | 35252.55165743104 | 8580003.808722312 | 0 | 0 | 0 | 0 | 0 | 0 | 0 | 0 | 0 | 0 | 0 | 0 | 0 | 0 | 0 | 0 | 0 | 0 | 0 | 0 | 76636.66102203233 | 42434.56130311852 | 34202.099718913814 | 7867374.479638283 | 76636.66102203233 | 41888.82512503063 | 34747.83589700171 | 7994130.857586452 | 76636.66102203233 | 41350.10747068677 | 35286.55355134556 | 8119257.065712538 | 76636.66102203233 | 40818.31807728688 | 35818.342944745455 | 8242774.069065334 | 0 | 0 | 0 | 0 | 0 | 0 | 0 | 0 | 0 | 0 | 0 | 0 | 0 | 0 | 0 | 0 | 0 | 0 | 0 | 0 | 368.57912678094596 | 193.78837930215462 | 174.79074747879133 | 40229.50276489887 | 368.57912678094596 | 191.29613415502658 | 177.28299262591938 | 40808.36848883842 | 368.57912678094596 | 188.8359409085117 | 179.74318587243425 | 41379.789621432916 | 368.57912678094596 | 186.4073873542307 | 182.17173942671525 | 41943.8619049901 | 0 | 0 | 0 | 0 | 0 | 0 | 0 | 0 | 0 | 0 | 0 | 0 | 0 | 0 | 0 | 0 | 399789.5502311533 | 223768.17779631185 | 176021.3724348414 | 40967901.803505085
 |  | 129 | 91768.58963590013 | 56746.72517466311 | 35021.864461237026 | 8523257.083547648 | 0 | 0 | 0 | 0 | 0 | 0 | 0 | 0 | 0 | 0 | 0 | 0 | 0 | 0 | 0 | 0 | 0 | 0 | 0 | 0 | 76636.66102203233 | 42618.04880448617 | 34018.612217546164 | 7824756.430833797 | 76636.66102203233 | 42069.952857270284 | 34566.70816476205 | 7952060.904729182 | 76636.66102203233 | 41528.9057819709 | 35107.75524006144 | 8077728.159930566 | 76636.66102203233 | 40994.816925490624 | 35641.84409654171 | 8201779.252139844 | 0 | 0 | 0 | 0 | 0 | 0 | 0 | 0 | 0 | 0 | 0 | 0 | 0 | 0 | 0 | 0 | 0 | 0 | 0 | 0 | 368.57912678094596 | 194.62632234717032 | 173.95280443377564 | 40034.8764425517 | 368.57912678094596 | 192.12330070510984 | 176.45582607583611 | 40616.24518813331 | 368.57912678094596 | 189.65246955642695 | 178.926657224519 | 41190.137151876486 | 368.57912678094596 | 187.2134149103489 | 181.36571187059707 | 41756.64849007975 | 0 | 0 | 0 | 0 | 0 | 0 | 0 | 0 | 0 | 0 | 0 | 0 | 0 | 0 | 0 | 0 | 399789.5502311533 | 224722.0650514001 | 175067.4851797531 | 40743179.73845367
 |  | 130 | 91768.58963590013 | 56978.35398998668 | 34790.23564591345 | 8466278.729557661 | 0 | 0 | 0 | 0 | 0 | 0 | 0 | 0 | 0 | 0 | 0 | 0 | 0 | 0 | 0 | 0 | 0 | 0 | 0 | 0 | 76636.66102203233 | 42802.3297077914 | 33834.33131424093 | 7781954.101126006 | 76636.66102203233 | 42251.86378778032 | 34384.797234252015 | 7909809.040941401 | 76636.66102203233 | 41708.47721908404 | 34928.1838029483 | 8036019.682711482 | 76636.66102203233 | 41172.078956620186 | 35464.58206541215 | 8160607.173183224 | 0 | 0 | 0 | 0 | 0 | 0 | 0 | 0 | 0 | 0 | 0 | 0 | 0 | 0 | 0 | 0 | 0 | 0 | 0 | 0 | 368.57912678094596 | 195.4678886669624 | 173.11123811398355 | 39839.408553884736 | 368.57912678094596 | 192.95404393228907 | 175.6250828486569 | 40423.29114420102 | 368.57912678094596 | 190.47252888303433 | 178.10659789791163 | 40999.66462299345 | 368.57912678094596 | 188.02292773832485 | 180.5561990426211 | 41568.625562341425 | 0 | 0 | 0 | 0 | 0 | 0 | 0 | 0 | 0 | 0 | 0 | 0 | 0 | 0 | 0 | 0 | 399789.5502311533 | 225680.02105048322 | 174109.52918067 | 40517499.71740319
 |  | 131 | 91768.58963590013 | 57210.92826794133 | 34557.661367958804 | 8409067.80128972 | 0 | 0 | 0 | 0 | 0 | 0 | 0 | 0 | 0 | 0 | 0 | 0 | 0 | 0 | 0 | 0 | 0 | 0 | 0 | 0 | 76636.66102203233 | 42987.40744371276 | 33649.25357831958 | 7738966.693682293 | 76636.66102203233 | 42434.56130311852 | 34202.099718913814 | 7867374.479638283 | 76636.66102203233 | 41888.82512503063 | 34747.83589700171 | 7994130.857586452 | 76636.66102203233 | 41350.10747068677 | 35286.55355134556 | 8119257.065712538 | 0 | 0 | 0 | 0 | 0 | 0 | 0 | 0 | 0 | 0 | 0 | 0 | 0 | 0 | 0 | 0 | 0 | 0 | 0 | 0 | 368.57912678094596 | 196.31309392861021 | 172.26603285233574 | 39643.09545995612 | 368.57912678094596 | 193.78837930215462 | 174.79074747879133 | 40229.50276489887 | 368.57912678094596 | 191.29613415502658 | 177.28299262591938 | 40808.36848883842 | 368.57912678094596 | 188.8359409085117 | 179.74318587243425 | 41379.789621432916 | 0 | 0 | 0 | 0 | 0 | 0 | 0 | 0 | 0 | 0 | 0 | 0 | 0 | 0 | 0 | 0 | 399789.5502311533 | 226642.06315878435 | 173147.48707236897 | 40290857.65424441
 |  | 132 | 91768.58963590013 | 57444.451867716954 | 34324.13776818318 | 8351623.349422003 | 0 | 0 | 0 | 0 | 0 | 0 | 0 | 0 | 0 | 0 | 0 | 0 | 0 | 0 | 0 | 0 | 0 | 0 | 0 | 0 | 76636.66102203233 | 43173.28545776308 | 33463.375564269256 | 7695793.4082245305 | 76636.66102203233 | 42618.04880448617 | 34018.612217546164 | 7824756.430833797 | 76636.66102203233 | 42069.952857270284 | 34566.70816476205 | 7952060.904729182 | 76636.66102203233 | 41528.9057819709 | 35107.75524006144 | 8077728.159930566 | 0 | 0 | 0 | 0 | 0 | 0 | 0 | 0 | 0 | 0 | 0 | 0 | 0 | 0 | 0 | 0 | 0 | 0 | 0 | 0 | 368.57912678094596 | 197.1619538669376 | 171.41717291400835 | 39445.93350608918 | 368.57912678094596 | 194.62632234717032 | 173.95280443377564 | 40034.8764425517 | 368.57912678094596 | 192.12330070510984 | 176.45582607583611 | 40616.24518813331 | 368.57912678094596 | 189.65246955642695 | 178.926657224519 | 41190.137151876486 | 0 | 0 | 0 | 0 | 0 | 0 | 0 | 0 | 0 | 0 | 0 | 0 | 0 | 0 | 0 | 0 | 399789.5502311533 | 227608.20881568306 | 172181.34141547023 | 40063249.44542872
 |  | 133 | 91768.58963590013 | 57678.92866425591 | 34089.660971644225 | 8293944.420757747 | 0 | 0 | 0 | 0 | 0 | 0 | 0 | 0 | 0 | 0 | 0 | 0 | 0 | 0 | 0 | 0 | 0 | 0 | 0 | 0 | 76636.66102203233 | 43359.96721035363 | 33276.693811678706 | 7652433.441014177 | 76636.66102203233 | 42802.3297077914 | 33834.33131424093 | 7781954.101126006 | 76636.66102203233 | 42251.86378778032 | 34384.797234252015 | 7909809.040941401 | 76636.66102203233 | 41708.47721908404 | 34928.1838029483 | 8036019.682711482 | 0 | 0 | 0 | 0 | 0 | 0 | 0 | 0 | 0 | 0 | 0 | 0 | 0 | 0 | 0 | 0 | 0 | 0 | 0 | 0 | 368.57912678094596 | 198.014484284806 | 170.56464249613995 | 39247.91902180437 | 368.57912678094596 | 195.4678886669624 | 173.11123811398355 | 39839.408553884736 | 368.57912678094596 | 192.95404393228907 | 175.6250828486569 | 40423.29114420102 | 368.57912678094596 | 190.47252888303433 | 178.10659789791163 | 40999.66462299345 | 0 | 0 | 0 | 0 | 0 | 0 | 0 | 0 | 0 | 0 | 0 | 0 | 0 | 0 | 0 | 0 | 399789.5502311533 | 228578.47553503234 | 171211.07469612086 | 39834670.969893694
 |  | 134 | 91768.58963590013 | 57914.36254831729 | 33854.22708758285 | 8236030.05820943 | 0 | 0 | 0 | 0 | 0 | 0 | 0 | 0 | 0 | 0 | 0 | 0 | 0 | 0 | 0 | 0 | 0 | 0 | 0 | 0 | 76636.66102203233 | 43547.45617685855 | 33089.20484517379 | 7608885.984837319 | 76636.66102203233 | 42987.40744371276 | 33649.25357831958 | 7738966.693682293 | 76636.66102203233 | 42434.56130311852 | 34202.099718913814 | 7867374.479638283 | 76636.66102203233 | 41888.82512503063 | 34747.83589700171 | 7994130.857586452 | 0 | 0 | 0 | 0 | 0 | 0 | 0 | 0 | 0 | 0 | 0 | 0 | 0 | 0 | 0 | 0 | 0 | 0 | 0 | 0 | 368.57912678094596 | 198.87070105340857 | 169.7084257275374 | 39049.04832075097 | 368.57912678094596 | 196.31309392861021 | 172.26603285233574 | 39643.09545995612 | 368.57912678094596 | 193.78837930215462 | 174.79074747879133 | 40229.50276489887 | 368.57912678094596 | 191.29613415502658 | 177.28299262591938 | 40808.36848883842 | 0 | 0 | 0 | 0 | 0 | 0 | 0 | 0 | 0 | 0 | 0 | 0 | 0 | 0 | 0 | 0 | 399789.5502311533 | 229552.88090547695 | 170236.6693256763 | 39605118.088988215
 |  | 135 | 91768.58963590013 | 58150.75742654149 | 33617.83220935865 | 8177879.300782889 | 0 | 0 | 0 | 0 | 0 | 0 | 0 | 0 | 0 | 0 | 0 | 0 | 0 | 0 | 0 | 0 | 0 | 0 | 0 | 0 | 76636.66102203233 | 43735.75584767951 | 32900.905174352825 | 7565150.228989639 | 76636.66102203233 | 43173.28545776308 | 33463.375564269256 | 7695793.4082245305 | 76636.66102203233 | 42618.04880448617 | 34018.612217546164 | 7824756.430833797 | 76636.66102203233 | 42069.952857270284 | 34566.70816476205 | 7952060.904729182 | 0 | 0 | 0 | 0 | 0 | 0 | 0 | 0 | 0 | 0 | 0 | 0 | 0 | 0 | 0 | 0 | 0 | 0 | 0 | 0 | 368.57912678094596 | 199.7306201125657 | 168.84850666838025 | 38849.3177006384 | 368.57912678094596 | 197.1619538669376 | 171.41717291400835 | 39445.93350608918 | 368.57912678094596 | 194.62632234717032 | 173.95280443377564 | 40034.8764425517 | 368.57912678094596 | 192.12330070510984 | 176.45582607583611 | 40616.24518813331 | 0 | 0 | 0 | 0 | 0 | 0 | 0 | 0 | 0 | 0 | 0 | 0 | 0 | 0 | 0 | 0 | 399789.5502311533 | 230531.44259077232 | 169258.10764038097 | 39374586.64639745
 |  | 136 | 91768.58963590013 | 58388.11722151504 | 33380.4724143851 | 8119491.183561374 | 0 | 0 | 0 | 0 | 0 | 0 | 0 | 0 | 0 | 0 | 0 | 0 | 0 | 0 | 0 | 0 | 0 | 0 | 0 | 0 | 76636.66102203233 | 43924.86972831073 | 32711.7912937216 | 7521225.359261328 | 76636.66102203233 | 43359.96721035363 | 33276.693811678706 | 7652433.441014177 | 76636.66102203233 | 42802.3297077914 | 33834.33131424093 | 7781954.101126006 | 76636.66102203233 | 42251.86378778032 | 34384.797234252015 | 7909809.040941401 | 0 | 0 | 0 | 0 | 0 | 0 | 0 | 0 | 0 | 0 | 0 | 0 | 0 | 0 | 0 | 0 | 0 | 0 | 0 | 0 | 368.57912678094596 | 200.59425747102176 | 167.9848693099242 | 38648.72344316738 | 368.57912678094596 | 198.014484284806 | 170.56464249613995 | 39247.91902180437 | 368.57912678094596 | 195.4678886669624 | 173.11123811398355 | 39839.408553884736 | 368.57912678094596 | 192.95404393228907 | 175.6250828486569 | 40423.29114420102 | 0 | 0 | 0 | 0 | 0 | 0 | 0 | 0 | 0 | 0 | 0 | 0 | 0 | 0 | 0 | 0 | 399789.5502311533 | 231514.1783301062 | 168275.37190104704 | 39143072.46806735
 |  | 137 | 91768.58963590013 | 58626.44587183568 | 33142.14376406446 | 8060864.737689539 | 0 | 0 | 0 | 0 | 0 | 0 | 0 | 0 | 0 | 0 | 0 | 0 | 0 | 0 | 0 | 0 | 0 | 0 | 0 | 0 | 76636.66102203233 | 44114.80133940424 | 32521.859682628092 | 7477110.557921924 | 76636.66102203233 | 43547.45617685855 | 33089.20484517379 | 7608885.984837319 | 76636.66102203233 | 42987.40744371276 | 33649.25357831958 | 7738966.693682293 | 76636.66102203233 | 42434.56130311852 | 34202.099718913814 | 7867374.479638283 | 0 | 0 | 0 | 0 | 0 | 0 | 0 | 0 | 0 | 0 | 0 | 0 | 0 | 0 | 0 | 0 | 0 | 0 | 0 | 0 | 368.57912678094596 | 201.46162920674305 | 167.1174975742029 | 38447.261813960635 | 368.57912678094596 | 198.87070105340857 | 169.7084257275374 | 39049.04832075097 | 368.57912678094596 | 196.31309392861021 | 172.26603285233574 | 39643.09545995612 | 368.57912678094596 | 193.78837930215462 | 174.79074747879133 | 40229.50276489887 | 0 | 0 | 0 | 0 | 0 | 0 | 0 | 0 | 0 | 0 | 0 | 0 | 0 | 0 | 0 | 0 | 399789.5502311533 | 232501.1059384207 | 167288.44429273257 | 38910571.36212892
 |  | 138 | 91768.58963590013 | 58865.74733217771 | 32902.84230372243 | 8001998.990357361 | 0 | 0 | 0 | 0 | 0 | 0 | 0 | 0 | 0 | 0 | 0 | 0 | 0 | 0 | 0 | 0 | 0 | 0 | 0 | 0 | 76636.66102203233 | 44305.55421683538 | 32331.106805196956 | 7432805.003705088 | 76636.66102203233 | 43735.75584767951 | 32900.905174352825 | 7565150.228989639 | 76636.66102203233 | 43173.28545776308 | 33463.375564269256 | 7695793.4082245305 | 76636.66102203233 | 42618.04880448617 | 34018.612217546164 | 7824756.430833797 | 0 | 0 | 0 | 0 | 0 | 0 | 0 | 0 | 0 | 0 | 0 | 0 | 0 | 0 | 0 | 0 | 0 | 0 | 0 | 0 | 368.57912678094596 | 202.33275146721724 | 166.24637531372872 | 38244.929062493415 | 368.57912678094596 | 199.7306201125657 | 168.84850666838025 | 38849.3177006384 | 368.57912678094596 | 197.1619538669376 | 171.41717291400835 | 39445.93350608918 | 368.57912678094596 | 194.62632234717032 | 173.95280443377564 | 40034.8764425517 | 0 | 0 | 0 | 0 | 0 | 0 | 0 | 0 | 0 | 0 | 0 | 0 | 0 | 0 | 0 | 0 | 399789.5502311533 | 233492.24330673576 | 166297.30692441753 | 38677079.11882219
 |  | 139 | 91768.58963590013 | 59106.02557335765 | 32662.564062542486 | 7942892.964784003 | 0 | 0 | 0 | 0 | 0 | 0 | 0 | 0 | 0 | 0 | 0 | 0 | 0 | 0 | 0 | 0 | 0 | 0 | 0 | 0 | 76636.66102203233 | 44497.13191176866 | 32139.529110263677 | 7388307.8717933195 | 76636.66102203233 | 43924.86972831073 | 32711.7912937216 | 7521225.359261328 | 76636.66102203233 | 43359.96721035363 | 33276.693811678706 | 7652433.441014177 | 76636.66102203233 | 42802.3297077914 | 33834.33131424093 | 7781954.101126006 | 0 | 0 | 0 | 0 | 0 | 0 | 0 | 0 | 0 | 0 | 0 | 0 | 0 | 0 | 0 | 0 | 0 | 0 | 0 | 0 | 368.57912678094596 | 203.2076404697538 | 165.37148631119214 | 38041.721422023664 | 368.57912678094596 | 200.59425747102176 | 167.9848693099242 | 38648.72344316738 | 368.57912678094596 | 198.014484284806 | 170.56464249613995 | 39247.91902180437 | 368.57912678094596 | 195.4678886669624 | 173.11123811398355 | 39839.408553884736 | 0 | 0 | 0 | 0 | 0 | 0 | 0 | 0 | 0 | 0 | 0 | 0 | 0 | 0 | 0 | 0 | 399789.5502311533 | 234487.60840247458 | 165301.94182867865 | 38442591.51041972
 |  | 140 | 91768.58963590013 | 59347.28458240007 | 32421.305053500066 | 7883545.680201603 | 0 | 0 | 0 | 0 | 0 | 0 | 0 | 0 | 0 | 0 | 0 | 0 | 0 | 0 | 0 | 0 | 0 | 0 | 0 | 0 | 76636.66102203233 | 44689.53799072387 | 31947.12303130847 | 7343618.333802596 | 76636.66102203233 | 44114.80133940424 | 32521.859682628092 | 7477110.557921924 | 76636.66102203233 | 43547.45617685855 | 33089.20484517379 | 7608885.984837319 | 76636.66102203233 | 42987.40744371276 | 33649.25357831958 | 7738966.693682293 | 0 | 0 | 0 | 0 | 0 | 0 | 0 | 0 | 0 | 0 | 0 | 0 | 0 | 0 | 0 | 0 | 0 | 0 | 0 | 0 | 368.57912678094596 | 204.08631250178613 | 164.49281427915983 | 37837.63510952188 | 368.57912678094596 | 201.46162920674305 | 167.1174975742029 | 38447.261813960635 | 368.57912678094596 | 198.87070105340857 | 169.7084257275374 | 39049.04832075097 | 368.57912678094596 | 196.31309392861021 | 172.26603285233574 | 39643.09545995612 | 0 | 0 | 0 | 0 | 0 | 0 | 0 | 0 | 0 | 0 | 0 | 0 | 0 | 0 | 0 | 0 | 399789.5502311533 | 235487.21926979005 | 164302.3309613632 | 38207104.29114992
 |  | 141 | 91768.58963590013 | 59589.5283626038 | 32179.06127329634 | 7823956.151838999 | 0 | 0 | 0 | 0 | 0 | 0 | 0 | 0 | 0 | 0 | 0 | 0 | 0 | 0 | 0 | 0 | 0 | 0 | 0 | 0 | 76636.66102203233 | 44882.776035642455 | 31753.88498638988 | 7298735.5577669535 | 76636.66102203233 | 44305.55421683538 | 32331.106805196956 | 7432805.003705088 | 76636.66102203233 | 43735.75584767951 | 32900.905174352825 | 7565150.228989639 | 76636.66102203233 | 43173.28545776308 | 33463.375564269256 | 7695793.4082245305 | 0 | 0 | 0 | 0 | 0 | 0 | 0 | 0 | 0 | 0 | 0 | 0 | 0 | 0 | 0 | 0 | 0 | 0 | 0 | 0 | 368.57912678094596 | 204.96878392117463 | 163.61034285977132 | 37632.6663256007 | 368.57912678094596 | 202.33275146721724 | 166.24637531372872 | 38244.929062493415 | 368.57912678094596 | 199.7306201125657 | 168.84850666838025 | 38849.3177006384 | 368.57912678094596 | 197.1619538669376 | 171.41717291400835 | 39445.93350608918 | 0 | 0 | 0 | 0 | 0 | 0 | 0 | 0 | 0 | 0 | 0 | 0 | 0 | 0 | 0 | 0 | 399789.5502311533 | 236491.09402989212 | 163298.45620126114 | 37970613.197120026
 |  | 142 | 91768.58963590013 | 59832.760933608326 | 31935.828702291812 | 7764123.3909053905 | 0 | 0 | 0 | 0 | 0 | 0 | 0 | 0 | 0 | 0 | 0 | 0 | 0 | 0 | 0 | 0 | 0 | 0 | 0 | 0 | 76636.66102203233 | 45076.84964395424 | 31559.81137807809 | 7253658.708122999 | 76636.66102203233 | 44497.13191176866 | 32139.529110263677 | 7388307.8717933195 | 76636.66102203233 | 43924.86972831073 | 32711.7912937216 | 7521225.359261328 | 76636.66102203233 | 43359.96721035363 | 33276.693811678706 | 7652433.441014177 | 0 | 0 | 0 | 0 | 0 | 0 | 0 | 0 | 0 | 0 | 0 | 0 | 0 | 0 | 0 | 0 | 0 | 0 | 0 | 0 | 368.57912678094596 | 205.85507115651126 | 162.7240556244347 | 37426.81125444419 | 368.57912678094596 | 203.2076404697538 | 165.37148631119214 | 38041.721422023664 | 368.57912678094596 | 200.59425747102176 | 167.9848693099242 | 38648.72344316738 | 368.57912678094596 | 198.014484284806 | 170.56464249613995 | 39247.91902180437 | 0 | 0 | 0 | 0 | 0 | 0 | 0 | 0 | 0 | 0 | 0 | 0 | 0 | 0 | 0 | 0 | 399789.5502311533 | 237499.2508813777 | 162290.2993497756 | 37733113.94623865
 |  | 143 | 91768.58963590013 | 60076.9863314605 | 31691.60330443963 | 7704046.40457393 | 0 | 0 | 0 | 0 | 0 | 0 | 0 | 0 | 0 | 0 | 0 | 0 | 0 | 0 | 0 | 0 | 0 | 0 | 0 | 0 | 76636.66102203233 | 45271.76242864437 | 31364.898593387967 | 7208386.945694355 | 76636.66102203233 | 44689.53799072387 | 31947.12303130847 | 7343618.333802596 | 76636.66102203233 | 44114.80133940424 | 32521.859682628092 | 7477110.557921924 | 76636.66102203233 | 43547.45617685855 | 33089.20484517379 | 7608885.984837319 | 0 | 0 | 0 | 0 | 0 | 0 | 0 | 0 | 0 | 0 | 0 | 0 | 0 | 0 | 0 | 0 | 0 | 0 | 0 | 0 | 368.57912678094596 | 206.74519070742537 | 161.8339360735206 | 37220.06606373676 | 368.57912678094596 | 204.08631250178613 | 164.49281427915983 | 37837.63510952188 | 368.57912678094596 | 201.46162920674305 | 167.1174975742029 | 38447.261813960635 | 368.57912678094596 | 198.87070105340857 | 169.7084257275374 | 39049.04832075097 | 0 | 0 | 0 | 0 | 0 | 0 | 0 | 0 | 0 | 0 | 0 | 0 | 0 | 0 | 0 | 0 | 399789.5502311533 | 238511.70810056088 | 161277.84213059235 | 37494602.238138095
 |  | 144 | 91768.58963590013 | 60322.20860868153 | 31446.381027218602 | 7643724.195965249 | 0 | 0 | 0 | 0 | 0 | 0 | 0 | 0 | 0 | 0 | 0 | 0 | 0 | 0 | 0 | 0 | 0 | 0 | 0 | 0 | 76636.66102203233 | 45467.51801832055 | 31169.143003711786 | 7162919.427676035 | 76636.66102203233 | 44882.776035642455 | 31753.88498638988 | 7298735.5577669535 | 76636.66102203233 | 44305.55421683538 | 32331.106805196956 | 7432805.003705088 | 76636.66102203233 | 43735.75584767951 | 32900.905174352825 | 7565150.228989639 | 0 | 0 | 0 | 0 | 0 | 0 | 0 | 0 | 0 | 0 | 0 | 0 | 0 | 0 | 0 | 0 | 0 | 0 | 0 | 0 | 368.57912678094596 | 207.63915914489093 | 160.93996763605503 | 37012.42690459187 | 368.57912678094596 | 204.96878392117463 | 163.61034285977132 | 37632.6663256007 | 368.57912678094596 | 202.33275146721724 | 166.24637531372872 | 38244.929062493415 | 368.57912678094596 | 199.7306201125657 | 168.84850666838025 | 38849.3177006384 | 0 | 0 | 0 | 0 | 0 | 0 | 0 | 0 | 0 | 0 | 0 | 0 | 0 | 0 | 0 | 0 | 399789.5502311533 | 239528.4840418053 | 160261.06618934797 | 37255073.754096285
 |  | 145 | 91768.58963590013 | 60568.43183433419 | 31200.157801565943 | 7583155.764130915 | 0 | 0 | 0 | 0 | 0 | 0 | 0 | 0 | 0 | 0 | 0 | 0 | 0 | 0 | 0 | 0 | 0 | 0 | 0 | 0 | 76636.66102203233 | 45664.12005728064 | 30972.54096475169 | 7117255.307618754 | 76636.66102203233 | 45076.84964395424 | 31559.81137807809 | 7253658.708122999 | 76636.66102203233 | 44497.13191176866 | 32139.529110263677 | 7388307.8717933195 | 76636.66102203233 | 43924.86972831073 | 32711.7912937216 | 7521225.359261328 | 0 | 0 | 0 | 0 | 0 | 0 | 0 | 0 | 0 | 0 | 0 | 0 | 0 | 0 | 0 | 0 | 0 | 0 | 0 | 0 | 368.57912678094596 | 208.5369931115349 | 160.04213366941104 | 36803.889911480335 | 368.57912678094596 | 205.85507115651126 | 162.7240556244347 | 37426.81125444419 | 368.57912678094596 | 203.2076404697538 | 165.37148631119214 | 38041.721422023664 | 368.57912678094596 | 200.59425747102176 | 167.9848693099242 | 38648.72344316738 | 0 | 0 | 0 | 0 | 0 | 0 | 0 | 0 | 0 | 0 | 0 | 0 | 0 | 0 | 0 | 0 | 399789.5502311533 | 240549.59713785732 | 159239.95309329595 | 37014524.15695842
 |  | 146 | 91768.58963590013 | 60815.66009409036 | 30952.92954180977 | 7522340.104036824 | 0 | 0 | 0 | 0 | 0 | 0 | 0 | 0 | 0 | 0 | 0 | 0 | 0 | 0 | 0 | 0 | 0 | 0 | 0 | 0 | 76636.66102203233 | 45861.57220558051 | 30775.088816451822 | 7071393.735413173 | 76636.66102203233 | 45271.76242864437 | 31364.898593387967 | 7208386.945694355 | 76636.66102203233 | 44689.53799072387 | 31947.12303130847 | 7343618.333802596 | 76636.66102203233 | 44114.80133940424 | 32521.859682628092 | 7477110.557921924 | 0 | 0 | 0 | 0 | 0 | 0 | 0 | 0 | 0 | 0 | 0 | 0 | 0 | 0 | 0 | 0 | 0 | 0 | 0 | 0 | 368.57912678094596 | 209.43870932194727 | 159.14041745899868 | 36594.45120215839 | 368.57912678094596 | 206.74519070742537 | 161.8339360735206 | 37220.06606373676 | 368.57912678094596 | 204.08631250178613 | 164.49281427915983 | 37837.63510952188 | 368.57912678094596 | 201.46162920674305 | 167.1174975742029 | 38447.261813960635 | 0 | 0 | 0 | 0 | 0 | 0 | 0 | 0 | 0 | 0 | 0 | 0 | 0 | 0 | 0 | 0 | 399789.5502311533 | 241575.06590018127 | 158214.484330972 | 36772949.091058254
 |  | 147 | 91768.58963590013 | 61063.89749029883 | 30704.69214560131 | 7461276.2065465255 | 0 | 0 | 0 | 0 | 0 | 0 | 0 | 0 | 0 | 0 | 0 | 0 | 0 | 0 | 0 | 0 | 0 | 0 | 0 | 0 | 76636.66102203233 | 46059.878139102104 | 30576.782882930227 | 7025333.857274071 | 76636.66102203233 | 45467.51801832055 | 31169.143003711786 | 7162919.427676035 | 76636.66102203233 | 44882.776035642455 | 31753.88498638988 | 7298735.5577669535 | 76636.66102203233 | 44305.55421683538 | 32331.106805196956 | 7432805.003705088 | 0 | 0 | 0 | 0 | 0 | 0 | 0 | 0 | 0 | 0 | 0 | 0 | 0 | 0 | 0 | 0 | 0 | 0 | 0 | 0 | 368.57912678094596 | 210.344324562992 | 158.23480221795396 | 36384.1068775954 | 368.57912678094596 | 207.63915914489093 | 160.93996763605503 | 37012.42690459187 | 368.57912678094596 | 204.96878392117463 | 163.61034285977132 | 37632.6663256007 | 368.57912678094596 | 202.33275146721724 | 166.24637531372872 | 38244.929062493415 | 0 | 0 | 0 | 0 | 0 | 0 | 0 | 0 | 0 | 0 | 0 | 0 | 0 | 0 | 0 | 0 | 399789.5502311533 | 242604.9089192956 | 157184.64131185767 | 36530344.18213894
 |  | 148 | 91768.58963590013 | 61313.148142053324 | 30455.441493846814 | 7399963.058404472 | 0 | 0 | 0 | 0 | 0 | 0 | 0 | 0 | 0 | 0 | 0 | 0 | 0 | 0 | 0 | 0 | 0 | 0 | 0 | 0 | 76636.66102203233 | 46259.04154962195 | 30377.619472410384 | 6979074.815724449 | 76636.66102203233 | 45664.12005728064 | 30972.54096475169 | 7117255.307618754 | 76636.66102203233 | 45076.84964395424 | 31559.81137807809 | 7253658.708122999 | 76636.66102203233 | 44497.13191176866 | 32139.529110263677 | 7388307.8717933195 | 0 | 0 | 0 | 0 | 0 | 0 | 0 | 0 | 0 | 0 | 0 | 0 | 0 | 0 | 0 | 0 | 0 | 0 | 0 | 0 | 368.57912678094596 | 211.25385569411964 | 157.32527108682632 | 36172.853021901275 | 368.57912678094596 | 208.5369931115349 | 160.04213366941104 | 36803.889911480335 | 368.57912678094596 | 205.85507115651126 | 162.7240556244347 | 37426.81125444419 | 368.57912678094596 | 203.2076404697538 | 165.37148631119214 | 38041.721422023664 | 0 | 0 | 0 | 0 | 0 | 0 | 0 | 0 | 0 | 0 | 0 | 0 | 0 | 0 | 0 | 0 | 399789.5502311533 | 243639.14486511075 | 156150.4053660425 | 36286705.03727385
 |  | 149 | 91768.58963590013 | 61563.416185260925 | 30205.173450639206 | 7338399.642219211 | 0 | 0 | 0 | 0 | 0 | 0 | 0 | 0 | 0 | 0 | 0 | 0 | 0 | 0 | 0 | 0 | 0 | 0 | 0 | 0 | 76636.66102203233 | 46459.06614487985 | 30177.59487715249 | 6932615.749579569 | 76636.66102203233 | 45861.57220558051 | 30775.088816451822 | 7071393.735413173 | 76636.66102203233 | 45271.76242864437 | 31364.898593387967 | 7208386.945694355 | 76636.66102203233 | 44689.53799072387 | 31947.12303130847 | 7343618.333802596 | 0 | 0 | 0 | 0 | 0 | 0 | 0 | 0 | 0 | 0 | 0 | 0 | 0 | 0 | 0 | 0 | 0 | 0 | 0 | 0 | 368.57912678094596 | 212.1673196476812 | 156.41180713326474 | 35960.68570225359 | 368.57912678094596 | 209.43870932194727 | 159.14041745899868 | 36594.45120215839 | 368.57912678094596 | 206.74519070742537 | 161.8339360735206 | 37220.06606373676 | 368.57912678094596 | 204.08631250178613 | 164.49281427915983 | 37837.63510952188 | 0 | 0 | 0 | 0 | 0 | 0 | 0 | 0 | 0 | 0 | 0 | 0 | 0 | 0 | 0 | 0 | 399789.5502311533 | 244677.79248726834 | 155111.7577438849 | 36042027.24478658
 |  | 150 | 91768.58963590013 | 61814.70577271066 | 29953.88386318948 | 7276584.9364465 | 0 | 0 | 0 | 0 | 0 | 0 | 0 | 0 | 0 | 0 | 0 | 0 | 0 | 0 | 0 | 0 | 0 | 0 | 0 | 0 | 76636.66102203233 | 46659.9556486479 | 29976.705373384433 | 6885955.793930922 | 76636.66102203233 | 46059.878139102104 | 30576.782882930227 | 7025333.857274071 | 76636.66102203233 | 45467.51801832055 | 31169.143003711786 | 7162919.427676035 | 76636.66102203233 | 44882.776035642455 | 31753.88498638988 | 7298735.5577669535 | 0 | 0 | 0 | 0 | 0 | 0 | 0 | 0 | 0 | 0 | 0 | 0 | 0 | 0 | 0 | 0 | 0 | 0 | 0 | 0 | 368.57912678094596 | 213.08473342924339 | 155.49439335170257 | 35747.60096882435 | 368.57912678094596 | 210.344324562992 | 158.23480221795396 | 36384.1068775954 | 368.57912678094596 | 207.63915914489093 | 160.93996763605503 | 37012.42690459187 | 368.57912678094596 | 204.96878392117463 | 163.61034285977132 | 37632.6663256007 | 0 | 0 | 0 | 0 | 0 | 0 | 0 | 0 | 0 | 0 | 0 | 0 | 0 | 0 | 0 | 0 | 399789.5502311533 | 245720.87061548198 | 154068.67961567128 | 35796306.374171086
 |  | 151 | 91768.58963590013 | 62067.02107414238 | 29701.56856175775 | 7214517.915372358 | 0 | 0 | 0 | 0 | 0 | 0 | 0 | 0 | 0 | 0 | 0 | 0 | 0 | 0 | 0 | 0 | 0 | 0 | 0 | 0 | 76636.66102203233 | 46861.71380079986 | 29774.94722123248 | 6839094.080130122 | 76636.66102203233 | 46259.04154962195 | 30377.619472410384 | 6979074.815724449 | 76636.66102203233 | 45664.12005728064 | 30972.54096475169 | 7117255.307618754 | 76636.66102203233 | 45076.84964395424 | 31559.81137807809 | 7253658.708122999 | 0 | 0 | 0 | 0 | 0 | 0 | 0 | 0 | 0 | 0 | 0 | 0 | 0 | 0 | 0 | 0 | 0 | 0 | 0 | 0 | 368.57912678094596 | 214.00611411790507 | 154.57301266304088 | 35533.59485470645 | 368.57912678094596 | 211.25385569411964 | 157.32527108682632 | 36172.853021901275 | 368.57912678094596 | 208.5369931115349 | 160.04213366941104 | 36803.889911480335 | 368.57912678094596 | 205.85507115651126 | 162.7240556244347 | 37426.81125444419 | 0 | 0 | 0 | 0 | 0 | 0 | 0 | 0 | 0 | 0 | 0 | 0 | 0 | 0 | 0 | 0 | 399789.5502311533 | 246768.39815987917 | 153021.1520712741 | 35549537.97601121
 |  | 152 | 91768.58963590013 | 62320.366276316025 | 29448.223359584113 | 7152197.549096041 | 0 | 0 | 0 | 0 | 0 | 0 | 0 | 0 | 0 | 0 | 0 | 0 | 0 | 0 | 0 | 0 | 0 | 0 | 0 | 0 | 76636.66102203233 | 47064.3443573807 | 29572.316664651637 | 6792029.735772741 | 76636.66102203233 | 46459.06614487985 | 30177.59487715249 | 6932615.749579569 | 76636.66102203233 | 45861.57220558051 | 30775.088816451822 | 7071393.735413173 | 76636.66102203233 | 45271.76242864437 | 31364.898593387967 | 7208386.945694355 | 0 | 0 | 0 | 0 | 0 | 0 | 0 | 0 | 0 | 0 | 0 | 0 | 0 | 0 | 0 | 0 | 0 | 0 | 0 | 0 | 368.57912678094596 | 214.93147886661544 | 153.64764791433052 | 35318.66337583983 | 368.57912678094596 | 212.1673196476812 | 156.41180713326474 | 35960.68570225359 | 368.57912678094596 | 209.43870932194727 | 159.14041745899868 | 36594.45120215839 | 368.57912678094596 | 206.74519070742537 | 161.8339360735206 | 37220.06606373676 | 0 | 0 | 0 | 0 | 0 | 0 | 0 | 0 | 0 | 0 | 0 | 0 | 0 | 0 | 0 | 0 | 399789.5502311533 | 247820.39411134511 | 151969.15611980815 | 35301717.58189988
 |  | 153 | 91768.58963590013 | 62574.74558308102 | 29193.844052819117 | 7089622.803512961 | 0 | 0 | 0 | 0 | 0 | 0 | 0 | 0 | 0 | 0 | 0 | 0 | 0 | 0 | 0 | 0 | 0 | 0 | 0 | 0 | 76636.66102203233 | 47267.85109067661 | 29368.809931355725 | 6744761.884682065 | 76636.66102203233 | 46659.9556486479 | 29976.705373384433 | 6885955.793930922 | 76636.66102203233 | 46059.878139102104 | 30576.782882930227 | 7025333.857274071 | 76636.66102203233 | 45467.51801832055 | 31169.143003711786 | 7162919.427676035 | 0 | 0 | 0 | 0 | 0 | 0 | 0 | 0 | 0 | 0 | 0 | 0 | 0 | 0 | 0 | 0 | 0 | 0 | 0 | 0 | 368.57912678094596 | 215.86084490249317 | 152.71828187845279 | 35102.80253093734 | 368.57912678094596 | 213.08473342924339 | 155.49439335170257 | 35747.60096882435 | 368.57912678094596 | 210.344324562992 | 158.23480221795396 | 36384.1068775954 | 368.57912678094596 | 207.63915914489093 | 160.93996763605503 | 37012.42690459187 | 0 | 0 | 0 | 0 | 0 | 0 | 0 | 0 | 0 | 0 | 0 | 0 | 0 | 0 | 0 | 0 | 399789.5502311533 | 248876.87754186778 | 150912.67268928545 | 35052840.704358
 |  | 154 | 91768.58963590013 | 62830.163215446075 | 28938.42642045406 | 7026792.640297514 | 0 | 0 | 0 | 0 | 0 | 0 | 0 | 0 | 0 | 0 | 0 | 0 | 0 | 0 | 0 | 0 | 0 | 0 | 0 | 0 | 76636.66102203233 | 47472.23778928516 | 29164.423232747176 | 6697289.6468927795 | 76636.66102203233 | 46861.71380079986 | 29774.94722123248 | 6839094.080130122 | 76636.66102203233 | 46259.04154962195 | 30377.619472410384 | 6979074.815724449 | 76636.66102203233 | 45664.12005728064 | 30972.54096475169 | 7117255.307618754 | 0 | 0 | 0 | 0 | 0 | 0 | 0 | 0 | 0 | 0 | 0 | 0 | 0 | 0 | 0 | 0 | 0 | 0 | 0 | 0 | 368.57912678094596 | 216.7942295271472 | 151.78489725379876 | 34886.00830141019 | 368.57912678094596 | 214.00611411790507 | 154.57301266304088 | 35533.59485470645 | 368.57912678094596 | 211.25385569411964 | 157.32527108682632 | 36172.853021901275 | 368.57912678094596 | 208.5369931115349 | 160.04213366941104 | 36803.889911480335 | 0 | 0 | 0 | 0 | 0 | 0 | 0 | 0 | 0 | 0 | 0 | 0 | 0 | 0 | 0 | 0 | 399789.5502311533 | 249937.86760488444 | 149851.68262626886 | 34802902.836753115
 |  | 155 | 91768.58963590013 | 63086.623411649234 | 28681.9662242509 | 6963706.0168858655 | 0 | 0 | 0 | 0 | 0 | 0 | 0 | 0 | 0 | 0 | 0 | 0 | 0 | 0 | 0 | 0 | 0 | 0 | 0 | 0 | 76636.66102203233 | 47677.50825818587 | 28959.152763846465 | 6649612.138634593 | 76636.66102203233 | 47064.3443573807 | 29572.316664651637 | 6792029.735772741 | 76636.66102203233 | 46459.06614487985 | 30177.59487715249 | 6932615.749579569 | 76636.66102203233 | 45861.57220558051 | 30775.088816451822 | 7071393.735413173 | 0 | 0 | 0 | 0 | 0 | 0 | 0 | 0 | 0 | 0 | 0 | 0 | 0 | 0 | 0 | 0 | 0 | 0 | 0 | 0 | 368.57912678094596 | 217.73165011699876 | 150.8474766639472 | 34668.27665129319 | 368.57912678094596 | 214.93147886661544 | 153.64764791433052 | 35318.66337583983 | 368.57912678094596 | 212.1673196476812 | 156.41180713326474 | 35960.68570225359 | 368.57912678094596 | 209.43870932194727 | 159.14041745899868 | 36594.45120215839 | 0 | 0 | 0 | 0 | 0 | 0 | 0 | 0 | 0 | 0 | 0 | 0 | 0 | 0 | 0 | 0 | 399789.5502311533 | 251003.3835356294 | 148786.16669552383 | 34551899.45321749
 |  | 156 | 91768.58963590013 | 63344.130427228156 | 28424.45920867198 | 6900361.886458637 | 0 | 0 | 0 | 0 | 0 | 0 | 0 | 0 | 0 | 0 | 0 | 0 | 0 | 0 | 0 | 0 | 0 | 0 | 0 | 0 | 76636.66102203233 | 47883.666318811025 | 28752.994703221306 | 6601728.472315782 | 76636.66102203233 | 47267.85109067661 | 29368.809931355725 | 6744761.884682065 | 76636.66102203233 | 46659.9556486479 | 29976.705373384433 | 6885955.793930922 | 76636.66102203233 | 46059.878139102104 | 30576.782882930227 | 7025333.857274071 | 0 | 0 | 0 | 0 | 0 | 0 | 0 | 0 | 0 | 0 | 0 | 0 | 0 | 0 | 0 | 0 | 0 | 0 | 0 | 0 | 368.57912678094596 | 218.673124123605 | 149.90600265734096 | 34449.60352716959 | 368.57912678094596 | 215.86084490249317 | 152.71828187845279 | 35102.80253093734 | 368.57912678094596 | 213.08473342924339 | 155.49439335170257 | 35747.60096882435 | 368.57912678094596 | 210.344324562992 | 158.23480221795396 | 36384.1068775954 | 0 | 0 | 0 | 0 | 0 | 0 | 0 | 0 | 0 | 0 | 0 | 0 | 0 | 0 | 0 | 0 | 399789.5502311533 | 252073.44465148414 | 147716.1055796691 | 34299826.008566
 |  | 157 | 91768.58963590013 | 63602.688535090776 | 28165.90110080936 | 6836759.197923547 | 0 | 0 | 0 | 0 | 0 | 0 | 0 | 0 | 0 | 0 | 0 | 0 | 0 | 0 | 0 | 0 | 0 | 0 | 0 | 0 | 76636.66102203233 | 48090.71580911684 | 28545.9452129155 | 6553637.756506665 | 76636.66102203233 | 47472.23778928516 | 29164.423232747176 | 6697289.6468927795 | 76636.66102203233 | 46861.71380079986 | 29774.94722123248 | 6839094.080130122 | 76636.66102203233 | 46259.04154962195 | 30377.619472410384 | 6979074.815724449 | 0 | 0 | 0 | 0 | 0 | 0 | 0 | 0 | 0 | 0 | 0 | 0 | 0 | 0 | 0 | 0 | 0 | 0 | 0 | 0 | 368.57912678094596 | 219.6186690739837 | 148.96045770696225 | 34229.9848580956 | 368.57912678094596 | 216.7942295271472 | 151.78489725379876 | 34886.00830141019 | 368.57912678094596 | 214.00611411790507 | 154.57301266304088 | 35533.59485470645 | 368.57912678094596 | 211.25385569411964 | 157.32527108682632 | 36172.853021901275 | 0 | 0 | 0 | 0 | 0 | 0 | 0 | 0 | 0 | 0 | 0 | 0 | 0 | 0 | 0 | 0 | 399789.5502311533 | 253148.07035232772 | 146641.4798788255 | 34046677.938213676
 |  | 158 | 91768.58963590013 | 63862.30202558618 | 27906.28761031396 | 6772896.89589796 | 0 | 0 | 0 | 0 | 0 | 0 | 0 | 0 | 0 | 0 | 0 | 0 | 0 | 0 | 0 | 0 | 0 | 0 | 0 | 0 | 76636.66102203233 | 48298.660583654855 | 28338.000438377476 | 6505339.09592301 | 76636.66102203233 | 47677.50825818587 | 28959.152763846465 | 6649612.138634593 | 76636.66102203233 | 47064.3443573807 | 29572.316664651637 | 6792029.735772741 | 76636.66102203233 | 46459.06614487985 | 30177.59487715249 | 6932615.749579569 | 0 | 0 | 0 | 0 | 0 | 0 | 0 | 0 | 0 | 0 | 0 | 0 | 0 | 0 | 0 | 0 | 0 | 0 | 0 | 0 | 368.57912678094596 | 220.56830257093972 | 148.01082421000623 | 34009.416555524665 | 368.57912678094596 | 217.73165011699876 | 150.8474766639472 | 34668.27665129319 | 368.57912678094596 | 214.93147886661544 | 153.64764791433052 | 35318.66337583983 | 368.57912678094596 | 212.1673196476812 | 156.41180713326474 | 35960.68570225359 | 0 | 0 | 0 | 0 | 0 | 0 | 0 | 0 | 0 | 0 | 0 | 0 | 0 | 0 | 0 | 0 | 399789.5502311533 | 254227.28012088966 | 145562.27011026358 | 33792450.65809279
 |  | 159 | 91768.58963590013 | 64122.97520657579 | 27645.614429324345 | 6708773.920691385 | 0 | 0 | 0 | 0 | 0 | 0 | 0 | 0 | 0 | 0 | 0 | 0 | 0 | 0 | 0 | 0 | 0 | 0 | 0 | 0 | 76636.66102203233 | 48507.504513643784 | 28129.156508388554 | 6456831.591409367 | 76636.66102203233 | 47883.666318811025 | 28752.994703221306 | 6601728.472315782 | 76636.66102203233 | 47267.85109067661 | 29368.809931355725 | 6744761.884682065 | 76636.66102203233 | 46659.9556486479 | 29976.705373384433 | 6885955.793930922 | 0 | 0 | 0 | 0 | 0 | 0 | 0 | 0 | 0 | 0 | 0 | 0 | 0 | 0 | 0 | 0 | 0 | 0 | 0 | 0 | 368.57912678094596 | 221.52204229339262 | 147.05708448755334 | 33787.89451323127 | 368.57912678094596 | 218.673124123605 | 149.90600265734096 | 34449.60352716959 | 368.57912678094596 | 215.86084490249317 | 152.71828187845279 | 35102.80253093734 | 368.57912678094596 | 213.08473342924339 | 155.49439335170257 | 35747.60096882435 | 0 | 0 | 0 | 0 | 0 | 0 | 0 | 0 | 0 | 0 | 0 | 0 | 0 | 0 | 0 | 0 | 399789.5502311533 | 255311.09352310383 | 144478.4567080494 | 33537139.56456968
 |  | 160 | 91768.58963590013 | 64384.71240350489 | 27383.877232395247 | 6644389.20828788 | 0 | 0 | 0 | 0 | 0 | 0 | 0 | 0 | 0 | 0 | 0 | 0 | 0 | 0 | 0 | 0 | 0 | 0 | 0 | 0 | 76636.66102203233 | 48717.25148704149 | 27919.409534990842 | 6408114.339922325 | 76636.66102203233 | 48090.71580911684 | 28545.9452129155 | 6553637.756506665 | 76636.66102203233 | 47472.23778928516 | 29164.423232747176 | 6697289.6468927795 | 76636.66102203233 | 46861.71380079986 | 29774.94722123248 | 6839094.080130122 | 0 | 0 | 0 | 0 | 0 | 0 | 0 | 0 | 0 | 0 | 0 | 0 | 0 | 0 | 0 | 0 | 0 | 0 | 0 | 0 | 368.57912678094596 | 222.47990599670575 | 146.0992207842402 | 33565.41460723457 | 368.57912678094596 | 219.6186690739837 | 148.96045770696225 | 34229.9848580956 | 368.57912678094596 | 216.7942295271472 | 151.78489725379876 | 34886.00830141019 | 368.57912678094596 | 214.00611411790507 | 154.57301266304088 | 35533.59485470645 | 0 | 0 | 0 | 0 | 0 | 0 | 0 | 0 | 0 | 0 | 0 | 0 | 0 | 0 | 0 | 0 | 399789.5502311533 | 256399.53020846398 | 143390.0200226893 | 33280740.034361217
 |  | 161 | 91768.58963590013 | 64647.51795947434 | 27121.071676425796 | 6579741.690328405 | 0 | 0 | 0 | 0 | 0 | 0 | 0 | 0 | 0 | 0 | 0 | 0 | 0 | 0 | 0 | 0 | 0 | 0 | 0 | 0 | 76636.66102203233 | 48927.905408617444 | 27708.755613414894 | 6359186.434513708 | 76636.66102203233 | 48298.660583654855 | 28338.000438377476 | 6505339.09592301 | 76636.66102203233 | 47677.50825818587 | 28959.152763846465 | 6649612.138634593 | 76636.66102203233 | 47064.3443573807 | 29572.316664651637 | 6792029.735772741 | 0 | 0 | 0 | 0 | 0 | 0 | 0 | 0 | 0 | 0 | 0 | 0 | 0 | 0 | 0 | 0 | 0 | 0 | 0 | 0 | 368.57912678094596 | 223.44191151301698 | 145.13721526792898 | 33341.97269572155 | 368.57912678094596 | 220.56830257093972 | 148.01082421000623 | 34009.416555524665 | 368.57912678094596 | 217.73165011699876 | 150.8474766639472 | 34668.27665129319 | 368.57912678094596 | 214.93147886661544 | 153.64764791433052 | 35318.66337583983 | 0 | 0 | 0 | 0 | 0 | 0 | 0 | 0 | 0 | 0 | 0 | 0 | 0 | 0 | 0 | 0 | 399789.5502311533 | 257492.60991038076 | 142296.94032077247 | 33023247.424450833
 |  | 162 | 91768.58963590013 | 64911.396235312684 | 26857.193400587446 | 6514830.294093093 | 0 | 0 | 0 | 0 | 0 | 0 | 0 | 0 | 0 | 0 | 0 | 0 | 0 | 0 | 0 | 0 | 0 | 0 | 0 | 0 | 76636.66102203233 | 49139.470200025346 | 27497.190822006993 | 6310046.964313682 | 76636.66102203233 | 48507.504513643784 | 28129.156508388554 | 6456831.591409367 | 76636.66102203233 | 47883.666318811025 | 28752.994703221306 | 6601728.472315782 | 76636.66102203233 | 47267.85109067661 | 29368.809931355725 | 6744761.884682065 | 0 | 0 | 0 | 0 | 0 | 0 | 0 | 0 | 0 | 0 | 0 | 0 | 0 | 0 | 0 | 0 | 0 | 0 | 0 | 0 | 368.57912678094596 | 224.40807675157035 | 144.1710500293756 | 33117.564618969984 | 368.57912678094596 | 221.52204229339262 | 147.05708448755334 | 33787.89451323127 | 368.57912678094596 | 218.673124123605 | 149.90600265734096 | 34449.60352716959 | 368.57912678094596 | 215.86084490249317 | 152.71828187845279 | 35102.80253093734 | 0 | 0 | 0 | 0 | 0 | 0 | 0 | 0 | 0 | 0 | 0 | 0 | 0 | 0 | 0 | 0 | 399789.5502311533 | 258590.35244654052 | 141199.19778461274 | 32764657.0720043
 |  | 163 | 91768.58963590013 | 65176.351609648504 | 26592.23802625163 | 6449653.942483445 | 0 | 0 | 0 | 0 | 0 | 0 | 0 | 0 | 0 | 0 | 0 | 0 | 0 | 0 | 0 | 0 | 0 | 0 | 0 | 0 | 76636.66102203233 | 49351.949799876194 | 27284.71122215614 | 6260695.0145138055 | 76636.66102203233 | 48717.25148704149 | 27919.409534990842 | 6408114.339922325 | 76636.66102203233 | 48090.71580911684 | 28545.9452129155 | 6553637.756506665 | 76636.66102203233 | 47472.23778928516 | 29164.423232747176 | 6697289.6468927795 | 0 | 0 | 0 | 0 | 0 | 0 | 0 | 0 | 0 | 0 | 0 | 0 | 0 | 0 | 0 | 0 | 0 | 0 | 0 | 0 | 368.57912678094596 | 225.37841969904983 | 143.20070708189613 | 32892.18619927093 | 368.57912678094596 | 222.47990599670575 | 146.0992207842402 | 33565.41460723457 | 368.57912678094596 | 219.6186690739837 | 148.96045770696225 | 34229.9848580956 | 368.57912678094596 | 216.7942295271472 | 151.78489725379876 | 34886.00830141019 | 0 | 0 | 0 | 0 | 0 | 0 | 0 | 0 | 0 | 0 | 0 | 0 | 0 | 0 | 0 | 0 | 399789.5502311533 | 259692.77771926505 | 140096.77251188818 | 32504964.294285025
 |  | 164 | 91768.58963590013 | 65442.38847898306 | 26326.201156917075 | 6384211.5540044615 | 0 | 0 | 0 | 0 | 0 | 0 | 0 | 0 | 0 | 0 | 0 | 0 | 0 | 0 | 0 | 0 | 0 | 0 | 0 | 0 | 76636.66102203233 | 49565.34816381158 | 27071.312858220757 | 6211129.666349994 | 76636.66102203233 | 48927.905408617444 | 27708.755613414894 | 6359186.434513708 | 76636.66102203233 | 48298.660583654855 | 28338.000438377476 | 6505339.09592301 | 76636.66102203233 | 47677.50825818587 | 28959.152763846465 | 6649612.138634593 | 0 | 0 | 0 | 0 | 0 | 0 | 0 | 0 | 0 | 0 | 0 | 0 | 0 | 0 | 0 | 0 | 0 | 0 | 0 | 0 | 368.57912678094596 | 226.3529584199139 | 142.22616836103205 | 32665.833240851018 | 368.57912678094596 | 223.44191151301698 | 145.13721526792898 | 33341.97269572155 | 368.57912678094596 | 220.56830257093972 | 148.01082421000623 | 34009.416555524665 | 368.57912678094596 | 217.73165011699876 | 150.8474766639472 | 34668.27665129319 | 0 | 0 | 0 | 0 | 0 | 0 | 0 | 0 | 0 | 0 | 0 | 0 | 0 | 0 | 0 | 0 | 399789.5502311533 | 260799.90571587367 | 138989.64451527956 | 32244164.388569158
 |  | 165 | 91768.58963590013 | 65709.51125776325 | 26059.07837813688 | 6318502.0427466985 | 0 | 0 | 0 | 0 | 0 | 0 | 0 | 0 | 0 | 0 | 0 | 0 | 0 | 0 | 0 | 0 | 0 | 0 | 0 | 0 | 76636.66102203233 | 49779.669264577315 | 26856.991757455016 | 6161349.997085417 | 76636.66102203233 | 49139.470200025346 | 27497.190822006993 | 6310046.964313682 | 76636.66102203233 | 48507.504513643784 | 28129.156508388554 | 6456831.591409367 | 76636.66102203233 | 47883.666318811025 | 28752.994703221306 | 6601728.472315782 | 0 | 0 | 0 | 0 | 0 | 0 | 0 | 0 | 0 | 0 | 0 | 0 | 0 | 0 | 0 | 0 | 0 | 0 | 0 | 0 | 368.57912678094596 | 227.33171105673202 | 141.24741572421394 | 32438.501529794285 | 368.57912678094596 | 224.40807675157035 | 144.1710500293756 | 33117.564618969984 | 368.57912678094596 | 221.52204229339262 | 147.05708448755334 | 33787.89451323127 | 368.57912678094596 | 218.673124123605 | 149.90600265734096 | 34449.60352716959 | 0 | 0 | 0 | 0 | 0 | 0 | 0 | 0 | 0 | 0 | 0 | 0 | 0 | 0 | 0 | 0 | 399789.5502311533 | 261911.75650904598 | 137877.79372210722 | 31982252.63206011
 |  | 166 | 91768.58963590013 | 65977.72437845489 | 25790.865257445246 | 6252524.318368244 | 0 | 0 | 0 | 0 | 0 | 0 | 0 | 0 | 0 | 0 | 0 | 0 | 0 | 0 | 0 | 0 | 0 | 0 | 0 | 0 | 76636.66102203233 | 49994.917092097436 | 26641.7439299349 | 6111355.07999332 | 76636.66102203233 | 49351.949799876194 | 27284.71122215614 | 6260695.0145138055 | 76636.66102203233 | 48717.25148704149 | 27919.409534990842 | 6408114.339922325 | 76636.66102203233 | 48090.71580911684 | 28545.9452129155 | 6553637.756506665 | 0 | 0 | 0 | 0 | 0 | 0 | 0 | 0 | 0 | 0 | 0 | 0 | 0 | 0 | 0 | 0 | 0 | 0 | 0 | 0 | 368.57912678094596 | 228.31469583052223 | 140.26443095042373 | 32210.186833963762 | 368.57912678094596 | 225.37841969904983 | 143.20070708189613 | 32892.18619927093 | 368.57912678094596 | 222.47990599670575 | 146.0992207842402 | 33565.41460723457 | 368.57912678094596 | 219.6186690739837 | 148.96045770696225 | 34229.9848580956 | 0 | 0 | 0 | 0 | 0 | 0 | 0 | 0 | 0 | 0 | 0 | 0 | 0 | 0 | 0 | 0 | 399789.5502311533 | 263028.3502571871 | 136761.19997396617 | 31719224.281802922
 |  | 167 | 91768.58963590013 | 66247.0322916162 | 25521.557344283938 | 6186277.286076628 | 0 | 0 | 0 | 0 | 0 | 0 | 0 | 0 | 0 | 0 | 0 | 0 | 0 | 0 | 0 | 0 | 0 | 0 | 0 | 0 | 76636.66102203233 | 50211.09565354842 | 26425.565368483913 | 6061143.984339771 | 76636.66102203233 | 49565.34816381158 | 27071.312858220757 | 6211129.666349994 | 76636.66102203233 | 48927.905408617444 | 27708.755613414894 | 6359186.434513708 | 76636.66102203233 | 48298.660583654855 | 28338.000438377476 | 6505339.09592301 | 0 | 0 | 0 | 0 | 0 | 0 | 0 | 0 | 0 | 0 | 0 | 0 | 0 | 0 | 0 | 0 | 0 | 0 | 0 | 0 | 368.57912678094596 | 229.30193104109057 | 139.2771957398554 | 31980.884902922673 | 368.57912678094596 | 226.3529584199139 | 142.22616836103205 | 32665.833240851018 | 368.57912678094596 | 223.44191151301698 | 145.13721526792898 | 33341.97269572155 | 368.57912678094596 | 220.56830257093972 | 148.01082421000623 | 34009.416555524665 | 0 | 0 | 0 | 0 | 0 | 0 | 0 | 0 | 0 | 0 | 0 | 0 | 0 | 0 | 0 | 0 | 399789.5502311533 | 264149.7072047936 | 135639.84302635977 | 31455074.574598134
 |  | 168 | 91768.58963590013 | 66517.43946597172 | 25251.15016992842 | 6119759.846610656 | 0 | 0 | 0 | 0 | 0 | 0 | 0 | 0 | 0 | 0 | 0 | 0 | 0 | 0 | 0 | 0 | 0 | 0 | 0 | 0 | 76636.66102203233 | 50428.20897343385 | 26208.45204859848 | 6010715.775366337 | 76636.66102203233 | 49779.669264577315 | 26856.991757455016 | 6161349.997085417 | 76636.66102203233 | 49139.470200025346 | 27497.190822006993 | 6310046.964313682 | 76636.66102203233 | 48507.504513643784 | 28129.156508388554 | 6456831.591409367 | 0 | 0 | 0 | 0 | 0 | 0 | 0 | 0 | 0 | 0 | 0 | 0 | 0 | 0 | 0 | 0 | 0 | 0 | 0 | 0 | 368.57912678094596 | 230.2934350673715 | 138.28569171357447 | 31750.5914678553 | 368.57912678094596 | 227.33171105673202 | 141.24741572421394 | 32438.501529794285 | 368.57912678094596 | 224.40807675157035 | 144.1710500293756 | 33117.564618969984 | 368.57912678094596 | 221.52204229339262 | 147.05708448755334 | 33787.89451323127 | 0 | 0 | 0 | 3809761.00829658 | 0 | 0 | 0 | 0 | 0 | 0 | 0 | 0 | 0 | 0 | 0 | 0 | 399789.5502311533 | 265275.8476828211 | 134513.70254833216 | 34999559.73521189
 |  | 169 | 91768.58963590013 | 66788.95038848641 | 24979.639247413725 | 6052970.8962221695 | 0 | 0 | 0 | 0 | 0 | 0 | 0 | 0 | 0 | 0 | 0 | 0 | 0 | 0 | 0 | 0 | 0 | 0 | 0 | 0 | 76636.66102203233 | 50646.2610936593 | 25990.39992837304 | 5960069.514272678 | 76636.66102203233 | 49994.917092097436 | 26641.7439299349 | 6111355.07999332 | 76636.66102203233 | 49351.949799876194 | 27284.71122215614 | 6260695.0145138055 | 76636.66102203233 | 48717.25148704149 | 27919.409534990842 | 6408114.339922325 | 0 | 0 | 0 | 0 | 0 | 0 | 0 | 0 | 0 | 0 | 0 | 0 | 0 | 0 | 0 | 0 | 0 | 0 | 0 | 0 | 368.57912678094596 | 231.28922636777034 | 137.28990041317562 | 31519.30224148753 | 368.57912678094596 | 228.31469583052223 | 140.26443095042373 | 32210.186833963762 | 368.57912678094596 | 225.37841969904983 | 143.20070708189613 | 32892.18619927093 | 368.57912678094596 | 222.47990599670575 | 146.0992207842402 | 33565.41460723457 | 30503.39010023898 | 14029.942354971903 | 16473.447745267076 | 3795731.065941608 | 0 | 0 | 0 | 0 | 0 | 0 | 0 | 0 | 0 | 0 | 0 | 0 | 430292.9403313923 | 280436.73446402675 | 149856.20586736544 | 34719123.00074786
 |  | 170 | 91768.58963590013 | 67061.56956444016 | 24707.02007145998 | 5985909.326657729 | 0 | 0 | 0 | 0 | 0 | 0 | 0 | 0 | 0 | 0 | 0 | 0 | 0 | 0 | 0 | 0 | 0 | 0 | 0 | 0 | 76636.66102203233 | 50865.25607360755 | 25771.404948424788 | 5909204.258199071 | 76636.66102203233 | 50211.09565354842 | 26425.565368483913 | 6061143.984339771 | 76636.66102203233 | 49565.34816381158 | 27071.312858220757 | 6211129.666349994 | 76636.66102203233 | 48927.905408617444 | 27708.755613414894 | 6359186.434513708 | 0 | 0 | 0 | 0 | 0 | 0 | 0 | 0 | 0 | 0 | 0 | 0 | 0 | 0 | 0 | 0 | 0 | 0 | 0 | 0 | 368.57912678094596 | 232.28932348050662 | 136.28980330043933 | 31287.012918007025 | 368.57912678094596 | 229.30193104109057 | 139.2771957398554 | 31980.884902922673 | 368.57912678094596 | 226.3529584199139 | 142.22616836103205 | 32665.833240851018 | 368.57912678094596 | 223.44191151301698 | 145.13721526792898 | 33341.97269572155 | 30503.39010023898 | 14090.60797723808 | 16412.7821230009 | 3781640.45796437 | 0 | 0 | 0 | 0 | 0 | 0 | 0 | 0 | 0 | 0 | 0 | 0 | 430292.9403313923 | 281633.16896571784 | 148659.7713656745 | 34437489.83178215
 |  | 171 | 91768.58963590013 | 67335.30151750246 | 24433.288118397668 | 5918574.025140227 | 0 | 0 | 0 | 0 | 0 | 0 | 0 | 0 | 0 | 0 | 0 | 0 | 0 | 0 | 0 | 0 | 0 | 0 | 0 | 0 | 76636.66102203233 | 51085.19799021424 | 25551.463031818093 | 5858119.060208856 | 76636.66102203233 | 50428.20897343385 | 26208.45204859848 | 6010715.775366337 | 76636.66102203233 | 49779.669264577315 | 26856.991757455016 | 6161349.997085417 | 76636.66102203233 | 49139.470200025346 | 27497.190822006993 | 6310046.964313682 | 0 | 0 | 0 | 0 | 0 | 0 | 0 | 0 | 0 | 0 | 0 | 0 | 0 | 0 | 0 | 0 | 0 | 0 | 0 | 0 | 368.57912678094596 | 233.29374502395942 | 135.28538175698654 | 31053.719172983067 | 368.57912678094596 | 230.2934350673715 | 138.28569171357447 | 31750.5914678553 | 368.57912678094596 | 227.33171105673202 | 141.24741572421394 | 32438.501529794285 | 368.57912678094596 | 224.40807675157035 | 144.1710500293756 | 33117.564618969984 | 30503.39010023898 | 14151.535918310128 | 16351.854181928851 | 3767488.9220460597 | 0 | 0 | 0 | 3809761.00829658 | 0 | 0 | 0 | 0 | 0 | 0 | 0 | 0 | 430292.9403313923 | 282834.710831963 | 147458.22949942926 | 37964416.12924676
 |  | 172 | 91768.58963590013 | 67610.15078980758 | 24158.438846092547 | 5850963.874350419 | 0 | 0 | 0 | 0 | 0 | 0 | 0 | 0 | 0 | 0 | 0 | 0 | 0 | 0 | 0 | 0 | 0 | 0 | 0 | 0 | 76636.66102203233 | 51306.090938043715 | 25330.57008398862 | 5806812.969270812 | 76636.66102203233 | 50646.2610936593 | 25990.39992837304 | 5960069.514272678 | 76636.66102203233 | 49994.917092097436 | 26641.7439299349 | 6111355.07999332 | 76636.66102203233 | 49351.949799876194 | 27284.71122215614 | 6260695.0145138055 | 0 | 0 | 0 | 0 | 0 | 0 | 0 | 0 | 0 | 0 | 0 | 0 | 0 | 0 | 0 | 0 | 0 | 0 | 0 | 0 | 368.57912678094596 | 234.30250969701387 | 134.27661708393208 | 30819.416663286054 | 368.57912678094596 | 231.28922636777034 | 137.28990041317562 | 31519.30224148753 | 368.57912678094596 | 228.31469583052223 | 140.26443095042373 | 32210.186833963762 | 368.57912678094596 | 225.37841969904983 | 143.20070708189613 | 32892.18619927093 | 30503.39010023898 | 14212.727312457393 | 16290.662787781586 | 3753276.1947336025 | 30503.39010023898 | 14029.942354971903 | 16473.447745267076 | 3795731.065941608 | 0 | 0 | 0 | 0 | 0 | 0 | 0 | 0 | 460796.33043163124 | 298071.32423250785 | 162725.0061991233 | 37666344.80501425
 |  | 173 | 91768.58963590013 | 67886.12194202984 | 23882.46769387029 | 5783077.752408389 | 0 | 0 | 0 | 0 | 0 | 0 | 0 | 0 | 0 | 0 | 0 | 0 | 0 | 0 | 0 | 0 | 0 | 0 | 0 | 0 | 76636.66102203233 | 51527.93902936524 | 25108.72199266709 | 5755285.0302414475 | 76636.66102203233 | 50865.25607360755 | 25771.404948424788 | 5909204.258199071 | 76636.66102203233 | 50211.09565354842 | 26425.565368483913 | 6061143.984339771 | 76636.66102203233 | 49565.34816381158 | 27071.312858220757 | 6211129.666349994 | 0 | 0 | 0 | 0 | 0 | 0 | 0 | 0 | 0 | 0 | 0 | 0 | 0 | 0 | 0 | 0 | 0 | 0 | 0 | 0 | 368.57912678094596 | 235.31563627940923 | 133.26349050153672 | 30584.101027006644 | 368.57912678094596 | 232.28932348050662 | 136.28980330043933 | 31287.012918007025 | 368.57912678094596 | 229.30193104109057 | 139.2771957398554 | 31980.884902922673 | 368.57912678094596 | 226.3529584199139 | 142.22616836103205 | 32665.833240851018 | 30503.39010023898 | 14274.183298853815 | 16229.206801385164 | 3739002.011434749 | 30503.39010023898 | 14090.60797723808 | 16412.7821230009 | 3781640.45796437 | 0 | 0 | 0 | 0 | 0 | 0 | 0 | 0 | 460796.33043163124 | 299343.8119876755 | 161452.5184439558 | 37367000.99302658
 |  | 174 | 91768.58963590013 | 68163.21955345932 | 23605.37008244081 | 5714914.53285493 | 0 | 0 | 0 | 0 | 0 | 0 | 0 | 0 | 0 | 0 | 0 | 0 | 0 | 0 | 0 | 0 | 0 | 0 | 0 | 0 | 76636.66102203233 | 51750.7463942296 | 24885.91462780273 | 5703534.283847217 | 76636.66102203233 | 51085.19799021424 | 25551.463031818093 | 5858119.060208856 | 76636.66102203233 | 50428.20897343385 | 26208.45204859848 | 6010715.775366337 | 76636.66102203233 | 49779.669264577315 | 26856.991757455016 | 6161349.997085417 | 0 | 0 | 0 | 0 | 0 | 0 | 0 | 0 | 0 | 0 | 0 | 0 | 0 | 0 | 0 | 0 | 0 | 0 | 0 | 0 | 368.57912678094596 | 236.33314363208865 | 132.2459831488573 | 30347.767883374556 | 368.57912678094596 | 233.29374502395942 | 135.28538175698654 | 31053.719172983067 | 368.57912678094596 | 230.2934350673715 | 138.28569171357447 | 31750.5914678553 | 368.57912678094596 | 227.33171105673202 | 141.24741572421394 | 32438.501529794285 | 30503.39010023898 | 14335.90502159914 | 16167.48507863984 | 3724666.1064131497 | 30503.39010023898 | 14151.535918310128 | 16351.854181928851 | 3767488.9220460597 | 0 | 0 | 0 | 3809761.00829658 | 0 | 0 | 0 | 0 | 460796.33043163124 | 300621.73515060375 | 160174.59528102746 | 40876140.26617255
 |  | 175 | 91768.58963590013 | 68441.44822207786 | 23327.14141382227 | 5646473.084632852 | 0 | 0 | 0 | 0 | 0 | 0 | 0 | 0 | 0 | 0 | 0 | 0 | 0 | 0 | 0 | 0 | 0 | 0 | 0 | 0 | 76636.66102203233 | 51974.51718054596 | 24662.143841486373 | 5651559.766666671 | 76636.66102203233 | 51306.090938043715 | 25330.57008398862 | 5806812.969270812 | 76636.66102203233 | 50646.2610936593 | 25990.39992837304 | 5960069.514272678 | 76636.66102203233 | 49994.917092097436 | 26641.7439299349 | 6111355.07999332 | 0 | 0 | 0 | 0 | 0 | 0 | 0 | 0 | 0 | 0 | 0 | 0 | 0 | 0 | 0 | 0 | 0 | 0 | 0 | 0 | 368.57912678094596 | 237.35505069755013 | 131.22407608339583 | 30110.412832677004 | 368.57912678094596 | 234.30250969701387 | 134.27661708393208 | 30819.416663286054 | 368.57912678094596 | 231.28922636777034 | 137.28990041317562 | 31519.30224148753 | 368.57912678094596 | 228.31469583052223 | 140.26443095042373 | 32210.186833963762 | 30503.39010023898 | 14397.893629740209 | 16105.49647049877 | 3710268.2127834097 | 30503.39010023898 | 14212.727312457393 | 16290.662787781586 | 3753276.1947336025 | 30503.39010023898 | 14029.942354971903 | 16473.447745267076 | 3795731.065941608 | 0 | 0 | 0 | 0 | 491299.7205318702 | 315935.0593061867 | 175364.66122568358 | 40560205.20686637
 |  | 176 | 91768.58963590013 | 68720.81256463534 | 23047.777071264794 | 5577752.272068216 | 0 | 0 | 0 | 0 | 0 | 0 | 0 | 0 | 0 | 0 | 0 | 0 | 0 | 0 | 0 | 0 | 0 | 0 | 0 | 0 | 76636.66102203233 | 52199.25555415907 | 24437.405467873265 | 5599360.511112512 | 76636.66102203233 | 51527.93902936524 | 25108.72199266709 | 5755285.0302414475 | 76636.66102203233 | 50865.25607360755 | 25771.404948424788 | 5909204.258199071 | 76636.66102203233 | 50211.09565354842 | 26425.565368483913 | 6061143.984339771 | 0 | 0 | 0 | 0 | 0 | 0 | 0 | 0 | 0 | 0 | 0 | 0 | 0 | 0 | 0 | 0 | 0 | 0 | 0 | 0 | 368.57912678094596 | 238.38137650019925 | 130.1977502807467 | 29872.031456176806 | 368.57912678094596 | 235.31563627940923 | 133.26349050153672 | 30584.101027006644 | 368.57912678094596 | 232.28932348050662 | 136.28980330043933 | 31287.012918007025 | 368.57912678094596 | 229.30193104109057 | 139.2771957398554 | 31980.884902922673 | 30503.39010023898 | 14460.150277292358 | 16043.239822946622 | 3695808.0625061174 | 30503.39010023898 | 14274.183298853815 | 16229.206801385164 | 3739002.011434749 | 30503.39010023898 | 14090.60797723808 | 16412.7821230009 | 3781640.45796437 | 0 | 0 | 0 | 0 | 491299.7205318702 | 317284.5886960011 | 174015.1318358691 | 40242920.618170366
 |  | 177 | 91768.58963590013 | 69001.3172167263 | 22767.272419173838 | 5508750.95485149 | 0 | 0 | 0 | 0 | 0 | 0 | 0 | 0 | 0 | 0 | 0 | 0 | 0 | 0 | 0 | 0 | 0 | 0 | 0 | 0 | 76636.66102203233 | 52424.965698926855 | 24211.69532310548 | 5546935.545413585 | 76636.66102203233 | 51750.7463942296 | 24885.91462780273 | 5703534.283847217 | 76636.66102203233 | 51085.19799021424 | 25551.463031818093 | 5858119.060208856 | 76636.66102203233 | 50428.20897343385 | 26208.45204859848 | 6010715.775366337 | 0 | 0 | 0 | 0 | 0 | 0 | 0 | 0 | 0 | 0 | 0 | 0 | 0 | 0 | 0 | 0 | 0 | 0 | 0 | 0 | 368.57912678094596 | 239.41214014670334 | 129.16698663424262 | 29632.619316030105 | 368.57912678094596 | 236.33314363208865 | 132.2459831488573 | 30347.767883374556 | 368.57912678094596 | 233.29374502395942 | 135.28538175698654 | 31053.719172983067 | 368.57912678094596 | 230.2934350673715 | 138.28569171357447 | 31750.5914678553 | 30503.39010023898 | 14522.676123260893 | 15980.713976978086 | 3681285.3863828564 | 30503.39010023898 | 14335.90502159914 | 16167.48507863984 | 3724666.1064131497 | 30503.39010023898 | 14151.535918310128 | 16351.854181928851 | 3767488.9220460597 | 0 | 0 | 0 | 3809761.00829658 | 491299.7205318702 | 318639.88580057106 | 172659.83473129908 | 43734041.740666375
 |  | 178 | 91768.58963590013 | 69282.96683286683 | 22485.622803033297 | 5439467.988018624 | 0 | 0 | 0 | 0 | 0 | 0 | 0 | 0 | 0 | 0 | 0 | 0 | 0 | 0 | 0 | 0 | 0 | 0 | 0 | 0 | 76636.66102203233 | 52651.65181679829 | 23985.00920523405 | 5494283.893596787 | 76636.66102203233 | 51974.51718054596 | 24662.143841486373 | 5651559.766666671 | 76636.66102203233 | 51306.090938043715 | 25330.57008398862 | 5806812.969270812 | 76636.66102203233 | 50646.2610936593 | 25990.39992837304 | 5960069.514272678 | 0 | 0 | 0 | 0 | 0 | 0 | 0 | 0 | 0 | 0 | 0 | 0 | 0 | 0 | 0 | 0 | 0 | 0 | 0 | 0 | 368.57912678094596 | 240.44736082634714 | 128.13176595459882 | 29392.171955203758 | 368.57912678094596 | 237.35505069755013 | 131.22407608339583 | 30110.412832677004 | 368.57912678094596 | 234.30250969701387 | 134.27661708393208 | 30819.416663286054 | 368.57912678094596 | 231.28922636777034 | 137.28990041317562 | 31519.30224148753 | 30503.39010023898 | 14585.472331662675 | 15917.917768576304 | 3666699.9140511937 | 30503.39010023898 | 14397.893629740209 | 16105.49647049877 | 3710268.2127834097 | 30503.39010023898 | 14212.727312457393 | 16290.662787781586 | 3753276.1947336025 | 30503.39010023898 | 14029.942354971903 | 16473.447745267076 | 3795731.065941608 | 521803.11063210916 | 334030.917638335 | 187772.19299377422 | 43400010.82302805
 |  | 179 | 91768.58963590013 | 69565.76608657188 | 22202.823549328263 | 5369902.221932052 | 0 | 0 | 0 | 0 | 0 | 0 | 0 | 0 | 0 | 0 | 0 | 0 | 0 | 0 | 0 | 0 | 0 | 0 | 0 | 0 | 76636.66102203233 | 52879.3181278916 | 23757.342894140736 | 5441404.575468895 | 76636.66102203233 | 52199.25555415907 | 24437.405467873265 | 5599360.511112512 | 76636.66102203233 | 51527.93902936524 | 25108.72199266709 | 5755285.0302414475 | 76636.66102203233 | 50865.25607360755 | 25771.404948424788 | 5909204.258199071 | 0 | 0 | 0 | 0 | 0 | 0 | 0 | 0 | 0 | 0 | 0 | 0 | 0 | 0 | 0 | 0 | 0 | 0 | 0 | 0 | 368.57912678094596 | 241.48705781139012 | 127.09206896955584 | 29150.684897392366 | 368.57912678094596 | 238.38137650019925 | 130.1977502807467 | 29872.031456176806 | 368.57912678094596 | 235.31563627940923 | 133.26349050153672 | 30584.101027006644 | 368.57912678094596 | 232.28932348050662 | 136.28980330043933 | 31287.012918007025 | 30503.39010023898 | 14648.540071547786 | 15854.850028691193 | 3652051.373979646 | 30503.39010023898 | 14460.150277292358 | 16043.239822946622 | 3695808.0625061174 | 30503.39010023898 | 14274.183298853815 | 16229.206801385164 | 3739002.011434749 | 30503.39010023898 | 14090.60797723808 | 16412.7821230009 | 3781640.45796437 | 521803.11063210916 | 335458.48989059887 | 186344.6207415103 | 43064552.333137445
 |  | 180 | 91768.58963590013 | 69849.71967043268 | 21918.86996546746 | 5300052.502261619 | 0 | 0 | 0 | 0 | 0 | 0 | 0 | 0 | 0 | 0 | 0 | 0 | 0 | 0 | 0 | 0 | 0 | 0 | 0 | 0 | 76636.66102203233 | 53107.96887057288 | 23528.69215145946 | 5388296.606598322 | 76636.66102203233 | 52424.965698926855 | 24211.69532310548 | 5546935.545413585 | 76636.66102203233 | 51750.7463942296 | 24885.91462780273 | 5703534.283847217 | 76636.66102203233 | 51085.19799021424 | 25551.463031818093 | 5858119.060208856 | 0 | 0 | 0 | 0 | 0 | 0 | 0 | 0 | 0 | 0 | 0 | 0 | 0 | 0 | 0 | 0 | 0 | 0 | 0 | 0 | 368.57912678094596 | 242.53125045742513 | 126.04787632352082 | 28908.15364693494 | 368.57912678094596 | 239.41214014670334 | 129.16698663424262 | 29632.619316030105 | 368.57912678094596 | 236.33314363208865 | 132.2459831488573 | 30347.767883374556 | 368.57912678094596 | 233.29374502395942 | 135.28538175698654 | 31053.719172983067 | 30503.39010023898 | 14711.88051702129 | 15791.509583217688 | 3637339.4934626245 | 30503.39010023898 | 14522.676123260893 | 15980.713976978086 | 3681285.3863828564 | 30503.39010023898 | 14335.90502159914 | 16167.48507863984 | 3724666.1064131497 | 30503.39010023898 | 14151.535918310128 | 16351.854181928851 | 3767488.9220460597 | 521803.11063210916 | 336892.16648382787 | 184910.94414828133 | 42727660.16665362
 |  | 181 | 91768.58963590013 | 70134.83229619474 | 21633.7573397054 | 5229917.669965425 | 0 | 0 | 0 | 0 | 0 | 0 | 0 | 0 | 0 | 0 | 0 | 0 | 0 | 0 | 0 | 0 | 0 | 0 | 0 | 0 | 76636.66102203233 | 53337.60830153493 | 23299.052720497406 | 5334958.998296787 | 76636.66102203233 | 52651.65181679829 | 23985.00920523405 | 5494283.893596787 | 76636.66102203233 | 51974.51718054596 | 24662.143841486373 | 5651559.766666671 | 76636.66102203233 | 51306.090938043715 | 25330.57008398862 | 5806812.969270812 | 0 | 0 | 0 | 0 | 0 | 0 | 0 | 0 | 0 | 0 | 0 | 0 | 0 | 0 | 0 | 0 | 0 | 0 | 0 | 0 | 368.57912678094596 | 243.57995820373887 | 124.99916857720709 | 28664.5736887312 | 368.57912678094596 | 240.44736082634714 | 128.13176595459882 | 29392.171955203758 | 368.57912678094596 | 237.35505069755013 | 131.22407608339583 | 30110.412832677004 | 368.57912678094596 | 234.30250969701387 | 134.27661708393208 | 30819.416663286054 | 30503.39010023898 | 14775.4948472651 | 15727.89525297388 | 3622563.9986153594 | 30503.39010023898 | 14585.472331662675 | 15917.917768576304 | 3666699.9140511937 | 30503.39010023898 | 14397.893629740209 | 16105.49647049877 | 3710268.2127834097 | 30503.39010023898 | 14212.727312457393 | 16290.662787781586 | 3753276.1947336025 | 521803.11063210916 | 338331.9735336677 | 183471.13709844154 | 42389328.19311994
 |  | 182 | 91768.58963590013 | 70421.10869483594 | 21347.480941064186 | 5159496.561270589 | 0 | 0 | 0 | 0 | 0 | 0 | 0 | 0 | 0 | 0 | 0 | 0 | 0 | 0 | 0 | 0 | 0 | 0 | 0 | 0 | 76636.66102203233 | 53568.240695876564 | 23068.420326155767 | 5281390.75760091 | 76636.66102203233 | 52879.3181278916 | 23757.342894140736 | 5441404.575468895 | 76636.66102203233 | 52199.25555415907 | 24437.405467873265 | 5599360.511112512 | 76636.66102203233 | 51527.93902936524 | 25108.72199266709 | 5755285.0302414475 | 0 | 0 | 0 | 0 | 0 | 0 | 0 | 0 | 0 | 0 | 0 | 0 | 0 | 0 | 0 | 0 | 0 | 0 | 0 | 0 | 368.57912678094596 | 244.63320057367372 | 123.94592620727224 | 28419.94048815753 | 368.57912678094596 | 241.48705781139012 | 127.09206896955584 | 29150.684897392366 | 368.57912678094596 | 238.38137650019925 | 130.1977502807467 | 29872.031456176806 | 368.57912678094596 | 235.31563627940923 | 133.26349050153672 | 30584.101027006644 | 30503.39010023898 | 14839.384246559915 | 15664.005853679064 | 3607724.6143687996 | 30503.39010023898 | 14648.540071547786 | 15854.850028691193 | 3652051.373979646 | 30503.39010023898 | 14460.150277292358 | 16043.239822946622 | 3695808.0625061174 | 30503.39010023898 | 14274.183298853815 | 16229.206801385164 | 3739002.011434749 | 521803.11063210916 | 339777.937267547 | 182025.17336456222 | 42049550.255852394
 |  | 183 | 91768.58963590013 | 70708.55361664512 | 21060.036019255014 | 5088788.007653944 | 0 | 0 | 0 | 0 | 0 | 0 | 0 | 0 | 0 | 0 | 0 | 0 | 0 | 0 | 0 | 0 | 0 | 0 | 0 | 0 | 76636.66102203233 | 53799.87034718217 | 22836.790674850163 | 5227590.887253728 | 76636.66102203233 | 53107.96887057288 | 23528.69215145946 | 5388296.606598322 | 76636.66102203233 | 52424.965698926855 | 24211.69532310548 | 5546935.545413585 | 76636.66102203233 | 51750.7463942296 | 24885.91462780273 | 5703534.283847217 | 0 | 0 | 0 | 0 | 0 | 0 | 0 | 0 | 0 | 0 | 0 | 0 | 0 | 0 | 0 | 0 | 0 | 0 | 0 | 0 | 368.57912678094596 | 245.69099717499114 | 122.8881296059548 | 28174.249490982536 | 368.57912678094596 | 242.53125045742513 | 126.04787632352082 | 28908.15364693494 | 368.57912678094596 | 239.41214014670334 | 129.16698663424262 | 29632.619316030105 | 368.57912678094596 | 236.33314363208865 | 132.2459831488573 | 30347.767883374556 | 30503.39010023898 | 14903.549904307289 | 15599.84019593169 | 3592821.0644644923 | 30503.39010023898 | 14711.88051702129 | 15791.509583217688 | 3637339.4934626245 | 30503.39010023898 | 14522.676123260893 | 15980.713976978086 | 3681285.3863828564 | 30503.39010023898 | 14335.90502159914 | 16167.48507863984 | 3724666.1064131497 | 521803.11063210916 | 341230.0840251565 | 180573.02660695274 | 41708320.171827234
 |  | 184 | 91768.58963590013 | 70997.17183130079 | 20771.41780459935 | 5017790.835822644 | 0 | 0 | 0 | 0 | 0 | 0 | 0 | 0 | 0 | 0 | 0 | 0 | 0 | 0 | 0 | 0 | 0 | 0 | 0 | 0 | 76636.66102203233 | 54032.50156760162 | 22604.15945443072 | 5173558.385686127 | 76636.66102203233 | 53337.60830153493 | 23299.052720497406 | 5334958.998296787 | 76636.66102203233 | 52651.65181679829 | 23985.00920523405 | 5494283.893596787 | 76636.66102203233 | 51974.51718054596 | 24662.143841486373 | 5651559.766666671 | 0 | 0 | 0 | 0 | 0 | 0 | 0 | 0 | 0 | 0 | 0 | 0 | 0 | 0 | 0 | 0 | 0 | 0 | 0 | 0 | 368.57912678094596 | 246.7533677002369 | 121.82575908070905 | 27927.4961232823 | 368.57912678094596 | 243.57995820373887 | 124.99916857720709 | 28664.5736887312 | 368.57912678094596 | 240.44736082634714 | 128.13176595459882 | 29392.171955203758 | 368.57912678094596 | 237.35505069755013 | 131.22407608339583 | 30110.412832677004 | 30503.39010023898 | 14967.99301505175 | 15535.39708518723 | 3577853.0714494404 | 30503.39010023898 | 14775.4948472651 | 15727.89525297388 | 3622563.9986153594 | 30503.39010023898 | 14585.472331662675 | 15917.917768576304 | 3666699.9140511937 | 30503.39010023898 | 14397.893629740209 | 16105.49647049877 | 3710268.2127834097 | 521803.11063210916 | 342688.4402589292 | 179114.67037317998 | 41365631.73156832
 |  | 185 | 91768.58963590013 | 71286.96812795036 | 20481.621507949774 | 4946503.867694694 | 0 | 0 | 0 | 0 | 0 | 0 | 0 | 0 | 0 | 0 | 0 | 0 | 0 | 0 | 0 | 0 | 0 | 0 | 0 | 0 | 76636.66102203233 | 54266.138687930565 | 22370.522334101766 | 5119292.246998196 | 76636.66102203233 | 53568.240695876564 | 23068.420326155767 | 5281390.75760091 | 76636.66102203233 | 52879.3181278916 | 23757.342894140736 | 5441404.575468895 | 76636.66102203233 | 52199.25555415907 | 24437.405467873265 | 5599360.511112512 | 0 | 0 | 0 | 0 | 0 | 0 | 0 | 0 | 0 | 0 | 0 | 0 | 0 | 0 | 0 | 0 | 0 | 0 | 0 | 0 | 368.57912678094596 | 247.8203319271074 | 120.75879485383857 | 27679.675791355192 | 368.57912678094596 | 244.63320057367372 | 123.94592620727224 | 28419.94048815753 | 368.57912678094596 | 241.48705781139012 | 127.09206896955584 | 29150.684897392366 | 368.57912678094596 | 238.38137650019925 | 130.1977502807467 | 29872.031456176806 | 30503.39010023898 | 15032.714778503056 | 15470.675321735924 | 3562820.3566709375 | 30503.39010023898 | 14839.384246559915 | 15664.005853679064 | 3607724.6143687996 | 30503.39010023898 | 14648.540071547786 | 15854.850028691193 | 3652051.373979646 | 30503.39010023898 | 14460.150277292358 | 16043.239822946622 | 3695808.0625061174 | 521803.11063210916 | 344153.03253452363 | 177650.07809758553 | 41021478.69903378
 |  | 186 | 91768.58963590013 | 71577.9473152896 | 20190.642320610536 | 4874925.920379404 | 0 | 0 | 0 | 0 | 0 | 0 | 0 | 0 | 0 | 0 | 0 | 0 | 0 | 0 | 0 | 0 | 0 | 0 | 0 | 0 | 76636.66102203233 | 54500.786057691104 | 22135.874964341227 | 5064791.460940504 | 76636.66102203233 | 53799.87034718217 | 22836.790674850163 | 5227590.887253728 | 76636.66102203233 | 53107.96887057288 | 23528.69215145946 | 5388296.606598322 | 76636.66102203233 | 52424.965698926855 | 24211.69532310548 | 5546935.545413585 | 0 | 0 | 0 | 0 | 0 | 0 | 0 | 0 | 0 | 0 | 0 | 0 | 0 | 0 | 0 | 0 | 0 | 0 | 0 | 0 | 368.57912678094596 | 248.89190971881808 | 119.68721706212787 | 27430.783881636373 | 368.57912678094596 | 245.69099717499114 | 122.8881296059548 | 28174.249490982536 | 368.57912678094596 | 242.53125045742513 | 126.04787632352082 | 28908.15364693494 | 368.57912678094596 | 239.41214014670334 | 129.16698663424262 | 29632.619316030105 | 30503.39010023898 | 15097.716399558518 | 15405.673700680461 | 3547722.640271379 | 30503.39010023898 | 14903.549904307289 | 15599.84019593169 | 3592821.0644644923 | 30503.39010023898 | 14711.88051702129 | 15791.509583217688 | 3637339.4934626245 | 30503.39010023898 | 14522.676123260893 | 15980.713976978086 | 3681285.3863828564 | 521803.11063210916 | 345623.8875313085 | 176179.22310080065 | 40675854.81150248
 |  | 187 | 91768.58963590013 | 71870.1142216424 | 19898.475414257737 | 4803055.806157761 | 0 | 0 | 0 | 0 | 0 | 0 | 0 | 0 | 0 | 0 | 0 | 0 | 0 | 0 | 0 | 0 | 0 | 0 | 0 | 0 | 76636.66102203233 | 54736.44804521267 | 21900.212976819657 | 5010055.012895292 | 76636.66102203233 | 54032.50156760162 | 22604.15945443072 | 5173558.385686127 | 76636.66102203233 | 53337.60830153493 | 23299.052720497406 | 5334958.998296787 | 76636.66102203233 | 52651.65181679829 | 23985.00920523405 | 5494283.893596787 | 0 | 0 | 0 | 0 | 0 | 0 | 0 | 0 | 0 | 0 | 0 | 0 | 0 | 0 | 0 | 0 | 0 | 0 | 0 | 0 | 368.57912678094596 | 249.9681210244732 | 118.61100575647278 | 27180.8157606119 | 368.57912678094596 | 246.7533677002369 | 121.82575908070905 | 27927.4961232823 | 368.57912678094596 | 243.57995820373887 | 124.99916857720709 | 28664.5736887312 | 368.57912678094596 | 240.44736082634714 | 128.13176595459882 | 29392.171955203758 | 30503.39010023898 | 15162.999088325441 | 15340.391011913538 | 3532559.6411830536 | 30503.39010023898 | 14967.99301505175 | 15535.39708518723 | 3577853.0714494404 | 30503.39010023898 | 14775.4948472651 | 15727.89525297388 | 3622563.9986153594 | 30503.39010023898 | 14585.472331662675 | 15917.917768576304 | 3666699.9140511937 | 521803.11063210916 | 347101.03204284963 | 174702.0785892595 | 40328753.779459625
 |  | 188 | 91768.58963590013 | 72163.47369504091 | 19605.115940859225 | 4730892.332462721 | 0 | 0 | 0 | 0 | 0 | 0 | 0 | 0 | 0 | 0 | 0 | 0 | 0 | 0 | 0 | 0 | 0 | 0 | 0 | 0 | 76636.66102203233 | 54973.12903771344 | 21663.531984318895 | 4955081.883857578 | 76636.66102203233 | 54266.138687930565 | 22370.522334101766 | 5119292.246998196 | 76636.66102203233 | 53568.240695876564 | 23068.420326155767 | 5281390.75760091 | 76636.66102203233 | 52879.3181278916 | 23757.342894140736 | 5441404.575468895 | 0 | 0 | 0 | 0 | 0 | 0 | 0 | 0 | 0 | 0 | 0 | 0 | 0 | 0 | 0 | 0 | 0 | 0 | 0 | 0 | 368.57912678094596 | 251.048985879437 | 117.53014090150897 | 26929.766774732463 | 368.57912678094596 | 247.8203319271074 | 120.75879485383857 | 27679.675791355192 | 368.57912678094596 | 244.63320057367372 | 123.94592620727224 | 28419.94048815753 | 368.57912678094596 | 241.48705781139012 | 127.09206896955584 | 29150.684897392366 | 30503.39010023898 | 15228.564060143646 | 15274.826040095333 | 3517331.07712291 | 30503.39010023898 | 15032.714778503056 | 15470.675321735924 | 3562820.3566709375 | 30503.39010023898 | 14839.384246559915 | 15664.005853679064 | 3607724.6143687996 | 30503.39010023898 | 14648.540071547786 | 15854.850028691193 | 3652051.373979646 | 521803.11063210916 | 348584.49297739915 | 173218.6176547101 | 39980169.28648222
 |  | 189 | 91768.58963590013 | 72458.03060330598 | 19310.559032594156 | 4658434.301859414 | 0 | 0 | 0 | 0 | 0 | 0 | 0 | 0 | 0 | 0 | 0 | 0 | 0 | 0 | 0 | 0 | 0 | 0 | 0 | 0 | 76636.66102203233 | 55210.833441381925 | 21425.827580650406 | 4899871.050416196 | 76636.66102203233 | 54500.786057691104 | 22135.874964341227 | 5064791.460940504 | 76636.66102203233 | 53799.87034718217 | 22836.790674850163 | 5227590.887253728 | 76636.66102203233 | 53107.96887057288 | 23528.69215145946 | 5388296.606598322 | 0 | 0 | 0 | 0 | 0 | 0 | 0 | 0 | 0 | 0 | 0 | 0 | 0 | 0 | 0 | 0 | 0 | 0 | 0 | 0 | 368.57912678094596 | 252.134524405707 | 116.44460237523897 | 26677.632250326755 | 368.57912678094596 | 248.89190971881808 | 119.68721706212787 | 27430.783881636373 | 368.57912678094596 | 245.69099717499114 | 122.8881296059548 | 28174.249490982536 | 368.57912678094596 | 242.53125045742513 | 126.04787632352082 | 28908.15364693494 | 30503.39010023898 | 15294.412535608095 | 15208.977564630884 | 3502036.6645873017 | 30503.39010023898 | 15097.716399558518 | 15405.673700680461 | 3547722.640271379 | 30503.39010023898 | 14903.549904307289 | 15599.84019593169 | 3592821.0644644923 | 30503.39010023898 | 14711.88051702129 | 15791.509583217688 | 3637339.4934626245 | 521803.11063210916 | 350074.2973583862 | 171728.81327372295 | 39630094.98912384
 |  | 190 | 91768.58963590013 | 72753.78983412794 | 19014.799801772202 | 4585680.512025286 | 0 | 0 | 0 | 0 | 0 | 0 | 0 | 0 | 0 | 0 | 0 | 0 | 0 | 0 | 0 | 0 | 0 | 0 | 0 | 0 | 76636.66102203233 | 55449.56568145909 | 21187.095340573247 | 4844421.484734736 | 76636.66102203233 | 54736.44804521267 | 21900.212976819657 | 5010055.012895292 | 76636.66102203233 | 54032.50156760162 | 22604.15945443072 | 5173558.385686127 | 76636.66102203233 | 53337.60830153493 | 23299.052720497406 | 5334958.998296787 | 0 | 0 | 0 | 0 | 0 | 0 | 0 | 0 | 0 | 0 | 0 | 0 | 0 | 0 | 0 | 0 | 0 | 0 | 0 | 0 | 368.57912678094596 | 253.2247568122884 | 115.35436996865755 | 26424.407493514467 | 368.57912678094596 | 249.9681210244732 | 118.61100575647278 | 27180.8157606119 | 368.57912678094596 | 246.7533677002369 | 121.82575908070905 | 27927.4961232823 | 368.57912678094596 | 243.57995820373887 | 124.99916857720709 | 28664.5736887312 | 30503.39010023898 | 15360.545740591615 | 15142.844359647364 | 3486676.11884671 | 30503.39010023898 | 15162.999088325441 | 15340.391011913538 | 3532559.6411830536 | 30503.39010023898 | 14967.99301505175 | 15535.39708518723 | 3577853.0714494404 | 30503.39010023898 | 14775.4948472651 | 15727.89525297388 | 3622563.9986153594 | 521803.11063210916 | 351570.47232491086 | 170232.63830719827 | 39278524.516798936
 |  | 191 | 91768.58963590013 | 73050.75629514767 | 18717.833340752462 | 4512629.755730139 | 0 | 0 | 0 | 0 | 0 | 0 | 0 | 0 | 0 | 0 | 0 | 0 | 0 | 0 | 0 | 0 | 0 | 0 | 0 | 0 | 76636.66102203233 | 55689.33020232065 | 20947.33081971169 | 4788732.154532416 | 76636.66102203233 | 54973.12903771344 | 21663.531984318895 | 4955081.883857578 | 76636.66102203233 | 54266.138687930565 | 22370.522334101766 | 5119292.246998196 | 76636.66102203233 | 53568.240695876564 | 23068.420326155767 | 5281390.75760091 | 0 | 0 | 0 | 0 | 0 | 0 | 0 | 0 | 0 | 0 | 0 | 0 | 0 | 0 | 0 | 0 | 0 | 0 | 0 | 0 | 368.57912678094596 | 254.31970339557034 | 114.2594233853756 | 26170.087790118898 | 368.57912678094596 | 251.048985879437 | 117.53014090150897 | 26929.766774732463 | 368.57912678094596 | 247.8203319271074 | 120.75879485383857 | 27679.675791355192 | 368.57912678094596 | 244.63320057367372 | 123.94592620727224 | 28419.94048815753 | 30503.39010023898 | 15426.964906267724 | 15076.425193971256 | 3471249.153940442 | 30503.39010023898 | 15228.564060143646 | 15274.826040095333 | 3517331.07712291 | 30503.39010023898 | 15032.714778503056 | 15470.675321735924 | 3562820.3566709375 | 30503.39010023898 | 14839.384246559915 | 15664.005853679064 | 3607724.6143687996 | 521803.11063210916 | 353073.04513223906 | 168730.06549987016 | 38925451.47166669
 |  | 192 | 91768.58963590013 | 73348.93491403811 | 18419.654721862025 | 4439280.820816101 | 0 | 0 | 0 | 0 | 0 | 0 | 0 | 0 | 0 | 0 | 0 | 0 | 0 | 0 | 0 | 0 | 0 | 0 | 0 | 0 | 76636.66102203233 | 55930.13146755986 | 20706.529554472472 | 4732802.0230648555 | 76636.66102203233 | 55210.833441381925 | 21425.827580650406 | 4899871.050416196 | 76636.66102203233 | 54500.786057691104 | 22135.874964341227 | 5064791.460940504 | 76636.66102203233 | 53799.87034718217 | 22836.790674850163 | 5227590.887253728 | 0 | 0 | 0 | 0 | 0 | 0 | 0 | 0 | 0 | 0 | 0 | 0 | 0 | 0 | 0 | 0 | 0 | 0 | 0 | 0 | 368.57912678094596 | 255.41938453970386 | 113.15974224124211 | 25914.668405579196 | 368.57912678094596 | 252.134524405707 | 116.44460237523897 | 26677.632250326755 | 368.57912678094596 | 248.89190971881808 | 119.68721706212787 | 27430.783881636373 | 368.57912678094596 | 245.69099717499114 | 122.8881296059548 | 28174.249490982536 | 30503.39010023898 | 15493.67126913354 | 15009.71883110544 | 3455755.4826713083 | 30503.39010023898 | 15294.412535608095 | 15208.977564630884 | 3502036.6645873017 | 30503.39010023898 | 15097.716399558518 | 15405.673700680461 | 3547722.640271379 | 30503.39010023898 | 14903.549904307289 | 15599.84019593169 | 3592821.0644644923 | 521803.11063210916 | 354582.0431522998 | 167221.06747980934 | 38570869.42851439
 |  | 193 | 91768.58963590013 | 73648.33063858593 | 18120.258997314195 | 4365632.490177515 | 0 | 0 | 0 | 0 | 0 | 0 | 0 | 0 | 0 | 0 | 0 | 0 | 0 | 0 | 0 | 0 | 0 | 0 | 0 | 0 | 76636.66102203233 | 56171.97396007062 | 20464.687061961708 | 4676630.049104785 | 76636.66102203233 | 55449.56568145909 | 21187.095340573247 | 4844421.484734736 | 76636.66102203233 | 54736.44804521267 | 21900.212976819657 | 5010055.012895292 | 76636.66102203233 | 54032.50156760162 | 22604.15945443072 | 5173558.385686127 | 0 | 0 | 0 | 0 | 0 | 0 | 0 | 0 | 0 | 0 | 0 | 0 | 0 | 0 | 0 | 0 | 0 | 0 | 0 | 0 | 368.57912678094596 | 256.5238207169811 | 112.05530606396484 | 25658.144584862213 | 368.57912678094596 | 253.2247568122884 | 115.35436996865755 | 26424.407493514467 | 368.57912678094596 | 249.9681210244732 | 118.61100575647278 | 27180.8157606119 | 368.57912678094596 | 246.7533677002369 | 121.82575908070905 | 27927.4961232823 | 30503.39010023898 | 15560.666071032816 | 14942.724029206163 | 3440194.8166002757 | 30503.39010023898 | 15360.545740591615 | 15142.844359647364 | 3486676.11884671 | 30503.39010023898 | 15162.999088325441 | 15340.391011913538 | 3532559.6411830536 | 30503.39010023898 | 14967.99301505175 | 15535.39708518723 | 3577853.0714494404 | 521803.11063210916 | 356097.49387418554 | 165705.6167579236 | 38214771.93464021
 |  | 194 | 91768.58963590013 | 73948.94843677373 | 17819.64119912641 | 4291683.541740742 | 0 | 0 | 0 | 0 | 0 | 0 | 0 | 0 | 0 | 0 | 0 | 0 | 0 | 0 | 0 | 0 | 0 | 0 | 0 | 0 | 76636.66102203233 | 56414.862182130906 | 20221.79883990143 | 4620215.186922654 | 76636.66102203233 | 55689.33020232065 | 20947.33081971169 | 4788732.154532416 | 76636.66102203233 | 54973.12903771344 | 21663.531984318895 | 4955081.883857578 | 76636.66102203233 | 54266.138687930565 | 22370.522334101766 | 5119292.246998196 | 0 | 0 | 0 | 0 | 0 | 0 | 0 | 0 | 0 | 0 | 0 | 0 | 0 | 0 | 0 | 0 | 0 | 0 | 0 | 0 | 368.57912678094596 | 257.6330324882168 | 110.94609429272911 | 25400.511552373995 | 368.57912678094596 | 254.31970339557034 | 114.2594233853756 | 26170.087790118898 | 368.57912678094596 | 251.048985879437 | 117.53014090150897 | 26929.766774732463 | 368.57912678094596 | 247.8203319271074 | 120.75879485383857 | 27679.675791355192 | 30503.39010023898 | 15627.950559179048 | 14875.439541059932 | 3424566.866041097 | 30503.39010023898 | 15426.964906267724 | 15076.425193971256 | 3471249.153940442 | 30503.39010023898 | 15228.564060143646 | 15274.826040095333 | 3517331.07712291 | 30503.39010023898 | 15032.714778503056 | 15470.675321735924 | 3562820.3566709375 | 521803.11063210916 | 357619.42490465316 | 164183.6857274561 | 37857152.509735554
 |  | 195 | 91768.58963590013 | 74250.79329686235 | 17517.79633903778 | 4217432.748443879 | 0 | 0 | 0 | 0 | 0 | 0 | 0 | 0 | 0 | 0 | 0 | 0 | 0 | 0 | 0 | 0 | 0 | 0 | 0 | 0 | 76636.66102203233 | 56658.800655486564 | 19977.86036654577 | 4563556.386267167 | 76636.66102203233 | 55930.13146755986 | 20706.529554472472 | 4732802.0230648555 | 76636.66102203233 | 55210.833441381925 | 21425.827580650406 | 4899871.050416196 | 76636.66102203233 | 54500.786057691104 | 22135.874964341227 | 5064791.460940504 | 0 | 0 | 0 | 0 | 0 | 0 | 0 | 0 | 0 | 0 | 0 | 0 | 0 | 0 | 0 | 0 | 0 | 0 | 0 | 0 | 368.57912678094596 | 258.74704050313085 | 109.83208627781508 | 25141.764511870864 | 368.57912678094596 | 255.41938453970386 | 113.15974224124211 | 25914.668405579196 | 368.57912678094596 | 252.134524405707 | 116.44460237523897 | 26677.632250326755 | 368.57912678094596 | 248.89190971881808 | 119.68721706212787 | 27430.783881636373 | 30503.39010023898 | 15695.525986178696 | 14807.864114060283 | 3408871.340054918 | 30503.39010023898 | 15493.67126913354 | 15009.71883110544 | 3455755.4826713083 | 30503.39010023898 | 15294.412535608095 | 15208.977564630884 | 3502036.6645873017 | 30503.39010023898 | 15097.716399558518 | 15405.673700680461 | 3547722.640271379 | 521803.11063210916 | 359147.86396862805 | 162655.24666348114 | 37498004.64576692
 |  | 196 | 91768.58963590013 | 74553.87022747379 | 17214.71940842634 | 4142878.8782164054 | 0 | 0 | 0 | 0 | 0 | 0 | 0 | 0 | 0 | 0 | 0 | 0 | 0 | 0 | 0 | 0 | 0 | 0 | 0 | 0 | 76636.66102203233 | 56903.79392143554 | 19732.867100596788 | 4506652.592345731 | 76636.66102203233 | 56171.97396007062 | 20464.687061961708 | 4676630.049104785 | 76636.66102203233 | 55449.56568145909 | 21187.095340573247 | 4844421.484734736 | 76636.66102203233 | 54736.44804521267 | 21900.212976819657 | 5010055.012895292 | 0 | 0 | 0 | 0 | 0 | 0 | 0 | 0 | 0 | 0 | 0 | 0 | 0 | 0 | 0 | 0 | 0 | 0 | 0 | 0 | 368.57912678094596 | 259.86586550073264 | 108.71326128021329 | 24881.898646370133 | 368.57912678094596 | 256.5238207169811 | 112.05530606396484 | 25658.144584862213 | 368.57912678094596 | 253.2247568122884 | 115.35436996865755 | 26424.407493514467 | 368.57912678094596 | 249.9681210244732 | 118.61100575647278 | 27180.8157606119 | 30503.39010023898 | 15763.393610054505 | 14739.996490184474 | 3393107.9464448635 | 30503.39010023898 | 15560.666071032816 | 14942.724029206163 | 3440194.8166002757 | 30503.39010023898 | 15360.545740591615 | 15142.844359647364 | 3486676.11884671 | 30503.39010023898 | 15162.999088325441 | 15340.391011913538 | 3532559.6411830536 | 521803.11063210916 | 360682.8389097106 | 161120.27172239858 | 37137321.806857206
 |  | 197 | 91768.58963590013 | 74858.1842576742 | 16910.40537822592 | 4068020.6939587314 | 0 | 0 | 0 | 0 | 0 | 0 | 0 | 0 | 0 | 0 | 0 | 0 | 0 | 0 | 0 | 0 | 0 | 0 | 0 | 0 | 76636.66102203233 | 57149.84654091242 | 19486.81448111992 | 4449502.745804819 | 76636.66102203233 | 56414.862182130906 | 20221.79883990143 | 4620215.186922654 | 76636.66102203233 | 55689.33020232065 | 20947.33081971169 | 4788732.154532416 | 76636.66102203233 | 54973.12903771344 | 21663.531984318895 | 4955081.883857578 | 0 | 0 | 0 | 0 | 0 | 0 | 0 | 0 | 0 | 0 | 0 | 0 | 0 | 0 | 0 | 0 | 0 | 0 | 0 | 0 | 368.57912678094596 | 260.9895283097074 | 107.58959847123856 | 24620.909118060426 | 368.57912678094596 | 257.6330324882168 | 110.94609429272911 | 25400.511552373995 | 368.57912678094596 | 254.31970339557034 | 114.2594233853756 | 26170.087790118898 | 368.57912678094596 | 251.048985879437 | 117.53014090150897 | 26929.766774732463 | 30503.39010023898 | 15831.554694268925 | 14671.835405970054 | 3377276.3917505946 | 30503.39010023898 | 15627.950559179048 | 14875.439541059932 | 3424566.866041097 | 30503.39010023898 | 15426.964906267724 | 15076.425193971256 | 3471249.153940442 | 30503.39010023898 | 15228.564060143646 | 15274.826040095333 | 3517331.07712291 | 521803.11063210916 | 362224.377690684 | 159578.73294142526 | 36775097.42916653
 |  | 198 | 91768.58963590013 | 75163.74043705742 | 16604.849198842712 | 3992856.953521674 | 0 | 0 | 0 | 0 | 0 | 0 | 0 | 0 | 0 | 0 | 0 | 0 | 0 | 0 | 0 | 0 | 0 | 0 | 0 | 0 | 76636.66102203233 | 57396.963094573264 | 19239.697927459067 | 4392105.782710246 | 76636.66102203233 | 56658.800655486564 | 19977.86036654577 | 4563556.386267167 | 76636.66102203233 | 55930.13146755986 | 20706.529554472472 | 4732802.0230648555 | 76636.66102203233 | 55210.833441381925 | 21425.827580650406 | 4899871.050416196 | 0 | 0 | 0 | 0 | 0 | 0 | 0 | 0 | 0 | 0 | 0 | 0 | 0 | 0 | 0 | 0 | 0 | 0 | 0 | 0 | 368.57912678094596 | 262.1180498488037 | 106.46107693214228 | 24358.791068211623 | 368.57912678094596 | 258.74704050313085 | 109.83208627781508 | 25141.764511870864 | 368.57912678094596 | 255.41938453970386 | 113.15974224124211 | 25914.668405579196 | 368.57912678094596 | 252.134524405707 | 116.44460237523897 | 26677.632250326755 | 30503.39010023898 | 15900.010507747626 | 14603.379592491354 | 3361376.381242847 | 30503.39010023898 | 15695.525986178696 | 14807.864114060283 | 3408871.340054918 | 30503.39010023898 | 15493.67126913354 | 15009.71883110544 | 3455755.4826713083 | 30503.39010023898 | 15294.412535608095 | 15208.977564630884 | 3502036.6645873017 | 521803.11063210916 | 363772.5083940244 | 158030.60223808486 | 36411324.92077251
 |  | 199 | 91768.58963590013 | 75470.54383582866 | 16298.045800071468 | 3917386.4096858455 | 0 | 0 | 0 | 0 | 0 | 0 | 0 | 0 | 0 | 0 | 0 | 0 | 0 | 0 | 0 | 0 | 0 | 0 | 0 | 0 | 76636.66102203233 | 57645.14818288101 | 18991.512839151324 | 4334460.634527365 | 76636.66102203233 | 56903.79392143554 | 19732.867100596788 | 4506652.592345731 | 76636.66102203233 | 56171.97396007062 | 20464.687061961708 | 4676630.049104785 | 76636.66102203233 | 55449.56568145909 | 21187.095340573247 | 4844421.484734736 | 0 | 0 | 0 | 0 | 0 | 0 | 0 | 0 | 0 | 0 | 0 | 0 | 0 | 0 | 0 | 0 | 0 | 0 | 0 | 0 | 368.57912678094596 | 263.25145112722305 | 105.32767565372292 | 24095.5396170844 | 368.57912678094596 | 259.86586550073264 | 108.71326128021329 | 24881.898646370133 | 368.57912678094596 | 256.5238207169811 | 112.05530606396484 | 25658.144584862213 | 368.57912678094596 | 253.2247568122884 | 115.35436996865755 | 26424.407493514467 | 30503.39010023898 | 15968.76232490313 | 14534.62777533585 | 3345407.618917944 | 30503.39010023898 | 15763.393610054505 | 14739.996490184474 | 3393107.9464448635 | 30503.39010023898 | 15560.666071032816 | 14942.724029206163 | 3440194.8166002757 | 30503.39010023898 | 15360.545740591615 | 15142.844359647364 | 3486676.11884671 | 521803.11063210916 | 365327.2592224142 | 156475.85140969494 | 36045997.66155008
 |  | 200 | 91768.58963590013 | 75778.59954488876 | 15989.990091011376 | 3841607.8101409567 | 0 | 0 | 0 | 0 | 0 | 0 | 0 | 0 | 0 | 0 | 0 | 0 | 0 | 0 | 0 | 0 | 0 | 0 | 0 | 0 | 76636.66102203233 | 57894.406426190995 | 18742.254595841343 | 4276566.228101173 | 76636.66102203233 | 57149.84654091242 | 19486.81448111992 | 4449502.745804819 | 76636.66102203233 | 56414.862182130906 | 20221.79883990143 | 4620215.186922654 | 76636.66102203233 | 55689.33020232065 | 20947.33081971169 | 4788732.154532416 | 0 | 0 | 0 | 0 | 0 | 0 | 0 | 0 | 0 | 0 | 0 | 0 | 0 | 0 | 0 | 0 | 0 | 0 | 0 | 0 | 368.57912678094596 | 264.389753245011 | 104.18937353593495 | 23831.14986383939 | 368.57912678094596 | 260.9895283097074 | 107.58959847123856 | 24620.909118060426 | 368.57912678094596 | 257.6330324882168 | 110.94609429272911 | 25400.511552373995 | 368.57912678094596 | 254.31970339557034 | 114.2594233853756 | 26170.087790118898 | 30503.39010023898 | 16037.811425658534 | 14465.578674580445 | 3329369.8074922855 | 30503.39010023898 | 15831.554694268925 | 14671.835405970054 | 3377276.3917505946 | 30503.39010023898 | 15627.950559179048 | 14875.439541059932 | 3424566.866041097 | 30503.39010023898 | 15426.964906267724 | 15076.425193971256 | 3471249.153940442 | 521803.11063210916 | 366888.6584992565 | 154914.45213285272 | 35679109.003050834
 |  | 201 | 91768.58963590013 | 76087.91267591855 | 15680.676959981582 | 3765519.897465038 | 0 | 0 | 0 | 0 | 0 | 0 | 0 | 0 | 0 | 0 | 0 | 0 | 0 | 0 | 0 | 0 | 0 | 0 | 0 | 0 | 76636.66102203233 | 58144.742464837036 | 18491.9185571953 | 4218421.485636337 | 76636.66102203233 | 57396.963094573264 | 19239.697927459067 | 4392105.782710246 | 76636.66102203233 | 56658.800655486564 | 19977.86036654577 | 4563556.386267167 | 76636.66102203233 | 55930.13146755986 | 20706.529554472472 | 4732802.0230648555 | 0 | 0 | 0 | 0 | 0 | 0 | 0 | 0 | 0 | 0 | 0 | 0 | 0 | 0 | 0 | 0 | 0 | 0 | 0 | 0 | 368.57912678094596 | 265.5329773934499 | 103.04614938749602 | 23565.61688644594 | 368.57912678094596 | 262.1180498488037 | 106.46107693214228 | 24358.791068211623 | 368.57912678094596 | 258.74704050313085 | 109.83208627781508 | 25141.764511870864 | 368.57912678094596 | 255.41938453970386 | 113.15974224124211 | 25914.668405579196 | 30503.39010023898 | 16107.159095471334 | 14396.231004767646 | 3313262.6483968142 | 30503.39010023898 | 15900.010507747626 | 14603.379592491354 | 3361376.381242847 | 30503.39010023898 | 15695.525986178696 | 14807.864114060283 | 3408871.340054918 | 30503.39010023898 | 15493.67126913354 | 15009.71883110544 | 3455755.4826713083 | 521803.11063210916 | 368456.73466919153 | 153346.37596291763 | 35310652.26838164
 |  | 202 | 91768.58963590013 | 76398.48836146377 | 15370.10127443637 | 3689121.409103574 | 0 | 0 | 0 | 0 | 0 | 0 | 0 | 0 | 0 | 0 | 0 | 0 | 0 | 0 | 0 | 0 | 0 | 0 | 0 | 0 | 76636.66102203233 | 58396.16095921781 | 18240.500062814528 | 4160025.324677119 | 76636.66102203233 | 57645.14818288101 | 18991.512839151324 | 4334460.634527365 | 76636.66102203233 | 56903.79392143554 | 19732.867100596788 | 4506652.592345731 | 76636.66102203233 | 56171.97396007062 | 20464.687061961708 | 4676630.049104785 | 0 | 0 | 0 | 0 | 0 | 0 | 0 | 0 | 0 | 0 | 0 | 0 | 0 | 0 | 0 | 0 | 0 | 0 | 0 | 0 | 368.57912678094596 | 266.68114485545357 | 101.8979819254924 | 23298.935741590485 | 368.57912678094596 | 263.25145112722305 | 105.32767565372292 | 24095.5396170844 | 368.57912678094596 | 259.86586550073264 | 108.71326128021329 | 24881.898646370133 | 368.57912678094596 | 256.5238207169811 | 112.05530606396484 | 25658.144584862213 | 30503.39010023898 | 16176.806625357358 | 14326.583474881621 | 3297085.841771457 | 30503.39010023898 | 15968.76232490313 | 14534.62777533585 | 3345407.618917944 | 30503.39010023898 | 15763.393610054505 | 14739.996490184474 | 3393107.9464448635 | 30503.39010023898 | 15560.666071032816 | 14942.724029206163 | 3440194.8166002757 | 521803.11063210916 | 370031.516298617 | 151771.59433349222 | 34940620.75208302
 |  | 203 | 91768.58963590013 | 76710.33175502013 | 15058.257880879997 | 3612411.077348554 | 0 | 0 | 0 | 0 | 0 | 0 | 0 | 0 | 0 | 0 | 0 | 0 | 0 | 0 | 0 | 0 | 0 | 0 | 0 | 0 | 76636.66102203233 | 58648.6665898836 | 17987.994432148735 | 4101376.6580872354 | 76636.66102203233 | 57894.406426190995 | 18742.254595841343 | 4276566.228101173 | 76636.66102203233 | 57149.84654091242 | 19486.81448111992 | 4449502.745804819 | 76636.66102203233 | 56414.862182130906 | 20221.79883990143 | 4620215.186922654 | 0 | 0 | 0 | 0 | 0 | 0 | 0 | 0 | 0 | 0 | 0 | 0 | 0 | 0 | 0 | 0 | 0 | 0 | 0 | 0 | 368.57912678094596 | 267.83427700596303 | 100.7448497749829 | 23031.10146458452 | 368.57912678094596 | 264.389753245011 | 104.18937353593495 | 23831.14986383939 | 368.57912678094596 | 260.9895283097074 | 107.58959847123856 | 24620.909118060426 | 368.57912678094596 | 257.6330324882168 | 110.94609429272911 | 25400.511552373995 | 30503.39010023898 | 16246.755311914803 | 14256.634788324176 | 3280839.086459542 | 30503.39010023898 | 16037.811425658534 | 14465.578674580445 | 3329369.8074922855 | 30503.39010023898 | 15831.554694268925 | 14671.835405970054 | 3377276.3917505946 | 30503.39010023898 | 15627.950559179048 | 14875.439541059932 | 3424566.866041097 | 521803.11063210916 | 371613.03207620827 | 150190.07855590092 | 34569007.720006816
 |  | 204 | 91768.58963590013 | 77023.44803111895 | 14745.141604781174 | 3535387.629317435 | 0 | 0 | 0 | 0 | 0 | 0 | 0 | 0 | 0 | 0 | 0 | 0 | 0 | 0 | 0 | 0 | 0 | 0 | 0 | 0 | 76636.66102203233 | 58902.264057623455 | 17734.396964408883 | 4042474.3940296117 | 76636.66102203233 | 58144.742464837036 | 18491.9185571953 | 4218421.485636337 | 76636.66102203233 | 57396.963094573264 | 19239.697927459067 | 4392105.782710246 | 76636.66102203233 | 56658.800655486564 | 19977.86036654577 | 4563556.386267167 | 0 | 0 | 0 | 0 | 0 | 0 | 0 | 0 | 0 | 0 | 0 | 0 | 0 | 0 | 0 | 0 | 0 | 0 | 0 | 0 | 368.57912678094596 | 268.9923953123452 | 99.58673146860075 | 22762.109069272177 | 368.57912678094596 | 265.5329773934499 | 103.04614938749602 | 23565.61688644594 | 368.57912678094596 | 262.1180498488037 | 106.46107693214228 | 24358.791068211623 | 368.57912678094596 | 258.74704050313085 | 109.83208627781508 | 25141.764511870864 | 30503.39010023898 | 16317.006457348369 | 14186.38364289061 | 3264522.080002194 | 30503.39010023898 | 16107.159095471334 | 14396.231004767646 | 3313262.6483968142 | 30503.39010023898 | 15900.010507747626 | 14603.379592491354 | 3361376.381242847 | 30503.39010023898 | 15695.525986178696 | 14807.864114060283 | 3408871.340054918 | 521803.11063210916 | 373201.31081344304 | 148601.79981866613 | 34195806.40919337
 |  | 205 | 91768.58963590013 | 77337.84238541292 | 14430.747250487211 | 3458049.786932022 | 0 | 0 | 0 | 0 | 0 | 0 | 0 | 0 | 0 | 0 | 0 | 0 | 0 | 0 | 0 | 0 | 0 | 0 | 0 | 0 | 76636.66102203233 | 59156.958083552665 | 17479.70293847967 | 3983317.435946059 | 76636.66102203233 | 58396.16095921781 | 18240.500062814528 | 4160025.324677119 | 76636.66102203233 | 57645.14818288101 | 18991.512839151324 | 4334460.634527365 | 76636.66102203233 | 56903.79392143554 | 19732.867100596788 | 4506652.592345731 | 0 | 0 | 0 | 0 | 0 | 0 | 0 | 0 | 0 | 0 | 0 | 0 | 0 | 0 | 0 | 0 | 0 | 0 | 0 | 0 | 368.57912678094596 | 270.1555213347918 | 98.42360544615416 | 22491.953547937384 | 368.57912678094596 | 266.68114485545357 | 101.8979819254924 | 23298.935741590485 | 368.57912678094596 | 263.25145112722305 | 105.32767565372292 | 24095.5396170844 | 368.57912678094596 | 259.86586550073264 | 108.71326128021329 | 24881.898646370133 | 30503.39010023898 | 16387.561369493502 | 14115.82873074548 | 3248134.5186327 | 30503.39010023898 | 16176.806625357358 | 14326.583474881621 | 3297085.841771457 | 30503.39010023898 | 15968.76232490313 | 14534.62777533585 | 3345407.618917944 | 30503.39010023898 | 15763.393610054505 | 14739.996490184474 | 3393107.9464448635 | 521803.11063210916 | 374796.3814451266 | 147006.72918698253 | 33821010.02774824
 |  | 206 | 91768.58963590013 | 77653.52003476233 | 14115.0696011378 | 3380396.2668972593 | 0 | 0 | 0 | 0 | 0 | 0 | 0 | 0 | 0 | 0 | 0 | 0 | 0 | 0 | 0 | 0 | 0 | 0 | 0 | 0 | 76636.66102203233 | 59412.75340920068 | 17223.90761283165 | 3923904.682536858 | 76636.66102203233 | 58648.6665898836 | 17987.994432148735 | 4101376.6580872354 | 76636.66102203233 | 57894.406426190995 | 18742.254595841343 | 4276566.228101173 | 76636.66102203233 | 57149.84654091242 | 19486.81448111992 | 4449502.745804819 | 0 | 0 | 0 | 0 | 0 | 0 | 0 | 0 | 0 | 0 | 0 | 0 | 0 | 0 | 0 | 0 | 0 | 0 | 0 | 0 | 368.57912678094596 | 271.3236767267212 | 97.25545005422475 | 22220.62987121066 | 368.57912678094596 | 267.83427700596303 | 100.7448497749829 | 23031.10146458452 | 368.57912678094596 | 264.389753245011 | 104.18937353593495 | 23831.14986383939 | 368.57912678094596 | 260.9895283097074 | 107.58959847123856 | 24620.909118060426 | 30503.39010023898 | 16458.42136184074 | 14044.968738398238 | 3231676.0972708594 | 30503.39010023898 | 16246.755311914803 | 14256.634788324176 | 3280839.086459542 | 30503.39010023898 | 16037.811425658534 | 14465.578674580445 | 3329369.8074922855 | 30503.39010023898 | 15831.554694268925 | 14671.835405970054 | 3377276.3917505946 | 521803.11063210916 | 376398.2730299204 | 145404.83760218875 | 33444611.754718326
 |  | 207 | 91768.58963590013 | 77970.48621732168 | 13798.10341857845 | 3302425.7806799375 | 0 | 0 | 0 | 0 | 0 | 0 | 0 | 0 | 0 | 0 | 0 | 0 | 0 | 0 | 0 | 0 | 0 | 0 | 0 | 0 | 76636.66102203233 | 59669.654796599396 | 16967.006225432935 | 3864235.0277402587 | 76636.66102203233 | 58902.264057623455 | 17734.396964408883 | 4042474.3940296117 | 76636.66102203233 | 58144.742464837036 | 18491.9185571953 | 4218421.485636337 | 76636.66102203233 | 57396.963094573264 | 19239.697927459067 | 4392105.782710246 | 0 | 0 | 0 | 0 | 0 | 0 | 0 | 0 | 0 | 0 | 0 | 0 | 0 | 0 | 0 | 0 | 0 | 0 | 0 | 0 | 368.57912678094596 | 272.4968832351814 | 96.08224354576456 | 21948.13298797548 | 368.57912678094596 | 268.9923953123452 | 99.58673146860075 | 22762.109069272177 | 368.57912678094596 | 265.5329773934499 | 103.04614938749602 | 23565.61688644594 | 368.57912678094596 | 262.1180498488037 | 106.46107693214228 | 24358.791068211623 | 30503.39010023898 | 16529.587753560176 | 13973.802346678802 | 3215146.509517299 | 30503.39010023898 | 16317.006457348369 | 14186.38364289061 | 3264522.080002194 | 30503.39010023898 | 16107.159095471334 | 14396.231004767646 | 3313262.6483968142 | 30503.39010023898 | 15900.010507747626 | 14603.379592491354 | 3361376.381242847 | 521803.11063210916 | 378007.0147508721 | 143796.09588123704 | 33066604.73996745
 |  | 208 | 91768.58963590013 | 78288.74619262657 | 13479.843443273563 | 3224137.034487311 | 0 | 0 | 0 | 0 | 0 | 0 | 0 | 0 | 0 | 0 | 0 | 0 | 0 | 0 | 0 | 0 | 0 | 0 | 0 | 0 | 76636.66102203233 | 59927.667028371754 | 16708.99399366058 | 3804307.360711887 | 76636.66102203233 | 59156.958083552665 | 17479.70293847967 | 3983317.435946059 | 76636.66102203233 | 58396.16095921781 | 18240.500062814528 | 4160025.324677119 | 76636.66102203233 | 57645.14818288101 | 18991.512839151324 | 4334460.634527365 | 0 | 0 | 0 | 0 | 0 | 0 | 0 | 0 | 0 | 0 | 0 | 0 | 0 | 0 | 0 | 0 | 0 | 0 | 0 | 0 | 368.57912678094596 | 273.67516270125475 | 94.90396407969118 | 21674.457825274225 | 368.57912678094596 | 270.1555213347918 | 98.42360544615416 | 22491.953547937384 | 368.57912678094596 | 266.68114485545357 | 101.8979819254924 | 23298.935741590485 | 368.57912678094596 | 263.25145112722305 | 105.32767565372292 | 24095.5396170844 | 30503.39010023898 | 16601.061869526005 | 13902.328230712972 | 3198545.447647773 | 30503.39010023898 | 16387.561369493502 | 14115.82873074548 | 3248134.5186327 | 30503.39010023898 | 16176.806625357358 | 14326.583474881621 | 3297085.841771457 | 30503.39010023898 | 15968.76232490313 | 14534.62777533585 | 3345407.618917944 | 521803.11063210916 | 379622.6359159484 | 142180.47471616065 | 32686982.1040515
 |  | 209 | 91768.58963590013 | 78608.30524168097 | 13160.284394219172 | 3145528.7292456296 | 0 | 0 | 0 | 0 | 0 | 0 | 0 | 0 | 0 | 0 | 0 | 0 | 0 | 0 | 0 | 0 | 0 | 0 | 0 | 0 | 76636.66102203233 | 60186.794907820826 | 16449.86611421151 | 3744120.565804066 | 76636.66102203233 | 59412.75340920068 | 17223.90761283165 | 3923904.682536858 | 76636.66102203233 | 58648.6665898836 | 17987.994432148735 | 4101376.6580872354 | 76636.66102203233 | 57894.406426190995 | 18742.254595841343 | 4276566.228101173 | 0 | 0 | 0 | 0 | 0 | 0 | 0 | 0 | 0 | 0 | 0 | 0 | 0 | 0 | 0 | 0 | 0 | 0 | 0 | 0 | 368.57912678094596 | 274.85853706046487 | 93.72058972048107 | 21399.59928821376 | 368.57912678094596 | 271.3236767267212 | 97.25545005422475 | 22220.62987121066 | 368.57912678094596 | 267.83427700596303 | 100.7448497749829 | 23031.10146458452 | 368.57912678094596 | 264.389753245011 | 104.18937353593495 | 23831.14986383939 | 30503.39010023898 | 16672.84504034119 | 13830.54505989779 | 3181872.602607432 | 30503.39010023898 | 16458.42136184074 | 14044.968738398238 | 3231676.0972708594 | 30503.39010023898 | 16246.755311914803 | 14256.634788324176 | 3280839.086459542 | 30503.39010023898 | 16037.811425658534 | 14465.578674580445 | 3329369.8074922855 | 521803.11063210916 | 381245.16595857043 | 140557.94467353867 | 32305736.938092936
 |  | 210 | 91768.58963590013 | 78929.16866704484 | 12839.4209688553 | 3066599.5605785847 | 0 | 0 | 0 | 0 | 0 | 0 | 0 | 0 | 0 | 0 | 0 | 0 | 0 | 0 | 0 | 0 | 0 | 0 | 0 | 0 | 76636.66102203233 | 60447.043259019214 | 16189.61776301312 | 3683673.522545047 | 76636.66102203233 | 59669.654796599396 | 16967.006225432935 | 3864235.0277402587 | 76636.66102203233 | 58902.264057623455 | 17734.396964408883 | 4042474.3940296117 | 76636.66102203233 | 58144.742464837036 | 18491.9185571953 | 4218421.485636337 | 0 | 0 | 0 | 0 | 0 | 0 | 0 | 0 | 0 | 0 | 0 | 0 | 0 | 0 | 0 | 0 | 0 | 0 | 0 | 0 | 368.57912678094596 | 276.04702834318465 | 92.53209843776132 | 21123.552259870576 | 368.57912678094596 | 272.4968832351814 | 96.08224354576456 | 21948.13298797548 | 368.57912678094596 | 268.9923953123452 | 99.58673146860075 | 22762.109069272177 | 368.57912678094596 | 265.5329773934499 | 103.04614938749602 | 23565.61688644594 | 30503.39010023898 | 16744.938602362236 | 13758.451497876742 | 3165127.6640050695 | 30503.39010023898 | 16529.587753560176 | 13973.802346678802 | 3215146.509517299 | 30503.39010023898 | 16317.006457348369 | 14186.38364289061 | 3264522.080002194 | 30503.39010023898 | 16107.159095471334 | 14396.231004767646 | 3313262.6483968142 | 521803.11063210916 | 382874.63443815015 | 138928.47619395895 | 31922862.303654782
 |  | 211 | 91768.58963590013 | 79251.34179292215 | 12517.247842977982 | 2987348.2187856627 | 0 | 0 | 0 | 0 | 0 | 0 | 0 | 0 | 0 | 0 | 0 | 0 | 0 | 0 | 0 | 0 | 0 | 0 | 0 | 0 | 76636.66102203233 | 60708.41692689886 | 15928.24409513347 | 3622965.105618148 | 76636.66102203233 | 59927.667028371754 | 16708.99399366058 | 3804307.360711887 | 76636.66102203233 | 59156.958083552665 | 17479.70293847967 | 3983317.435946059 | 76636.66102203233 | 58396.16095921781 | 18240.500062814528 | 4160025.324677119 | 0 | 0 | 0 | 0 | 0 | 0 | 0 | 0 | 0 | 0 | 0 | 0 | 0 | 0 | 0 | 0 | 0 | 0 | 0 | 0 | 368.57912678094596 | 277.2406586750466 | 91.33846810589937 | 20846.311601195528 | 368.57912678094596 | 273.67516270125475 | 94.90396407969118 | 21674.457825274225 | 368.57912678094596 | 270.1555213347918 | 98.42360544615416 | 22491.953547937384 | 368.57912678094596 | 266.68114485545357 | 101.8979819254924 | 23298.935741590485 | 30503.39010023898 | 16817.343897724073 | 13686.046202514905 | 3148310.3201073455 | 30503.39010023898 | 16601.061869526005 | 13902.328230712972 | 3198545.447647773 | 30503.39010023898 | 16387.561369493502 | 14115.82873074548 | 3248134.5186327 | 30503.39010023898 | 16176.806625357358 | 14326.583474881621 | 3297085.841771457 | 521803.11063210916 | 384511.07104063063 | 137292.03959147845 | 31538351.232614145
 |  | 212 | 91768.58963590013 | 79574.82996524923 | 12193.759670650912 | 2907773.3888204135 | 0 | 0 | 0 | 0 | 0 | 0 | 0 | 0 | 0 | 0 | 0 | 0 | 0 | 0 | 0 | 0 | 0 | 0 | 0 | 0 | 76636.66102203233 | 60970.92077734126 | 15665.740244691075 | 3561994.1848408068 | 76636.66102203233 | 60186.794907820826 | 16449.86611421151 | 3744120.565804066 | 76636.66102203233 | 59412.75340920068 | 17223.90761283165 | 3923904.682536858 | 76636.66102203233 | 58648.6665898836 | 17987.994432148735 | 4101376.6580872354 | 0 | 0 | 0 | 0 | 0 | 0 | 0 | 0 | 0 | 0 | 0 | 0 | 0 | 0 | 0 | 0 | 0 | 0 | 0 | 0 | 368.57912678094596 | 278.4394502773547 | 90.13967650359126 | 20567.872150918174 | 368.57912678094596 | 274.85853706046487 | 93.72058972048107 | 21399.59928821376 | 368.57912678094596 | 271.3236767267212 | 97.25545005422475 | 22220.62987121066 | 368.57912678094596 | 267.83427700596303 | 100.7448497749829 | 23031.10146458452 | 30503.39010023898 | 16890.06227436503 | 13613.327825873948 | 3131420.2578329802 | 30503.39010023898 | 16672.84504034119 | 13830.54505989779 | 3181872.602607432 | 30503.39010023898 | 16458.42136184074 | 14044.968738398238 | 3231676.0972708594 | 30503.39010023898 | 16246.755311914803 | 14256.634788324176 | 3280839.086459542 | 521803.11063210916 | 386154.5055790279 | 135648.60505308132 | 31152196.727035124
 |  | 213 | 91768.58963590013 | 79899.6385517834 | 11868.951084116736 | 2827873.75026863 | 0 | 0 | 0 | 0 | 0 | 0 | 0 | 0 | 0 | 0 | 0 | 0 | 0 | 0 | 0 | 0 | 0 | 0 | 0 | 0 | 76636.66102203233 | 61234.55969726801 | 15402.101324764326 | 3500759.6251435387 | 76636.66102203233 | 60447.043259019214 | 16189.61776301312 | 3683673.522545047 | 76636.66102203233 | 59669.654796599396 | 16967.006225432935 | 3864235.0277402587 | 76636.66102203233 | 58902.264057623455 | 17734.396964408883 | 4042474.3940296117 | 0 | 0 | 0 | 0 | 0 | 0 | 0 | 0 | 0 | 0 | 0 | 0 | 0 | 0 | 0 | 0 | 0 | 0 | 0 | 0 | 368.57912678094596 | 279.6434254674981 | 88.93570131344784 | 20288.228725450677 | 368.57912678094596 | 276.04702834318465 | 92.53209843776132 | 21123.552259870576 | 368.57912678094596 | 272.4968832351814 | 96.08224354576456 | 21948.13298797548 | 368.57912678094596 | 268.9923953123452 | 99.58673146860075 | 22762.109069272177 | 30503.39010023898 | 16963.095086051944 | 13540.295014187037 | 3114457.162746928 | 30503.39010023898 | 16744.938602362236 | 13758.451497876742 | 3165127.6640050695 | 30503.39010023898 | 16529.587753560176 | 13973.802346678802 | 3215146.509517299 | 30503.39010023898 | 16317.006457348369 | 14186.38364289061 | 3264522.080002194 | 521803.11063210916 | 387804.9679939744 | 133998.14263813477 | 30764391.75904115
 |  | 214 | 91768.58963590013 | 80225.77294219215 | 11542.816693707988 | 2747647.977326438 | 0 | 0 | 0 | 0 | 0 | 0 | 0 | 0 | 0 | 0 | 0 | 0 | 0 | 0 | 0 | 0 | 0 | 0 | 0 | 0 | 76636.66102203233 | 61499.33859473182 | 15137.322427300516 | 3439260.286548807 | 76636.66102203233 | 60708.41692689886 | 15928.24409513347 | 3622965.105618148 | 76636.66102203233 | 59927.667028371754 | 16708.99399366058 | 3804307.360711887 | 76636.66102203233 | 59156.958083552665 | 17479.70293847967 | 3983317.435946059 | 0 | 0 | 0 | 0 | 0 | 0 | 0 | 0 | 0 | 0 | 0 | 0 | 0 | 0 | 0 | 0 | 0 | 0 | 0 | 0 | 368.57912678094596 | 280.85260665936664 | 87.72652012157931 | 20007.37611879131 | 368.57912678094596 | 277.2406586750466 | 91.33846810589937 | 20846.311601195528 | 368.57912678094596 | 273.67516270125475 | 94.90396407969118 | 21674.457825274225 | 368.57912678094596 | 270.1555213347918 | 98.42360544615416 | 22491.953547937384 | 30503.39010023898 | 17036.443692405344 | 13466.946407833637 | 3097420.719054523 | 30503.39010023898 | 16817.343897724073 | 13686.046202514905 | 3148310.3201073455 | 30503.39010023898 | 16601.061869526005 | 13902.328230712972 | 3198545.447647773 | 30503.39010023898 | 16387.561369493502 | 14115.82873074548 | 3248134.5186327 | 521803.11063210916 | 389462.48835426656 | 132340.62227784254 | 30374929.270686872
 |  | 215 | 91768.58963590013 | 80553.23854814249 | 11215.351087757652 | 2667094.7387782955 | 0 | 0 | 0 | 0 | 0 | 0 | 0 | 0 | 0 | 0 | 0 | 0 | 0 | 0 | 0 | 0 | 0 | 0 | 0 | 0 | 76636.66102203233 | 61765.26239900787 | 14871.39862302446 | 3377495.024149799 | 76636.66102203233 | 60970.92077734126 | 15665.740244691075 | 3561994.1848408068 | 76636.66102203233 | 60186.794907820826 | 16449.86611421151 | 3744120.565804066 | 76636.66102203233 | 59412.75340920068 | 17223.90761283165 | 3923904.682536858 | 0 | 0 | 0 | 0 | 0 | 0 | 0 | 0 | 0 | 0 | 0 | 0 | 0 | 0 | 0 | 0 | 0 | 0 | 0 | 0 | 368.57912678094596 | 282.06701636376795 | 86.512110417178 | 19725.30910242754 | 368.57912678094596 | 278.4394502773547 | 90.13967650359126 | 20567.872150918174 | 368.57912678094596 | 274.85853706046487 | 93.72058972048107 | 21399.59928821376 | 368.57912678094596 | 271.3236767267212 | 97.25545005422475 | 22220.62987121066 | 30503.39010023898 | 17110.109458924777 | 13393.280641314203 | 3080310.609595598 | 30503.39010023898 | 16890.06227436503 | 13613.327825873948 | 3131420.2578329802 | 30503.39010023898 | 16672.84504034119 | 13830.54505989779 | 3181872.602607432 | 30503.39010023898 | 16458.42136184074 | 14044.968738398238 | 3231676.0972708594 | 521803.11063210916 | 391127.09685741324 | 130676.013774696 | 29983802.173829466
 |  | 216 | 91768.58963590013 | 80882.04080339076 | 10886.548832509372 | 2586212.697974905 | 0 | 0 | 0 | 0 | 0 | 0 | 0 | 0 | 0 | 0 | 0 | 0 | 0 | 0 | 0 | 0 | 0 | 0 | 0 | 0 | 76636.66102203233 | 62032.33606068559 | 14604.324961346741 | 3315462.688089113 | 76636.66102203233 | 61234.55969726801 | 15402.101324764326 | 3500759.6251435387 | 76636.66102203233 | 60447.043259019214 | 16189.61776301312 | 3683673.522545047 | 76636.66102203233 | 59669.654796599396 | 16967.006225432935 | 3864235.0277402587 | 0 | 0 | 0 | 0 | 0 | 0 | 0 | 0 | 0 | 0 | 0 | 0 | 0 | 0 | 0 | 0 | 0 | 0 | 0 | 0 | 368.57912678094596 | 283.28667718884674 | 85.29244959209922 | 19442.022425238694 | 368.57912678094596 | 279.6434254674981 | 88.93570131344784 | 20288.228725450677 | 368.57912678094596 | 276.04702834318465 | 92.53209843776132 | 21123.552259870576 | 368.57912678094596 | 272.4968832351814 | 96.08224354576456 | 21948.13298797548 | 30503.39010023898 | 17184.093757014234 | 13319.296343224747 | 3063126.515838584 | 30503.39010023898 | 16963.095086051944 | 13540.295014187037 | 3114457.162746928 | 30503.39010023898 | 16744.938602362236 | 13758.451497876742 | 3165127.6640050695 | 30503.39010023898 | 16529.587753560176 | 13973.802346678802 | 3215146.509517299 | 521803.11063210916 | 392798.8238301863 | 129004.28680192289 | 29591003.34999928
 |  | 217 | 91768.58963590013 | 81212.18516387285 | 10556.404472027274 | 2505000.512811032 | 0 | 0 | 0 | 0 | 0 | 0 | 0 | 0 | 0 | 0 | 0 | 0 | 0 | 0 | 0 | 0 | 0 | 0 | 0 | 0 | 76636.66102203233 | 62300.5645517608 | 14336.096470271536 | 3253162.1235373523 | 76636.66102203233 | 61499.33859473182 | 15137.322427300516 | 3439260.286548807 | 76636.66102203233 | 60708.41692689886 | 15928.24409513347 | 3622965.105618148 | 76636.66102203233 | 59927.667028371754 | 16708.99399366058 | 3804307.360711887 | 0 | 0 | 0 | 0 | 0 | 0 | 0 | 0 | 0 | 0 | 0 | 0 | 0 | 0 | 0 | 0 | 0 | 0 | 0 | 0 | 368.57912678094596 | 284.51161184050545 | 84.06751494044047 | 19157.51081339819 | 368.57912678094596 | 280.85260665936664 | 87.72652012157931 | 20007.37611879131 | 368.57912678094596 | 277.2406586750466 | 91.33846810589937 | 20846.311601195528 | 368.57912678094596 | 273.67516270125475 | 94.90396407969118 | 21674.457825274225 | 30503.39010023898 | 17258.397964007658 | 13244.992136231323 | 3045868.1178745762 | 30503.39010023898 | 17036.443692405344 | 13466.946407833637 | 3097420.719054523 | 30503.39010023898 | 16817.343897724073 | 13686.046202514905 | 3148310.3201073455 | 30503.39010023898 | 16601.061869526005 | 13902.328230712972 | 3198545.447647773 | 521803.11063210916 | 394477.69972917525 | 127325.41090293381 | 29196525.650270104
 |  | 218 | 91768.58963590013 | 81543.67710779469 | 10224.912528105448 | 2423456.8357032374 | 0 | 0 | 0 | 0 | 0 | 0 | 0 | 0 | 0 | 0 | 0 | 0 | 0 | 0 | 0 | 0 | 0 | 0 | 0 | 0 | 76636.66102203233 | 62569.95286572828 | 14066.708156304052 | 3190592.170671624 | 76636.66102203233 | 61765.26239900787 | 14871.39862302446 | 3377495.024149799 | 76636.66102203233 | 60970.92077734126 | 15665.740244691075 | 3561994.1848408068 | 76636.66102203233 | 60186.794907820826 | 16449.86611421151 | 3744120.565804066 | 0 | 0 | 0 | 0 | 0 | 0 | 0 | 0 | 0 | 0 | 0 | 0 | 0 | 0 | 0 | 0 | 0 | 0 | 0 | 0 | 368.57912678094596 | 285.7418431228273 | 82.83728365811868 | 18871.76897027536 | 368.57912678094596 | 282.06701636376795 | 86.512110417178 | 19725.30910242754 | 368.57912678094596 | 278.4394502773547 | 90.13967650359126 | 20567.872150918174 | 368.57912678094596 | 274.85853706046487 | 93.72058972048107 | 21399.59928821376 | 30503.39010023898 | 17333.023463194604 | 13170.366637044375 | 3028535.0944113815 | 30503.39010023898 | 17110.109458924777 | 13393.280641314203 | 3080310.609595598 | 30503.39010023898 | 16890.06227436503 | 13613.327825873948 | 3131420.2578329802 | 30503.39010023898 | 16672.84504034119 | 13830.54505989779 | 3181872.602607432 | 521803.11063210916 | 396163.755141343 | 125639.35549076623 | 28800361.89512876
 |  | 219 | 91768.58963590013 | 81876.5221357231 | 9892.067500177034 | 2341580.3135675145 | 0 | 0 | 0 | 0 | 0 | 0 | 0 | 0 | 0 | 0 | 0 | 0 | 0 | 0 | 0 | 0 | 0 | 0 | 0 | 0 | 76636.66102203233 | 62840.50601767475 | 13796.155004357584 | 3127751.6646539494 | 76636.66102203233 | 62032.33606068559 | 14604.324961346741 | 3315462.688089113 | 76636.66102203233 | 61234.55969726801 | 15402.101324764326 | 3500759.6251435387 | 76636.66102203233 | 60447.043259019214 | 16189.61776301312 | 3683673.522545047 | 0 | 0 | 0 | 0 | 0 | 0 | 0 | 0 | 0 | 0 | 0 | 0 | 0 | 0 | 0 | 0 | 0 | 0 | 0 | 0 | 368.57912678094596 | 286.9773939385003 | 81.60173284244563 | 18584.79157633686 | 368.57912678094596 | 283.28667718884674 | 85.29244959209922 | 19442.022425238694 | 368.57912678094596 | 279.6434254674981 | 88.93570131344784 | 20288.228725450677 | 368.57912678094596 | 276.04702834318465 | 92.53209843776132 | 21123.552259870576 | 30503.39010023898 | 17407.971643845995 | 13095.418456392987 | 3011127.1227675355 | 30503.39010023898 | 17184.093757014234 | 13319.296343224747 | 3063126.515838584 | 30503.39010023898 | 16963.095086051944 | 13540.295014187037 | 3114457.162746928 | 30503.39010023898 | 16744.938602362236 | 13758.451497876742 | 3165127.6640050695 | 521803.11063210916 | 397857.0207845832 | 123946.08984752609 | 28402504.874344178
 |  | 220 | 91768.58963590013 | 82210.72577067716 | 9557.863865222966 | 2259369.5877968376 | 0 | 0 | 0 | 0 | 0 | 0 | 0 | 0 | 0 | 0 | 0 | 0 | 0 | 0 | 0 | 0 | 0 | 0 | 0 | 0 | 76636.66102203233 | 63112.22904437221 | 13524.431977660126 | 3064639.435609577 | 76636.66102203233 | 62300.5645517608 | 14336.096470271536 | 3253162.1235373523 | 76636.66102203233 | 61499.33859473182 | 15137.322427300516 | 3439260.286548807 | 76636.66102203233 | 60708.41692689886 | 15928.24409513347 | 3622965.105618148 | 0 | 0 | 0 | 0 | 0 | 0 | 0 | 0 | 0 | 0 | 0 | 0 | 0 | 0 | 0 | 0 | 0 | 0 | 0 | 0 | 368.57912678094596 | 288.2182872892443 | 80.36083949170167 | 18296.573289047614 | 368.57912678094596 | 284.51161184050545 | 84.06751494044047 | 19157.51081339819 | 368.57912678094596 | 280.85260665936664 | 87.72652012157931 | 20007.37611879131 | 368.57912678094596 | 277.2406586750466 | 91.33846810589937 | 20846.311601195528 | 30503.39010023898 | 17483.243901239955 | 13020.146198999022 | 2993643.8788662953 | 30503.39010023898 | 17258.397964007658 | 13244.992136231323 | 3045868.1178745762 | 30503.39010023898 | 17036.443692405344 | 13466.946407833637 | 3097420.719054523 | 30503.39010023898 | 16817.343897724073 | 13686.046202514905 | 3148310.3201073455 | 521803.11063210916 | 399557.527508282 | 122245.58312382709 | 28002947.346835896
 |  | 221 | 91768.58963590013 | 82546.29355821983 | 9222.296077680301 | 2176823.2942386176 | 0 | 0 | 0 | 0 | 0 | 0 | 0 | 0 | 0 | 0 | 0 | 0 | 0 | 0 | 0 | 0 | 0 | 0 | 0 | 0 | 76636.66102203233 | 63385.127004371716 | 13251.53401766062 | 3001254.3086052057 | 76636.66102203233 | 62569.95286572828 | 14066.708156304052 | 3190592.170671624 | 76636.66102203233 | 61765.26239900787 | 14871.39862302446 | 3377495.024149799 | 76636.66102203233 | 60970.92077734126 | 15665.740244691075 | 3561994.1848408068 | 0 | 0 | 0 | 0 | 0 | 0 | 0 | 0 | 0 | 0 | 0 | 0 | 0 | 0 | 0 | 0 | 0 | 0 | 0 | 0 | 368.57912678094596 | 289.4645462762385 | 79.11458050470746 | 18007.108742771376 | 368.57912678094596 | 285.7418431228273 | 82.83728365811868 | 18871.76897027536 | 368.57912678094596 | 282.06701636376795 | 86.512110417178 | 19725.30910242754 | 368.57912678094596 | 278.4394502773547 | 90.13967650359126 | 20567.872150918174 | 30503.39010023898 | 17558.841636687834 | 12944.548463551146 | 2976085.0372296073 | 30503.39010023898 | 17333.023463194604 | 13170.366637044375 | 3028535.0944113815 | 30503.39010023898 | 17110.109458924777 | 13393.280641314203 | 3080310.609595598 | 30503.39010023898 | 16890.06227436503 | 13613.327825873948 | 3131420.2578329802 | 521803.11063210916 | 401265.30629388144 | 120537.80433822778 | 27601682.04054201
 |  | 222 | 91768.58963590013 | 82883.23106654991 | 8885.358569350225 | 2093940.0631720677 | 0 | 0 | 0 | 0 | 0 | 0 | 0 | 0 | 0 | 0 | 0 | 0 | 0 | 0 | 0 | 0 | 0 | 0 | 0 | 0 | 76636.66102203233 | 63659.20497809755 | 12977.456043934784 | 2937595.103627108 | 76636.66102203233 | 62840.50601767475 | 13796.155004357584 | 3127751.6646539494 | 76636.66102203233 | 62032.33606068559 | 14604.324961346741 | 3315462.688089113 | 76636.66102203233 | 61234.55969726801 | 15402.101324764326 | 3500759.6251435387 | 0 | 0 | 0 | 0 | 0 | 0 | 0 | 0 | 0 | 0 | 0 | 0 | 0 | 0 | 0 | 0 | 0 | 0 | 0 | 0 | 368.57912678094596 | 290.71619410055206 | 77.8629326803939 | 17716.392548670825 | 368.57912678094596 | 286.9773939385003 | 81.60173284244563 | 18584.79157633686 | 368.57912678094596 | 283.28667718884674 | 85.29244959209922 | 19442.022425238694 | 368.57912678094596 | 279.6434254674981 | 88.93570131344784 | 20288.228725450677 | 30503.39010023898 | 17634.76625756024 | 12868.623842678739 | 2958450.270972047 | 30503.39010023898 | 17407.971643845995 | 13095.418456392987 | 3011127.1227675355 | 30503.39010023898 | 17184.093757014234 | 13319.296343224747 | 3063126.515838584 | 30503.39010023898 | 16963.095086051944 | 13540.295014187037 | 3114457.162746928 | 521803.11063210916 | 402980.38825544366 | 118822.72237666555 | 27198701.652286567
 |  | 223 | 91768.58963590013 | 83221.54388659449 | 8547.045749305642 | 2010718.5192854733 | 0 | 0 | 0 | 0 | 0 | 0 | 0 | 0 | 0 | 0 | 0 | 0 | 0 | 0 | 0 | 0 | 0 | 0 | 0 | 0 | 76636.66102203233 | 63934.46806794182 | 12702.192954090513 | 2873660.6355591663 | 76636.66102203233 | 63112.22904437221 | 13524.431977660126 | 3064639.435609577 | 76636.66102203233 | 62300.5645517608 | 14336.096470271536 | 3253162.1235373523 | 76636.66102203233 | 61499.33859473182 | 15137.322427300516 | 3439260.286548807 | 0 | 0 | 0 | 0 | 0 | 0 | 0 | 0 | 0 | 0 | 0 | 0 | 0 | 0 | 0 | 0 | 0 | 0 | 0 | 0 | 368.57912678094596 | 291.9732540635757 | 76.60587271737022 | 17424.41929460725 | 368.57912678094596 | 288.2182872892443 | 80.36083949170167 | 18296.573289047614 | 368.57912678094596 | 284.51161184050545 | 84.06751494044047 | 19157.51081339819 | 368.57912678094596 | 280.85260665936664 | 87.72652012157931 | 20007.37611879131 | 30503.39010023898 | 17711.019177313286 | 12792.370922925693 | 2940739.2517947336 | 30503.39010023898 | 17483.243901239955 | 13020.146198999022 | 2993643.8788662953 | 30503.39010023898 | 17258.397964007658 | 13244.992136231323 | 3045868.1178745762 | 30503.39010023898 | 17036.443692405344 | 13466.946407833637 | 3097420.719054523 | 521803.11063210916 | 404702.8046402201 | 117100.3059918891 | 26793998.847646352
 |  | 224 | 91768.58963590013 | 83561.23763210172 | 8207.35200379841 | 1927157.2816533716 | 0 | 0 | 0 | 0 | 0 | 0 | 0 | 0 | 0 | 0 | 0 | 0 | 0 | 0 | 0 | 0 | 0 | 0 | 0 | 0 | 76636.66102203233 | 64210.921398359416 | 12425.739623672918 | 2809449.714160807 | 76636.66102203233 | 63385.127004371716 | 13251.53401766062 | 3001254.3086052057 | 76636.66102203233 | 62569.95286572828 | 14066.708156304052 | 3190592.170671624 | 76636.66102203233 | 61765.26239900787 | 14871.39862302446 | 3377495.024149799 | 0 | 0 | 0 | 0 | 0 | 0 | 0 | 0 | 0 | 0 | 0 | 0 | 0 | 0 | 0 | 0 | 0 | 0 | 0 | 0 | 368.57912678094596 | 293.23574956745574 | 75.3433772134902 | 17131.183545039796 | 368.57912678094596 | 289.4645462762385 | 79.11458050470746 | 18007.108742771376 | 368.57912678094596 | 285.7418431228273 | 82.83728365811868 | 18871.76897027536 | 368.57912678094596 | 282.06701636376795 | 86.512110417178 | 19725.30910242754 | 30503.39010023898 | 17787.601815514874 | 12715.788284724105 | 2922951.649979219 | 30503.39010023898 | 17558.841636687834 | 12944.548463551146 | 2976085.0372296073 | 30503.39010023898 | 17333.023463194604 | 13170.366637044375 | 3028535.0944113815 | 30503.39010023898 | 17110.109458924777 | 13393.280641314203 | 3080310.609595598 | 521803.11063210916 | 406432.58682922134 | 115370.5238028878 | 26387566.26081712
 |  | 225 | 91768.58963590013 | 83902.31793973396 | 7866.271696166184 | 1843254.9637136378 | 0 | 0 | 0 | 0 | 0 | 0 | 0 | 0 | 0 | 0 | 0 | 0 | 0 | 0 | 0 | 0 | 0 | 0 | 0 | 0 | 76636.66102203233 | 64488.57011596343 | 12148.090906068903 | 2744961.1440448435 | 76636.66102203233 | 63659.20497809755 | 12977.456043934784 | 2937595.103627108 | 76636.66102203233 | 62840.50601767475 | 13796.155004357584 | 3127751.6646539494 | 76636.66102203233 | 62032.33606068559 | 14604.324961346741 | 3315462.688089113 | 0 | 0 | 0 | 0 | 0 | 0 | 0 | 0 | 0 | 0 | 0 | 0 | 0 | 0 | 0 | 0 | 0 | 0 | 0 | 0 | 368.57912678094596 | 294.5037041155295 | 74.07542266541644 | 16836.679840924266 | 368.57912678094596 | 290.71619410055206 | 77.8629326803939 | 17716.392548670825 | 368.57912678094596 | 286.9773939385003 | 81.60173284244563 | 18584.79157633686 | 368.57912678094596 | 283.28667718884674 | 85.29244959209922 | 19442.022425238694 | 30503.39010023898 | 17864.515597871137 | 12638.874502367842 | 2905087.134381348 | 30503.39010023898 | 17634.76625756024 | 12868.623842678739 | 2958450.270972047 | 30503.39010023898 | 17407.971643845995 | 13095.418456392987 | 3011127.1227675355 | 30503.39010023898 | 17184.093757014234 | 13319.296343224747 | 3063126.515838584 | 521803.11063210916 | 408169.76633779035 | 113633.34429431887 | 25979396.494479336
 |  | 226 | 91768.58963590013 | 84244.79046916125 | 7523.799166738886 | 1759010.1732444766 | 0 | 0 | 0 | 0 | 0 | 0 | 0 | 0 | 0 | 0 | 0 | 0 | 0 | 0 | 0 | 0 | 0 | 0 | 0 | 0 | 76636.66102203233 | 64767.41938962097 | 11869.241632411364 | 2680193.7246552226 | 76636.66102203233 | 63934.46806794182 | 12702.192954090513 | 2873660.6355591663 | 76636.66102203233 | 63112.22904437221 | 13524.431977660126 | 3064639.435609577 | 76636.66102203233 | 62300.5645517608 | 14336.096470271536 | 3253162.1235373523 | 0 | 0 | 0 | 0 | 0 | 0 | 0 | 0 | 0 | 0 | 0 | 0 | 0 | 0 | 0 | 0 | 0 | 0 | 0 | 0 | 368.57912678094596 | 295.77714131276304 | 72.8019854681829 | 16540.902699611503 | 368.57912678094596 | 291.9732540635757 | 76.60587271737022 | 17424.41929460725 | 368.57912678094596 | 288.2182872892443 | 80.36083949170167 | 18296.573289047614 | 368.57912678094596 | 284.51161184050545 | 84.06751494044047 | 19157.51081339819 | 30503.39010023898 | 17941.76195625298 | 12561.628143986001 | 2887145.3724250947 | 30503.39010023898 | 17711.019177313286 | 12792.370922925693 | 2940739.2517947336 | 30503.39010023898 | 17483.243901239955 | 13020.146198999022 | 2993643.8788662953 | 30503.39010023898 | 17258.397964007658 | 13244.992136231323 | 3045868.1178745762 | 521803.11063210916 | 409914.37481617706 | 111888.73581593216 | 25569482.119663164
 |  | 227 | 91768.58963590013 | 84588.66090315534 | 7179.928732744797 | 1674421.5123413212 | 0 | 0 | 0 | 0 | 0 | 0 | 0 | 0 | 0 | 0 | 0 | 0 | 0 | 0 | 0 | 0 | 0 | 0 | 0 | 0 | 76636.66102203233 | 65047.474410549374 | 11589.186611482959 | 2615146.2502446733 | 76636.66102203233 | 64210.921398359416 | 12425.739623672918 | 2809449.714160807 | 76636.66102203233 | 63385.127004371716 | 13251.53401766062 | 3001254.3086052057 | 76636.66102203233 | 62569.95286572828 | 14066.708156304052 | 3190592.170671624 | 0 | 0 | 0 | 0 | 0 | 0 | 0 | 0 | 0 | 0 | 0 | 0 | 0 | 0 | 0 | 0 | 0 | 0 | 0 | 0 | 368.57912678094596 | 297.05608486619053 | 71.52304191475544 | 16243.846614745313 | 368.57912678094596 | 293.23574956745574 | 75.3433772134902 | 17131.183545039796 | 368.57912678094596 | 289.4645462762385 | 79.11458050470746 | 18007.108742771376 | 368.57912678094596 | 285.7418431228273 | 82.83728365811868 | 18871.76897027536 | 30503.39010023898 | 18019.34232872272 | 12484.047771516258 | 2869126.030096372 | 30503.39010023898 | 17787.601815514874 | 12715.788284724105 | 2922951.649979219 | 30503.39010023898 | 17558.841636687834 | 12944.548463551146 | 2976085.0372296073 | 30503.39010023898 | 17333.023463194604 | 13170.366637044375 | 3028535.0944113815 | 521803.11063210916 | 411666.4440501168 | 110136.66658199232 | 25157815.675613042
 |  | 228 | 91768.58963590013 | 84933.93494768388 | 6834.654688216256 | 1589487.5773936373 | 0 | 0 | 0 | 0 | 0 | 0 | 0 | 0 | 0 | 0 | 0 | 0 | 0 | 0 | 0 | 0 | 0 | 0 | 0 | 0 | 76636.66102203233 | 65328.74039241287 | 11307.92062961947 | 2549817.5098522604 | 76636.66102203233 | 64488.57011596343 | 12148.090906068903 | 2744961.1440448435 | 76636.66102203233 | 63659.20497809755 | 12977.456043934784 | 2937595.103627108 | 76636.66102203233 | 62840.50601767475 | 13796.155004357584 | 3127751.6646539494 | 0 | 0 | 0 | 0 | 0 | 0 | 0 | 0 | 0 | 0 | 0 | 0 | 0 | 0 | 0 | 0 | 0 | 0 | 0 | 0 | 368.57912678094596 | 298.3405585853556 | 70.23856819559036 | 15945.506056159957 | 368.57912678094596 | 294.5037041155295 | 74.07542266541644 | 16836.679840924266 | 368.57912678094596 | 290.71619410055206 | 77.8629326803939 | 17716.392548670825 | 368.57912678094596 | 286.9773939385003 | 81.60173284244563 | 18584.79157633686 | 30503.39010023898 | 18097.25815956089 | 12406.13194067809 | 2851028.771936811 | 30503.39010023898 | 17864.515597871137 | 12638.874502367842 | 2905087.134381348 | 30503.39010023898 | 17634.76625756024 | 12868.623842678739 | 2958450.270972047 | 30503.39010023898 | 17407.971643845995 | 13095.418456392987 | 3011127.1227675355 | 521803.11063210916 | 413426.00596141076 | 108377.10467069848 | 24744389.66965163
 |  | 229 | 91768.58963590013 | 85280.61833200516 | 6487.971303894977 | 1504206.9590616322 | 0 | 0 | 0 | 0 | 0 | 0 | 0 | 0 | 0 | 0 | 0 | 0 | 0 | 0 | 0 | 0 | 0 | 0 | 0 | 0 | 76636.66102203233 | 65611.22257141961 | 11025.438450612728 | 2484206.287280841 | 76636.66102203233 | 64767.41938962097 | 11869.241632411364 | 2680193.7246552226 | 76636.66102203233 | 63934.46806794182 | 12702.192954090513 | 2873660.6355591663 | 76636.66102203233 | 63112.22904437221 | 13524.431977660126 | 3064639.435609577 | 0 | 0 | 0 | 0 | 0 | 0 | 0 | 0 | 0 | 0 | 0 | 0 | 0 | 0 | 0 | 0 | 0 | 0 | 0 | 0 | 368.57912678094596 | 299.63058638275464 | 68.9485403981913 | 15645.875469777202 | 368.57912678094596 | 295.77714131276304 | 72.8019854681829 | 16540.902699611503 | 368.57912678094596 | 291.9732540635757 | 76.60587271737022 | 17424.41929460725 | 368.57912678094596 | 288.2182872892443 | 80.36083949170167 | 18296.573289047614 | 30503.39010023898 | 18175.5108992931 | 12327.879200945883 | 2832853.261037518 | 30503.39010023898 | 17941.76195625298 | 12561.628143986001 | 2887145.3724250947 | 30503.39010023898 | 17711.019177313286 | 12792.370922925693 | 2940739.2517947336 | 30503.39010023898 | 17483.243901239955 | 13020.146198999022 | 2993643.8788662953 | 521803.11063210916 | 415193.0926085075 | 106610.01802360175 | 24329196.577043124
 |  | 230 | 91768.58963590013 | 85628.71680876314 | 6139.872827136989 | 1418578.242252869 | 0 | 0 | 0 | 0 | 0 | 0 | 0 | 0 | 0 | 0 | 0 | 0 | 0 | 0 | 0 | 0 | 0 | 0 | 0 | 0 | 76636.66102203233 | 65894.92620641917 | 10741.734815613157 | 2418311.3610744216 | 76636.66102203233 | 65047.474410549374 | 11589.186611482959 | 2615146.2502446733 | 76636.66102203233 | 64210.921398359416 | 12425.739623672918 | 2809449.714160807 | 76636.66102203233 | 63385.127004371716 | 13251.53401766062 | 3001254.3086052057 | 0 | 0 | 0 | 0 | 0 | 0 | 0 | 0 | 0 | 0 | 0 | 0 | 0 | 0 | 0 | 0 | 0 | 0 | 0 | 0 | 368.57912678094596 | 300.92619227428196 | 67.652934506664 | 15344.94927750292 | 368.57912678094596 | 297.05608486619053 | 71.52304191475544 | 16243.846614745313 | 368.57912678094596 | 293.23574956745574 | 75.3433772134902 | 17131.183545039796 | 368.57912678094596 | 289.4645462762385 | 79.11458050470746 | 18007.108742771376 | 30503.39010023898 | 18254.10200471703 | 12249.288095521946 | 2814599.1590328007 | 30503.39010023898 | 18019.34232872272 | 12484.047771516258 | 2869126.030096372 | 30503.39010023898 | 17787.601815514874 | 12715.788284724105 | 2922951.649979219 | 30503.39010023898 | 17558.841636687834 | 12944.548463551146 | 2976085.0372296073 | 521803.11063210916 | 416967.73618708935 | 104835.37444501973 | 23912228.840856038
 |  | 231 | 91768.58963590013 | 85978.23615408296 | 5790.353481817174 | 1332600.0060987861 | 0 | 0 | 0 | 0 | 0 | 0 | 0 | 0 | 0 | 0 | 0 | 0 | 0 | 0 | 0 | 0 | 0 | 0 | 0 | 0 | 76636.66102203233 | 66179.85657900048 | 10456.804443031851 | 2352131.504495421 | 76636.66102203233 | 65328.74039241287 | 11307.92062961947 | 2549817.5098522604 | 76636.66102203233 | 64488.57011596343 | 12148.090906068903 | 2744961.1440448435 | 76636.66102203233 | 63659.20497809755 | 12977.456043934784 | 2937595.103627108 | 0 | 0 | 0 | 0 | 0 | 0 | 0 | 0 | 0 | 0 | 0 | 0 | 0 | 0 | 0 | 0 | 0 | 0 | 0 | 0 | 368.57912678094596 | 302.22740037967674 | 66.35172640126919 | 15042.721877123242 | 368.57912678094596 | 298.3405585853556 | 70.23856819559036 | 15945.506056159957 | 368.57912678094596 | 294.5037041155295 | 74.07542266541644 | 16836.679840924266 | 368.57912678094596 | 290.71619410055206 | 77.8629326803939 | 17716.392548670825 | 30503.39010023898 | 18333.032938929606 | 12170.357161309374 | 2796266.126093871 | 30503.39010023898 | 18097.25815956089 | 12406.13194067809 | 2851028.771936811 | 30503.39010023898 | 17864.515597871137 | 12638.874502367842 | 2905087.134381348 | 30503.39010023898 | 17634.76625756024 | 12868.623842678739 | 2958450.270972047 | 521803.11063210916 | 418749.96903066034 | 103053.14160144888 | 23493478.871825375
 |  | 232 | 91768.58963590013 | 86329.18216766672 | 5439.407468233419 | 1246270.8239311194 | 0 | 0 | 0 | 0 | 0 | 0 | 0 | 0 | 0 | 0 | 0 | 0 | 0 | 0 | 0 | 0 | 0 | 0 | 0 | 0 | 76636.66102203233 | 66466.01899359007 | 10170.642028442258 | 2285665.485501831 | 76636.66102203233 | 65611.22257141961 | 11025.438450612728 | 2484206.287280841 | 76636.66102203233 | 64767.41938962097 | 11869.241632411364 | 2680193.7246552226 | 76636.66102203233 | 63934.46806794182 | 12702.192954090513 | 2873660.6355591663 | 0 | 0 | 0 | 0 | 0 | 0 | 0 | 0 | 0 | 0 | 0 | 0 | 0 | 0 | 0 | 0 | 0 | 0 | 0 | 0 | 368.57912678094596 | 303.53423492297236 | 65.04489185797362 | 14739.18764220027 | 368.57912678094596 | 299.63058638275464 | 68.9485403981913 | 15645.875469777202 | 368.57912678094596 | 295.77714131276304 | 72.8019854681829 | 16540.902699611503 | 368.57912678094596 | 291.9732540635757 | 76.60587271737022 | 17424.41929460725 | 30503.39010023898 | 18412.305171354168 | 12091.084928884811 | 2777853.8209225168 | 30503.39010023898 | 18175.5108992931 | 12327.879200945883 | 2832853.261037518 | 30503.39010023898 | 17941.76195625298 | 12561.628143986001 | 2887145.3724250947 | 30503.39010023898 | 17711.019177313286 | 12792.370922925693 | 2940739.2517947336 | 521803.11063210916 | 420539.82361113484 | 101263.28702097439 | 23072939.048214238
 |  | 233 | 91768.58963590013 | 86681.56067288974 | 5087.028963010391 | 1159589.2632582297 | 0 | 0 | 0 | 0 | 0 | 0 | 0 | 0 | 0 | 0 | 0 | 0 | 0 | 0 | 0 | 0 | 0 | 0 | 0 | 0 | 76636.66102203233 | 66753.4187775509 | 9883.242244481427 | 2218912.06672428 | 76636.66102203233 | 65894.92620641917 | 10741.734815613157 | 2418311.3610744216 | 76636.66102203233 | 65047.474410549374 | 11589.186611482959 | 2615146.2502446733 | 76636.66102203233 | 64210.921398359416 | 12425.739623672918 | 2809449.714160807 | 0 | 0 | 0 | 0 | 0 | 0 | 0 | 0 | 0 | 0 | 0 | 0 | 0 | 0 | 0 | 0 | 0 | 0 | 0 | 0 | 368.57912678094596 | 304.8467202329469 | 63.73240654799905 | 14434.340921967323 | 368.57912678094596 | 300.92619227428196 | 67.652934506664 | 15344.94927750292 | 368.57912678094596 | 297.05608486619053 | 71.52304191475544 | 16243.846614745313 | 368.57912678094596 | 293.23574956745574 | 75.3433772134902 | 17131.183545039796 | 30503.39010023898 | 18491.92017776787 | 12011.469922471108 | 2759361.900744749 | 30503.39010023898 | 18254.10200471703 | 12249.288095521946 | 2814599.1590328007 | 30503.39010023898 | 18019.34232872272 | 12484.047771516258 | 2869126.030096372 | 30503.39010023898 | 17787.601815514874 | 12715.788284724105 | 2922951.649979219 | 521803.11063210916 | 422337.33253943187 | 99465.77809267718 | 22650601.715674806
 |  | 234 | 91768.58963590013 | 87035.37751689724 | 4733.212119002893 | 1072553.8857413325 | 0 | 0 | 0 | 0 | 0 | 0 | 0 | 0 | 0 | 0 | 0 | 0 | 0 | 0 | 0 | 0 | 0 | 0 | 0 | 0 | 76636.66102203233 | 67042.0612812815 | 9594.599740750833 | 2151870.0054429984 | 76636.66102203233 | 66179.85657900048 | 10456.804443031851 | 2352131.504495421 | 76636.66102203233 | 65328.74039241287 | 11307.92062961947 | 2549817.5098522604 | 76636.66102203233 | 64488.57011596343 | 12148.090906068903 | 2744961.1440448435 | 0 | 0 | 0 | 0 | 0 | 0 | 0 | 0 | 0 | 0 | 0 | 0 | 0 | 0 | 0 | 0 | 0 | 0 | 0 | 0 | 368.57912678094596 | 306.16488074357665 | 62.4142460373693 | 14128.176041223747 | 368.57912678094596 | 302.22740037967674 | 66.35172640126919 | 15042.721877123242 | 368.57912678094596 | 298.3405585853556 | 70.23856819559036 | 15945.506056159957 | 368.57912678094596 | 294.5037041155295 | 74.07542266541644 | 16836.679840924266 | 30503.39010023898 | 18571.879440329154 | 11931.510659909827 | 2740790.0213044197 | 30503.39010023898 | 18333.032938929606 | 12170.357161309374 | 2796266.126093871 | 30503.39010023898 | 18097.25815956089 | 12406.13194067809 | 2851028.771936811 | 30503.39010023898 | 17864.515597871137 | 12638.874502367842 | 2905087.134381348 | 521803.11063210916 | 424142.5285660705 | 97660.58206603871 | 22226459.187108736
 |  | 235 | 91768.58963590013 | 87390.63857070128 | 4377.951065198852 | 985163.2471706313 | 0 | 0 | 0 | 0 | 0 | 0 | 0 | 0 | 0 | 0 | 0 | 0 | 0 | 0 | 0 | 0 | 0 | 0 | 0 | 0 | 76636.66102203233 | 67331.95187831557 | 9304.709143716771 | 2084538.0535646828 | 76636.66102203233 | 66466.01899359007 | 10170.642028442258 | 2285665.485501831 | 76636.66102203233 | 65611.22257141961 | 11025.438450612728 | 2484206.287280841 | 76636.66102203233 | 64767.41938962097 | 11869.241632411364 | 2680193.7246552226 | 0 | 0 | 0 | 0 | 0 | 0 | 0 | 0 | 0 | 0 | 0 | 0 | 0 | 0 | 0 | 0 | 0 | 0 | 0 | 0 | 368.57912678094596 | 307.48874099449046 | 61.09038578645548 | 13820.687300229256 | 368.57912678094596 | 303.53423492297236 | 65.04489185797362 | 14739.18764220027 | 368.57912678094596 | 299.63058638275464 | 68.9485403981913 | 15645.875469777202 | 368.57912678094596 | 295.77714131276304 | 72.8019854681829 | 16540.902699611503 | 30503.39010023898 | 18652.184447605305 | 11851.205652633675 | 2722137.8368568146 | 30503.39010023898 | 18412.305171354168 | 12091.084928884811 | 2777853.8209225168 | 30503.39010023898 | 18175.5108992931 | 12327.879200945883 | 2832853.261037518 | 30503.39010023898 | 17941.76195625298 | 12561.628143986001 | 2887145.3724250947 | 521803.11063210916 | 425955.444581766 | 95847.66605034315 | 21800503.74252697
 |  | 236 | 91768.58963590013 | 87747.34972927824 | 4021.239906621894 | 897415.8974413531 | 0 | 0 | 0 | 0 | 0 | 0 | 0 | 0 | 0 | 0 | 0 | 0 | 0 | 0 | 0 | 0 | 0 | 0 | 0 | 0 | 76636.66102203233 | 67623.09596542202 | 9013.565056610318 | 2016914.9575992608 | 76636.66102203233 | 66753.4187775509 | 9883.242244481427 | 2218912.06672428 | 76636.66102203233 | 65894.92620641917 | 10741.734815613157 | 2418311.3610744216 | 76636.66102203233 | 65047.474410549374 | 11589.186611482959 | 2615146.2502446733 | 0 | 0 | 0 | 0 | 0 | 0 | 0 | 0 | 0 | 0 | 0 | 0 | 0 | 0 | 0 | 0 | 0 | 0 | 0 | 0 | 368.57912678094596 | 308.81832563142694 | 59.76080114951901 | 13511.868974597828 | 368.57912678094596 | 304.8467202329469 | 63.73240654799905 | 14434.340921967323 | 368.57912678094596 | 300.92619227428196 | 67.652934506664 | 15344.94927750292 | 368.57912678094596 | 297.05608486619053 | 71.52304191475544 | 16243.846614745313 | 30503.39010023898 | 18732.836694600213 | 11770.553405638766 | 2703405.0001622145 | 30503.39010023898 | 18491.92017776787 | 12011.469922471108 | 2759361.900744749 | 30503.39010023898 | 18254.10200471703 | 12249.288095521946 | 2814599.1590328007 | 30503.39010023898 | 18019.34232872272 | 12484.047771516258 | 2869126.030096372 | 521803.11063210916 | 427776.11361803237 | 94026.99701407677 | 21372727.628908936
 |  | 237 | 91768.58963590013 | 88105.51691166661 | 3663.0727242335247 | 809310.3805296865 | 0 | 0 | 0 | 0 | 0 | 0 | 0 | 0 | 0 | 0 | 0 | 0 | 0 | 0 | 0 | 0 | 0 | 0 | 0 | 0 | 76636.66102203233 | 67915.49896270547 | 8721.162059326864 | 1948999.4586365554 | 76636.66102203233 | 67042.0612812815 | 9594.599740750833 | 2151870.0054429984 | 76636.66102203233 | 66179.85657900048 | 10456.804443031851 | 2352131.504495421 | 76636.66102203233 | 65328.74039241287 | 11307.92062961947 | 2549817.5098522604 | 0 | 0 | 0 | 0 | 0 | 0 | 0 | 0 | 0 | 0 | 0 | 0 | 0 | 0 | 0 | 0 | 0 | 0 | 0 | 0 | 368.57912678094596 | 310.153659406693 | 58.425467374252925 | 13201.715315191135 | 368.57912678094596 | 306.16488074357665 | 62.4142460373693 | 14128.176041223747 | 368.57912678094596 | 302.22740037967674 | 66.35172640126919 | 15042.721877123242 | 368.57912678094596 | 298.3405585853556 | 70.23856819559036 | 15945.506056159957 | 30503.39010023898 | 18813.83768278217 | 11689.552417456809 | 2684591.1624794323 | 30503.39010023898 | 18571.879440329154 | 11931.510659909827 | 2740790.0213044197 | 30503.39010023898 | 18333.032938929606 | 12170.357161309374 | 2796266.126093871 | 30503.39010023898 | 18097.25815956089 | 12406.13194067809 | 2851028.771936811 | 521803.11063210916 | 429604.56884778413 | 92198.54178432512 | 20943123.060061153
 |  | 238 | 91768.58963590013 | 88465.14606106521 | 3303.443574834918 | 720845.2344686212 | 0 | 0 | 0 | 0 | 0 | 0 | 0 | 0 | 0 | 0 | 0 | 0 | 0 | 0 | 0 | 0 | 0 | 0 | 0 | 0 | 76636.66102203233 | 68209.16631370713 | 8427.494708325203 | 1880790.2923228482 | 76636.66102203233 | 67331.95187831557 | 9304.709143716771 | 2084538.0535646828 | 76636.66102203233 | 66466.01899359007 | 10170.642028442258 | 2285665.485501831 | 76636.66102203233 | 65611.22257141961 | 11025.438450612728 | 2484206.287280841 | 0 | 0 | 0 | 0 | 0 | 0 | 0 | 0 | 0 | 0 | 0 | 0 | 0 | 0 | 0 | 0 | 0 | 0 | 0 | 0 | 368.57912678094596 | 311.49476717962494 | 57.084359601321 | 12890.22054801151 | 368.57912678094596 | 307.48874099449046 | 61.09038578645548 | 13820.687300229256 | 368.57912678094596 | 303.53423492297236 | 65.04489185797362 | 14739.18764220027 | 368.57912678094596 | 299.63058638275464 | 68.9485403981913 | 15645.875469777202 | 30503.39010023898 | 18895.18892011184 | 11608.20118012714 | 2665695.9735593204 | 30503.39010023898 | 18652.184447605305 | 11851.205652633675 | 2722137.8368568146 | 30503.39010023898 | 18412.305171354168 | 12091.084928884811 | 2777853.8209225168 | 30503.39010023898 | 18175.5108992931 | 12327.879200945883 | 2832853.261037518 | 521803.11063210916 | 431440.84358594177 | 90362.26704616733 | 20511682.21647521
 |  | 239 | 91768.58963590013 | 88826.24314493184 | 2942.3464909682925 | 632018.9913236893 | 0 | 0 | 0 | 0 | 0 | 0 | 0 | 0 | 0 | 0 | 0 | 0 | 0 | 0 | 0 | 0 | 0 | 0 | 0 | 0 | 76636.66102203233 | 68504.10348550613 | 8132.557536526207 | 1812286.1888373422 | 76636.66102203233 | 67623.09596542202 | 9013.565056610318 | 2016914.9575992608 | 76636.66102203233 | 66753.4187775509 | 9883.242244481427 | 2218912.06672428 | 76636.66102203233 | 65894.92620641917 | 10741.734815613157 | 2418311.3610744216 | 0 | 0 | 0 | 0 | 0 | 0 | 0 | 0 | 0 | 0 | 0 | 0 | 0 | 0 | 0 | 0 | 0 | 0 | 0 | 0 | 368.57912678094596 | 312.841673917051 | 55.73745286389496 | 12577.378874094458 | 368.57912678094596 | 308.81832563142694 | 59.76080114951901 | 13511.868974597828 | 368.57912678094596 | 304.8467202329469 | 63.73240654799905 | 14434.340921967323 | 368.57912678094596 | 300.92619227428196 | 67.652934506664 | 15344.94927750292 | 30503.39010023898 | 18976.891921070313 | 11526.498179168666 | 2646719.08163825 | 30503.39010023898 | 18732.836694600213 | 11770.553405638766 | 2703405.0001622145 | 30503.39010023898 | 18491.92017776787 | 12011.469922471108 | 2759361.900744749 | 30503.39010023898 | 18254.10200471703 | 12249.288095521946 | 2814599.1590328007 | 521803.11063210916 | 433284.9712900412 | 88518.13934206797 | 20078397.24518517
 |  | 240 | 91768.58963590013 | 89188.81415508223 | 2579.775480817897 | 542830.1771686071 | 0 | 0 | 0 | 0 | 0 | 0 | 0 | 0 | 0 | 0 | 0 | 0 | 0 | 0 | 0 | 0 | 0 | 0 | 0 | 0 | 76636.66102203233 | 68800.3159688213 | 7836.345053211032 | 1743485.872868521 | 76636.66102203233 | 67915.49896270547 | 8721.162059326864 | 1948999.4586365554 | 76636.66102203233 | 67042.0612812815 | 9594.599740750833 | 2151870.0054429984 | 76636.66102203233 | 66179.85657900048 | 10456.804443031851 | 2352131.504495421 | 0 | 0 | 0 | 0 | 0 | 0 | 0 | 0 | 0 | 0 | 0 | 0 | 0 | 0 | 0 | 0 | 0 | 0 | 0 | 0 | 368.57912678094596 | 314.19440469375627 | 54.3847220871897 | 12263.184469400701 | 368.57912678094596 | 310.153659406693 | 58.425467374252925 | 13201.715315191135 | 368.57912678094596 | 306.16488074357665 | 62.4142460373693 | 14128.176041223747 | 368.57912678094596 | 302.22740037967674 | 66.35172640126919 | 15042.721877123242 | 30503.39010023898 | 19058.948206687324 | 11444.441893551657 | 2627660.1334315627 | 30503.39010023898 | 18813.83768278217 | 11689.552417456809 | 2684591.1624794323 | 30503.39010023898 | 18571.879440329154 | 11931.510659909827 | 2740790.0213044197 | 30503.39010023898 | 18333.032938929606 | 12170.357161309374 | 2796266.126093871 | 521803.11063210916 | 435136.98556084296 | 86666.12507126623 | 19643260.25962433
 |  | 241 | 91768.58963590013 | 89552.86510778955 | 2215.724528110582 | 453277.3120608176 | 0 | 0 | 0 | 0 | 0 | 0 | 0 | 0 | 0 | 0 | 0 | 0 | 0 | 0 | 0 | 0 | 0 | 0 | 0 | 0 | 76636.66102203233 | 69097.80927811342 | 7538.85174391891 | 1674388.0635904074 | 76636.66102203233 | 68209.16631370713 | 8427.494708325203 | 1880790.2923228482 | 76636.66102203233 | 67331.95187831557 | 9304.709143716771 | 2084538.0535646828 | 76636.66102203233 | 66466.01899359007 | 10170.642028442258 | 2285665.485501831 | 0 | 0 | 0 | 0 | 0 | 0 | 0 | 0 | 0 | 0 | 0 | 0 | 0 | 0 | 0 | 0 | 0 | 0 | 0 | 0 | 368.57912678094596 | 315.55298469294945 | 53.02614208799649 | 11947.631484707752 | 368.57912678094596 | 311.49476717962494 | 57.084359601321 | 12890.22054801151 | 368.57912678094596 | 307.48874099449046 | 61.09038578645548 | 13820.687300229256 | 368.57912678094596 | 303.53423492297236 | 65.04489185797362 | 14739.18764220027 | 30503.39010023898 | 19141.35930456955 | 11362.03079566943 | 2608518.774126993 | 30503.39010023898 | 18895.18892011184 | 11608.20118012714 | 2665695.9735593204 | 30503.39010023898 | 18652.184447605305 | 11851.205652633675 | 2722137.8368568146 | 30503.39010023898 | 18412.305171354168 | 12091.084928884811 | 2777853.8209225168 | 521803.11063210916 | 436996.9201429466 | 84806.19048916252 | 19206263.33948138
 |  | 242 | 91768.58963590013 | 89918.40204388417 | 1850.1875920159712 | 363358.91001693346 | 0 | 0 | 0 | 0 | 0 | 0 | 0 | 0 | 0 | 0 | 0 | 0 | 0 | 0 | 0 | 0 | 0 | 0 | 0 | 0 | 76636.66102203233 | 69396.58895168785 | 7240.072070344483 | 1604991.4746387196 | 76636.66102203233 | 68504.10348550613 | 8132.557536526207 | 1812286.1888373422 | 76636.66102203233 | 67623.09596542202 | 9013.565056610318 | 2016914.9575992608 | 76636.66102203233 | 66753.4187775509 | 9883.242244481427 | 2218912.06672428 | 0 | 0 | 0 | 0 | 0 | 0 | 0 | 0 | 0 | 0 | 0 | 0 | 0 | 0 | 0 | 0 | 0 | 0 | 0 | 0 | 368.57912678094596 | 316.91743920673184 | 51.66168757421411 | 11630.71404550102 | 368.57912678094596 | 312.841673917051 | 55.73745286389496 | 12577.378874094458 | 368.57912678094596 | 308.81832563142694 | 59.76080114951901 | 13511.868974597828 | 368.57912678094596 | 304.8467202329469 | 63.73240654799905 | 14434.340921967323 | 30503.39010023898 | 19224.126748929055 | 11279.263351309923 | 2589294.6473780638 | 30503.39010023898 | 18976.891921070313 | 11526.498179168666 | 2646719.08163825 | 30503.39010023898 | 18732.836694600213 | 11770.553405638766 | 2703405.0001622145 | 30503.39010023898 | 18491.92017776787 | 12011.469922471108 | 2759361.900744749 | 521803.11063210916 | 438864.8089254067 | 82938.30170670249 | 18767398.530555975
 |  | 243 | 91768.58963590013 | 90285.43102885391 | 1483.1586070462222 | 273073.4789880795 | 0 | 0 | 0 | 0 | 0 | 0 | 0 | 0 | 0 | 0 | 0 | 0 | 0 | 0 | 0 | 0 | 0 | 0 | 0 | 0 | 76636.66102203233 | 69696.66055179763 | 6940.000470234701 | 1535294.814086922 | 76636.66102203233 | 68800.3159688213 | 7836.345053211032 | 1743485.872868521 | 76636.66102203233 | 67915.49896270547 | 8721.162059326864 | 1948999.4586365554 | 76636.66102203233 | 67042.0612812815 | 9594.599740750833 | 2151870.0054429984 | 0 | 0 | 0 | 0 | 0 | 0 | 0 | 0 | 0 | 0 | 0 | 0 | 0 | 0 | 0 | 0 | 0 | 0 | 0 | 0 | 368.57912678094596 | 318.2877936365679 | 50.29133314437804 | 11312.426251864452 | 368.57912678094596 | 314.19440469375627 | 54.3847220871897 | 12263.184469400701 | 368.57912678094596 | 310.153659406693 | 58.425467374252925 | 13201.715315191135 | 368.57912678094596 | 306.16488074357665 | 62.4142460373693 | 14128.176041223747 | 30503.39010023898 | 19307.252080611863 | 11196.138019627117 | 2569987.395297452 | 30503.39010023898 | 19058.948206687324 | 11444.441893551657 | 2627660.1334315627 | 30503.39010023898 | 18813.83768278217 | 11689.552417456809 | 2684591.1624794323 | 30503.39010023898 | 18571.879440329154 | 11931.510659909827 | 2740790.0213044197 | 521803.11063210916 | 440740.6859423509 | 81062.42468975825 | 18326657.844613623
 |  | 244 | 91768.58963590013 | 90653.95815294475 | 1114.6314829553824 | 182419.52083513478 | 0 | 0 | 0 | 0 | 0 | 0 | 0 | 0 | 0 | 0 | 0 | 0 | 0 | 0 | 0 | 0 | 0 | 0 | 0 | 0 | 76636.66102203233 | 69998.02966474705 | 6638.631357285275 | 1465296.784422175 | 76636.66102203233 | 69097.80927811342 | 7538.85174391891 | 1674388.0635904074 | 76636.66102203233 | 68209.16631370713 | 8427.494708325203 | 1880790.2923228482 | 76636.66102203233 | 67331.95187831557 | 9304.709143716771 | 2084538.0535646828 | 0 | 0 | 0 | 0 | 0 | 0 | 0 | 0 | 0 | 0 | 0 | 0 | 0 | 0 | 0 | 0 | 0 | 0 | 0 | 0 | 368.57912678094596 | 319.6640734937584 | 48.91505328718754 | 10992.762178370693 | 368.57912678094596 | 315.55298469294945 | 53.02614208799649 | 11947.631484707752 | 368.57912678094596 | 311.49476717962494 | 57.084359601321 | 12890.22054801151 | 368.57912678094596 | 307.48874099449046 | 61.09038578645548 | 13820.687300229256 | 30503.39010023898 | 19390.736847126616 | 11112.653253112361 | 2550596.6584503255 | 30503.39010023898 | 19141.35930456955 | 11362.03079566943 | 2608518.774126993 | 30503.39010023898 | 18895.18892011184 | 11608.20118012714 | 2665695.9735593204 | 30503.39010023898 | 18652.184447605305 | 11851.205652633675 | 2722137.8368568146 | 521803.11063210916 | 442624.58537360205 | 79178.52525850711 | 17884033.25924002
 |  | 245 | 91768.58963590013 | 91023.9895312618 | 744.600104638329 | 91395.53130387298 | 0 | 0 | 0 | 0 | 0 | 0 | 0 | 0 | 0 | 0 | 0 | 0 | 0 | 0 | 0 | 0 | 0 | 0 | 0 | 0 | 76636.66102203233 | 70300.70190099566 | 6335.959121036671 | 1394996.0825211795 | 76636.66102203233 | 69396.58895168785 | 7240.072070344483 | 1604991.4746387196 | 76636.66102203233 | 68504.10348550613 | 8132.557536526207 | 1812286.1888373422 | 76636.66102203233 | 67623.09596542202 | 9013.565056610318 | 2016914.9575992608 | 0 | 0 | 0 | 0 | 0 | 0 | 0 | 0 | 0 | 0 | 0 | 0 | 0 | 0 | 0 | 0 | 0 | 0 | 0 | 0 | 368.57912678094596 | 321.04630439991524 | 47.53282238103073 | 10671.715873970777 | 368.57912678094596 | 316.91743920673184 | 51.66168757421411 | 11630.71404550102 | 368.57912678094596 | 312.841673917051 | 55.73745286389496 | 12577.378874094458 | 368.57912678094596 | 308.81832563142694 | 59.76080114951901 | 13511.868974597828 | 30503.39010023898 | 19474.582602673418 | 11028.807497565562 | 2531122.0758476523 | 30503.39010023898 | 19224.126748929055 | 11279.263351309923 | 2589294.6473780638 | 30503.39010023898 | 18976.891921070313 | 11526.498179168666 | 2646719.08163825 | 30503.39010023898 | 18732.836694600213 | 11770.553405638766 | 2703405.0001622145 | 521803.11063210916 | 444516.5415453016 | 77286.56908680758 | 17439516.71769472
 |  | 246 | 91768.58963590013 | 91395.53130387084 | 373.05833202929983 | 2.1391315385699272e-09 | 0 | 0 | 0 | 0 | 0 | 0 | 0 | 0 | 0 | 0 | 0 | 0 | 0 | 0 | 0 | 0 | 0 | 0 | 0 | 0 | 76636.66102203233 | 70604.68289526267 | 6031.978126769669 | 1324391.3996259167 | 76636.66102203233 | 69696.66055179763 | 6940.000470234701 | 1535294.814086922 | 76636.66102203233 | 68800.3159688213 | 7836.345053211032 | 1743485.872868521 | 76636.66102203233 | 67915.49896270547 | 8721.162059326864 | 1948999.4586365554 | 0 | 0 | 0 | 0 | 0 | 0 | 0 | 0 | 0 | 0 | 0 | 0 | 0 | 0 | 0 | 0 | 0 | 0 | 0 | 0 | 368.57912678094596 | 322.43451208743835 | 46.14461469350762 | 10349.281361883339 | 368.57912678094596 | 318.2877936365679 | 50.29133314437804 | 11312.426251864452 | 368.57912678094596 | 314.19440469375627 | 54.3847220871897 | 12263.184469400701 | 368.57912678094596 | 310.153659406693 | 58.425467374252925 | 13201.715315191135 | 30503.39010023898 | 19558.790908172734 | 10944.599192066245 | 2511563.2849394795 | 30503.39010023898 | 19307.252080611863 | 11196.138019627117 | 2569987.395297452 | 30503.39010023898 | 19058.948206687324 | 11444.441893551657 | 2627660.1334315627 | 30503.39010023898 | 18813.83768278217 | 11689.552417456809 | 2684591.1624794323 | 521803.11063210916 | 446416.58893053647 | 75386.52170157274 | 16993100.128764182
 |  | 247 | 0 | -8.731508339471188e-12 | 8.731508339471188e-12 | 2.1478630469093983e-09 | 0 | 0 | 0 | 0 | 0 | 0 | 0 | 0 | 0 | 0 | 0 | 0 | 0 | 0 | 0 | 0 | 0 | 0 | 0 | 0 | 76636.66102203233 | 70909.97830663188 | 5726.682715400463 | 1253481.421319285 | 76636.66102203233 | 69998.02966474705 | 6638.631357285275 | 1465296.784422175 | 76636.66102203233 | 69097.80927811342 | 7538.85174391891 | 1674388.0635904074 | 76636.66102203233 | 68209.16631370713 | 8427.494708325203 | 1880790.2923228482 | 0 | 0 | 0 | 0 | 0 | 0 | 0 | 0 | 0 | 0 | 0 | 0 | 0 | 0 | 0 | 0 | 0 | 0 | 0 | 0 | 368.57912678094596 | 323.82872239999494 | 44.750404380951025 | 10025.452639483345 | 368.57912678094596 | 319.6640734937584 | 48.91505328718754 | 10992.762178370693 | 368.57912678094596 | 315.55298469294945 | 53.02614208799649 | 11947.631484707752 | 368.57912678094596 | 311.49476717962494 | 57.084359601321 | 12890.22054801151 | 30503.39010023898 | 19643.36333129448 | 10860.026768944499 | 2491919.921608185 | 30503.39010023898 | 19390.736847126616 | 11112.653253112361 | 2550596.6584503255 | 30503.39010023898 | 19141.35930456955 | 11362.03079566943 | 2608518.774126993 | 30503.39010023898 | 18895.18892011184 | 11608.20118012714 | 2665695.9735593204 | 430034.52099620906 | 356556.1725140683 | 73478.34848214075 | 16636543.956250114
 |  | 248 | 0 | -8.76714861521282e-12 | 8.76714861521282e-12 | 2.156630195524611e-09 | 0 | 0 | 0 | 0 | 0 | 0 | 0 | 0 | 0 | 0 | 0 | 0 | 0 | 0 | 0 | 0 | 0 | 0 | 0 | 0 | 76636.66102203233 | 71216.59381865703 | 5420.06720337531 | 1182264.8275006278 | 76636.66102203233 | 70300.70190099566 | 6335.959121036671 | 1394996.0825211795 | 76636.66102203233 | 69396.58895168785 | 7240.072070344483 | 1604991.4746387196 | 76636.66102203233 | 68504.10348550613 | 8132.557536526207 | 1812286.1888373422 | 0 | 0 | 0 | 0 | 0 | 0 | 0 | 0 | 0 | 0 | 0 | 0 | 0 | 0 | 0 | 0 | 0 | 0 | 0 | 0 | 368.57912678094596 | 325.22896129300045 | 43.35016548794548 | 9700.223678190345 | 368.57912678094596 | 321.04630439991524 | 47.53282238103073 | 10671.715873970777 | 368.57912678094596 | 316.91743920673184 | 51.66168757421411 | 11630.71404550102 | 368.57912678094596 | 312.841673917051 | 55.73745286389496 | 12577.378874094458 | 30503.39010023898 | 19728.30144648719 | 10775.088653751793 | 2472191.6201616977 | 30503.39010023898 | 19474.582602673418 | 11028.807497565562 | 2531122.0758476523 | 30503.39010023898 | 19224.126748929055 | 11279.263351309923 | 2589294.6473780638 | 30503.39010023898 | 18976.891921070313 | 11526.498179168666 | 2646719.08163825 | 430034.52099620906 | 358097.92525482335 | 71936.59574138571 | 16278446.03099529
 |  | 249 | 0 | -8.80293436745239e-12 | 8.80293436745239e-12 | 2.1654331298920634e-09 | 0 | 0 | 0 | 0 | 0 | 0 | 0 | 0 | 0 | 0 | 0 | 0 | 0 | 0 | 0 | 0 | 0 | 0 | 0 | 0 | 76636.66102203233 | 71524.53513946763 | 5112.125882564714 | 1110740.2923611603 | 76636.66102203233 | 70604.68289526267 | 6031.978126769669 | 1324391.3996259167 | 76636.66102203233 | 69696.66055179763 | 6940.000470234701 | 1535294.814086922 | 76636.66102203233 | 68800.3159688213 | 7836.345053211032 | 1743485.872868521 | 0 | 0 | 0 | 0 | 0 | 0 | 0 | 0 | 0 | 0 | 0 | 0 | 0 | 0 | 0 | 0 | 0 | 0 | 0 | 0 | 368.57912678094596 | 326.63525483410194 | 41.943871946844006 | 9373.588423356243 | 368.57912678094596 | 322.43451208743835 | 46.14461469350762 | 10349.281361883339 | 368.57912678094596 | 318.2877936365679 | 50.29133314437804 | 11312.426251864452 | 368.57912678094596 | 314.19440469375627 | 54.3847220871897 | 12263.184469400701 | 30503.39010023898 | 19813.60683500732 | 10689.783265231661 | 2452378.0133266905 | 30503.39010023898 | 19558.790908172734 | 10944.599192066245 | 2511563.2849394795 | 30503.39010023898 | 19307.252080611863 | 11196.138019627117 | 2569987.395297452 | 30503.39010023898 | 19058.948206687324 | 11444.441893551657 | 2627660.1334315627 | 430034.52099620906 | 359646.3445510803 | 70388.17644512873 | 15918799.686444214
 |  | 250 | 0 | -8.83886618999595e-12 | 8.83886618999595e-12 | 2.1742719960820594e-09 | 0 | 0 | 0 | 0 | 0 | 0 | 0 | 0 | 0 | 0 | 0 | 0 | 0 | 0 | 0 | 0 | 0 | 0 | 0 | 0 | 76636.66102203233 | 71833.80800187516 | 4802.853020157168 | 1038906.4843592851 | 76636.66102203233 | 70909.97830663188 | 5726.682715400463 | 1253481.421319285 | 76636.66102203233 | 69998.02966474705 | 6638.631357285275 | 1465296.784422175 | 76636.66102203233 | 69097.80927811342 | 7538.85174391891 | 1674388.0635904074 | 0 | 0 | 0 | 0 | 0 | 0 | 0 | 0 | 0 | 0 | 0 | 0 | 0 | 0 | 0 | 0 | 0 | 0 | 0 | 0 | 368.57912678094596 | 328.0476292036631 | 40.53149757728284 | 9045.54079415258 | 368.57912678094596 | 323.82872239999494 | 44.750404380951025 | 10025.452639483345 | 368.57912678094596 | 319.6640734937584 | 48.91505328718754 | 10992.762178370693 | 368.57912678094596 | 315.55298469294945 | 53.02614208799649 | 11947.631484707752 | 30503.39010023898 | 19899.281084948707 | 10604.109015290273 | 2432478.732241742 | 30503.39010023898 | 19643.36333129448 | 10860.026768944499 | 2491919.921608185 | 30503.39010023898 | 19390.736847126616 | 11112.653253112361 | 2550596.6584503255 | 30503.39010023898 | 19141.35930456955 | 11362.03079566943 | 2608518.774126993 | 430034.52099620906 | 361201.45922909724 | 68833.0617671118 | 15557598.227215115
 |  | 251 | 0 | -8.874944679073352e-12 | 8.874944679073352e-12 | 2.1831469407611326e-09 | 0 | 0 | 0 | 0 | 0 | 0 | 0 | 0 | 0 | 0 | 0 | 0 | 0 | 0 | 0 | 0 | 0 | 0 | 0 | 0 | 76636.66102203233 | 72144.4181634799 | 4492.2428585524285 | 966762.0661958052 | 76636.66102203233 | 71216.59381865703 | 5420.06720337531 | 1182264.8275006278 | 76636.66102203233 | 70300.70190099566 | 6335.959121036671 | 1394996.0825211795 | 76636.66102203233 | 69396.58895168785 | 7240.072070344483 | 1604991.4746387196 | 0 | 0 | 0 | 0 | 0 | 0 | 0 | 0 | 0 | 0 | 0 | 0 | 0 | 0 | 0 | 0 | 0 | 0 | 0 | 0 | 368.57912678094596 | 329.46611069525187 | 39.11301608569406 | 8716.074683457327 | 368.57912678094596 | 325.22896129300045 | 43.35016548794548 | 9700.223678190345 | 368.57912678094596 | 321.04630439991524 | 47.53282238103073 | 10671.715873970777 | 368.57912678094596 | 316.91743920673184 | 51.66168757421411 | 11630.71404550102 | 30503.39010023898 | 19985.325791272124 | 10518.064308966856 | 2412493.4064504695 | 30503.39010023898 | 19728.30144648719 | 10775.088653751793 | 2472191.6201616977 | 30503.39010023898 | 19474.582602673418 | 11028.807497565562 | 2531122.0758476523 | 30503.39010023898 | 19224.126748929055 | 11279.263351309923 | 2589294.6473780638 | 430034.52099620906 | 362763.29823977716 | 67271.22275643192 | 15194834.928975336
 |  | 252 | 0 | -8.911170433348135e-12 | 8.911170433348135e-12 | 2.1920581111944807e-09 | 0 | 0 | 0 | 0 | 0 | 0 | 0 | 0 | 0 | 0 | 0 | 0 | 0 | 0 | 0 | 0 | 0 | 0 | 0 | 0 | 76636.66102203233 | 72456.37140677801 | 4180.289615254322 | 894305.6947890272 | 76636.66102203233 | 71524.53513946763 | 5112.125882564714 | 1110740.2923611603 | 76636.66102203233 | 70604.68289526267 | 6031.978126769669 | 1324391.3996259167 | 76636.66102203233 | 69696.66055179763 | 6940.000470234701 | 1535294.814086922 | 0 | 0 | 0 | 0 | 0 | 0 | 0 | 0 | 0 | 0 | 0 | 0 | 0 | 0 | 0 | 0 | 0 | 0 | 0 | 0 | 368.57912678094596 | 330.8907257161299 | 37.68840106481607 | 8385.183957741197 | 368.57912678094596 | 326.63525483410194 | 41.943871946844006 | 9373.588423356243 | 368.57912678094596 | 322.43451208743835 | 46.14461469350762 | 10349.281361883339 | 368.57912678094596 | 318.2877936365679 | 50.29133314437804 | 11312.426251864452 | 30503.39010023898 | 20071.742555834964 | 10431.647544404013 | 2392421.6638946347 | 30503.39010023898 | 19813.60683500732 | 10689.783265231661 | 2452378.0133266905 | 30503.39010023898 | 19558.790908172734 | 10944.599192066245 | 2511563.2849394795 | 30503.39010023898 | 19307.252080611863 | 11196.138019627117 | 2569987.395297452 | 430034.52099620906 | 364331.890659207 | 65702.630337002 | 14830503.03831613
 |  | 253 | 0 | -8.947544053927468e-12 | 8.947544053927468e-12 | 2.2010056552484083e-09 | 0 | 0 | 0 | 0 | 0 | 0 | 0 | 0 | 0 | 0 | 0 | 0 | 0 | 0 | 0 | 0 | 0 | 0 | 0 | 0 | 76636.66102203233 | 72769.67353926924 | 3866.9874827631015 | 821536.021249758 | 76636.66102203233 | 71833.80800187516 | 4802.853020157168 | 1038906.4843592851 | 76636.66102203233 | 70909.97830663188 | 5726.682715400463 | 1253481.421319285 | 76636.66102203233 | 69998.02966474705 | 6638.631357285275 | 1465296.784422175 | 0 | 0 | 0 | 0 | 0 | 0 | 0 | 0 | 0 | 0 | 0 | 0 | 0 | 0 | 0 | 0 | 0 | 0 | 0 | 0 | 368.57912678094596 | 332.321500787744 | 36.25762599320196 | 8052.862456953453 | 368.57912678094596 | 328.0476292036631 | 40.53149757728284 | 9045.54079415258 | 368.57912678094596 | 323.82872239999494 | 44.750404380951025 | 10025.452639483345 | 368.57912678094596 | 319.6640734937584 | 48.91505328718754 | 10992.762178370693 | 30503.39010023898 | 20158.532987421077 | 10344.857112817903 | 2372263.130907214 | 30503.39010023898 | 19899.281084948707 | 10604.109015290273 | 2432478.732241742 | 30503.39010023898 | 19643.36333129448 | 10860.026768944499 | 2491919.921608185 | 30503.39010023898 | 19390.736847126616 | 11112.653253112361 | 2550596.6584503255 | 430034.52099620906 | 365907.2656891993 | 64127.25530700967 | 14464595.772626933
 |  | 254 | 0 | -8.984066144372119e-12 | 8.984066144372119e-12 | 2.2099897213927804e-09 | 0 | 0 | 0 | 0 | 0 | 0 | 0 | 0 | 0 | 0 | 0 | 0 | 0 | 0 | 0 | 0 | 0 | 0 | 0 | 0 | 76636.66102203233 | 73084.330393565 | 3552.330628467328 | 748451.690856193 | 76636.66102203233 | 72144.4181634799 | 4492.2428585524285 | 966762.0661958052 | 76636.66102203233 | 71216.59381865703 | 5420.06720337531 | 1182264.8275006278 | 76636.66102203233 | 70300.70190099566 | 6335.959121036671 | 1394996.0825211795 | 0 | 0 | 0 | 0 | 0 | 0 | 0 | 0 | 0 | 0 | 0 | 0 | 0 | 0 | 0 | 0 | 0 | 0 | 0 | 0 | 368.57912678094596 | 333.75846254622013 | 34.82066423472583 | 7719.103994407233 | 368.57912678094596 | 329.46611069525187 | 39.11301608569406 | 8716.074683457327 | 368.57912678094596 | 325.22896129300045 | 43.35016548794548 | 9700.223678190345 | 368.57912678094596 | 321.04630439991524 | 47.53282238103073 | 10671.715873970777 | 30503.39010023898 | 20245.698701770703 | 10257.691398468276 | 2352017.4322054433 | 30503.39010023898 | 19985.325791272124 | 10518.064308966856 | 2412493.4064504695 | 30503.39010023898 | 19728.30144648719 | 10775.088653751793 | 2472191.6201616977 | 30503.39010023898 | 19474.582602673418 | 11028.807497565562 | 2531122.0758476523 | 430034.52099620906 | 367489.4526578354 | 62545.06833837363 | 14097106.319969095
 |  | 255 | 0 | -9.020737310706466e-12 | 9.020737310706466e-12 | 2.2190104587034868e-09 | 0 | 0 | 0 | 0 | 0 | 0 | 0 | 0 | 0 | 0 | 0 | 0 | 0 | 0 | 0 | 0 | 0 | 0 | 0 | 0 | 76636.66102203233 | 73400.34782749704 | 3236.3131945352875 | 675051.3430286959 | 76636.66102203233 | 72456.37140677801 | 4180.289615254322 | 894305.6947890272 | 76636.66102203233 | 71524.53513946763 | 5112.125882564714 | 1110740.2923611603 | 76636.66102203233 | 70604.68289526267 | 6031.978126769669 | 1324391.3996259167 | 0 | 0 | 0 | 0 | 0 | 0 | 0 | 0 | 0 | 0 | 0 | 0 | 0 | 0 | 0 | 0 | 0 | 0 | 0 | 0 | 368.57912678094596 | 335.2016377428591 | 33.37748903808688 | 7383.902356664374 | 368.57912678094596 | 330.8907257161299 | 37.68840106481607 | 8385.183957741197 | 368.57912678094596 | 326.63525483410194 | 41.943871946844006 | 9373.588423356243 | 368.57912678094596 | 322.43451208743835 | 46.14461469350762 | 10349.281361883339 | 30503.39010023898 | 20333.241321610563 | 10170.148778628414 | 2331684.1908838325 | 30503.39010023898 | 20071.742555834964 | 10431.647544404013 | 2392421.6638946347 | 30503.39010023898 | 19813.60683500732 | 10689.783265231661 | 2452378.0133266905 | 30503.39010023898 | 19558.790908172734 | 10944.599192066245 | 2511563.2849394795 | 430034.52099620906 | 369078.4810200115 | 60956.0399761976 | 13728027.838949084
 |  | 256 | 0 | -9.057558161428561e-12 | 9.057558161428561e-12 | 2.228068016864915e-09 | 0 | 0 | 0 | 0 | 0 | 0 | 0 | 0 | 0 | 0 | 0 | 0 | 0 | 0 | 0 | 0 | 0 | 0 | 0 | 0 | 76636.66102203233 | 73717.7317242264 | 2918.9292978059393 | 601333.6113044695 | 76636.66102203233 | 72769.67353926924 | 3866.9874827631015 | 821536.021249758 | 76636.66102203233 | 71833.80800187516 | 4802.853020157168 | 1038906.4843592851 | 76636.66102203233 | 70909.97830663188 | 5726.682715400463 | 1253481.421319285 | 0 | 0 | 0 | 0 | 0 | 0 | 0 | 0 | 0 | 0 | 0 | 0 | 0 | 0 | 0 | 0 | 0 | 0 | 0 | 0 | 368.57912678094596 | 336.65105324463457 | 31.928073536311377 | 7047.251303419739 | 368.57912678094596 | 332.321500787744 | 36.25762599320196 | 8052.862456953453 | 368.57912678094596 | 328.0476292036631 | 40.53149757728284 | 9045.54079415258 | 368.57912678094596 | 323.82872239999494 | 44.750404380951025 | 10025.452639483345 | 30503.39010023898 | 20421.162476684076 | 10082.227623554903 | 2311263.0284071486 | 30503.39010023898 | 20158.532987421077 | 10344.857112817903 | 2372263.130907214 | 30503.39010023898 | 19899.281084948707 | 10604.109015290273 | 2432478.732241742 | 30503.39010023898 | 19643.36333129448 | 10860.026768944499 | 2491919.921608185 | 430034.52099620906 | 370674.38035798713 | 59360.140638222016 | 13357353.4585911
 |  | 257 | 0 | -9.094529307520227e-12 | 9.094529307520227e-12 | 2.2371625461724353e-09 | 0 | 0 | 0 | 0 | 0 | 0 | 0 | 0 | 0 | 0 | 0 | 0 | 0 | 0 | 0 | 0 | 0 | 0 | 0 | 0 | 76636.66102203233 | 74036.48799235295 | 2600.173029679389 | 527297.1233121166 | 76636.66102203233 | 73084.330393565 | 3552.330628467328 | 748451.690856193 | 76636.66102203233 | 72144.4181634799 | 4492.2428585524285 | 966762.0661958052 | 76636.66102203233 | 71216.59381865703 | 5420.06720337531 | 1182264.8275006278 | 0 | 0 | 0 | 0 | 0 | 0 | 0 | 0 | 0 | 0 | 0 | 0 | 0 | 0 | 0 | 0 | 0 | 0 | 0 | 0 | 368.57912678094596 | 338.1067360346934 | 30.47239074625252 | 6709.144567385046 | 368.57912678094596 | 333.75846254622013 | 34.82066423472583 | 7719.103994407233 | 368.57912678094596 | 329.46611069525187 | 39.11301608569406 | 8716.074683457327 | 368.57912678094596 | 325.22896129300045 | 43.35016548794548 | 9700.223678190345 | 30503.39010023898 | 20509.46380378167 | 9993.926296457308 | 2290753.564603367 | 30503.39010023898 | 20245.698701770703 | 10257.691398468276 | 2352017.4322054433 | 30503.39010023898 | 19985.325791272124 | 10518.064308966856 | 2412493.4064504695 | 30503.39010023898 | 19728.30144648719 | 10775.088653751793 | 2472191.6201616977 | 430034.52099620906 | 372277.1803819357 | 57757.340614273315 | 12985076.278209161
 |  | 258 | 0 | -9.131651362457187e-12 | 9.131651362457187e-12 | 2.2462941975348924e-09 | 0 | 0 | 0 | 0 | 0 | 0 | 0 | 0 | 0 | 0 | 0 | 0 | 0 | 0 | 0 | 0 | 0 | 0 | 0 | 0 | 76636.66102203233 | 74356.62256602544 | 2280.038456006894 | 452940.50074609113 | 76636.66102203233 | 73400.34782749704 | 3236.3131945352875 | 675051.3430286959 | 76636.66102203233 | 72456.37140677801 | 4180.289615254322 | 894305.6947890272 | 76636.66102203233 | 71524.53513946763 | 5112.125882564714 | 1110740.2923611603 | 0 | 0 | 0 | 0 | 0 | 0 | 0 | 0 | 0 | 0 | 0 | 0 | 0 | 0 | 0 | 0 | 0 | 0 | 0 | 0 | 368.57912678094596 | 339.56871321285786 | 29.010413568088083 | 6369.575854172188 | 368.57912678094596 | 335.2016377428591 | 33.37748903808688 | 7383.902356664374 | 368.57912678094596 | 330.8907257161299 | 37.68840106481607 | 8385.183957741197 | 368.57912678094596 | 326.63525483410194 | 41.943871946844006 | 9373.588423356243 | 30503.39010023898 | 20598.146946771292 | 9905.243153467687 | 2270155.417656596 | 30503.39010023898 | 20333.241321610563 | 10170.148778628414 | 2331684.1908838325 | 30503.39010023898 | 20071.742555834964 | 10431.647544404013 | 2392421.6638946347 | 30503.39010023898 | 19813.60683500732 | 10689.783265231661 | 2452378.0133266905 | 430034.52099620906 | 373886.91093049815 | 56147.61006571083 | 12611189.367278665
 |  | 259 | 0 | -9.168924942219254e-12 | 9.168924942219254e-12 | 2.2554631224771117e-09 | 0 | 0 | 0 | 0 | 0 | 0 | 0 | 0 | 0 | 0 | 0 | 0 | 0 | 0 | 0 | 0 | 0 | 0 | 0 | 0 | 76636.66102203233 | 74678.14140505195 | 1958.5196169803883 | 378262.3593410392 | 76636.66102203233 | 73717.7317242264 | 2918.9292978059393 | 601333.6113044695 | 76636.66102203233 | 72769.67353926924 | 3866.9874827631015 | 821536.021249758 | 76636.66102203233 | 71833.80800187516 | 4802.853020157168 | 1038906.4843592851 | 0 | 0 | 0 | 0 | 0 | 0 | 0 | 0 | 0 | 0 | 0 | 0 | 0 | 0 | 0 | 0 | 0 | 0 | 0 | 0 | 368.57912678094596 | 341.03701199613005 | 27.542114784815922 | 6028.538842176058 | 368.57912678094596 | 336.65105324463457 | 31.928073536311377 | 7047.251303419739 | 368.57912678094596 | 332.321500787744 | 36.25762599320196 | 8052.862456953453 | 368.57912678094596 | 328.0476292036631 | 40.53149757728284 | 9045.54079415258 | 30503.39010023898 | 20687.213556628973 | 9816.176543610005 | 2249468.2040999667 | 30503.39010023898 | 20421.162476684076 | 10082.227623554903 | 2311263.0284071486 | 30503.39010023898 | 20158.532987421077 | 10344.857112817903 | 2372263.130907214 | 30503.39010023898 | 19899.281084948707 | 10604.109015290273 | 2432478.732241742 | 430034.52099620906 | 375503.60197133775 | 54530.9190248713 | 12235685.765307328
 |  | 260 | 0 | -9.206350665300544e-12 | 9.206350665300544e-12 | 2.264669473142412e-09 | 0 | 0 | 0 | 0 | 0 | 0 | 0 | 0 | 0 | 0 | 0 | 0 | 0 | 0 | 0 | 0 | 0 | 0 | 0 | 0 | 76636.66102203233 | 75001.0504950108 | 1635.6105270215307 | 303261.3088460284 | 76636.66102203233 | 74036.48799235295 | 2600.173029679389 | 527297.1233121166 | 76636.66102203233 | 73084.330393565 | 3552.330628467328 | 748451.690856193 | 76636.66102203233 | 72144.4181634799 | 4492.2428585524285 | 966762.0661958052 | 0 | 0 | 0 | 0 | 0 | 0 | 0 | 0 | 0 | 0 | 0 | 0 | 0 | 0 | 0 | 0 | 0 | 0 | 0 | 0 | 368.57912678094596 | 342.5116597191987 | 26.067467061747273 | 5686.027182456859 | 368.57912678094596 | 338.1067360346934 | 30.47239074625252 | 6709.144567385046 | 368.57912678094596 | 333.75846254622013 | 34.82066423472583 | 7719.103994407233 | 368.57912678094596 | 329.46611069525187 | 39.11301608569406 | 8716.074683457327 | 30503.39010023898 | 20776.665291469602 | 9726.724808769377 | 2228691.538808497 | 30503.39010023898 | 20509.46380378167 | 9993.926296457308 | 2290753.564603367 | 30503.39010023898 | 20245.698701770703 | 10257.691398468276 | 2352017.4322054433 | 30503.39010023898 | 19985.325791272124 | 10518.064308966856 | 2412493.4064504695 | 430034.52099620906 | 377127.28360169806 | 52907.237394510914 | 11858558.481705628
 |  | 261 | 0 | -9.243929152719746e-12 | 9.243929152719746e-12 | 2.273913402295132e-09 | 0 | 0 | 0 | 0 | 0 | 0 | 0 | 0 | 0 | 0 | 0 | 0 | 0 | 0 | 0 | 0 | 0 | 0 | 0 | 0 | 76636.66102203233 | 75325.35584736207 | 1311.305174670275 | 227935.95299866633 | 76636.66102203233 | 74356.62256602544 | 2280.038456006894 | 452940.50074609113 | 76636.66102203233 | 73400.34782749704 | 3236.3131945352875 | 675051.3430286959 | 76636.66102203233 | 72456.37140677801 | 4180.289615254322 | 894305.6947890272 | 0 | 0 | 0 | 0 | 0 | 0 | 0 | 0 | 0 | 0 | 0 | 0 | 0 | 0 | 0 | 0 | 0 | 0 | 0 | 0 | 368.57912678094596 | 343.9926838349481 | 24.586442945997888 | 5342.034498621911 | 368.57912678094596 | 339.56871321285786 | 29.010413568088083 | 6369.575854172188 | 368.57912678094596 | 335.2016377428591 | 33.37748903808688 | 7383.902356664374 | 368.57912678094596 | 330.8907257161299 | 37.68840106481607 | 8385.183957741197 | 30503.39010023898 | 20866.50381657776 | 9636.886283661219 | 2207825.0349919195 | 30503.39010023898 | 20598.146946771292 | 9905.243153467687 | 2270155.417656596 | 30503.39010023898 | 20333.241321610563 | 10170.148778628414 | 2331684.1908838325 | 30503.39010023898 | 20071.742555834964 | 10431.647544404013 | 2392421.6638946347 | 430034.52099620906 | 378757.98604896397 | 51276.534947245105 | 11479800.495656665
 |  | 262 | 0 | -9.281661028030422e-12 | 9.281661028030422e-12 | 2.2831950633231626e-09 | 0 | 0 | 0 | 0 | 0 | 0 | 0 | 0 | 0 | 0 | 0 | 0 | 0 | 0 | 0 | 0 | 0 | 0 | 0 | 0 | 76636.66102203233 | 75651.06349955937 | 985.5975224729566 | 152284.88949910697 | 76636.66102203233 | 74678.14140505195 | 1958.5196169803883 | 378262.3593410392 | 76636.66102203233 | 73717.7317242264 | 2918.9292978059393 | 601333.6113044695 | 76636.66102203233 | 72769.67353926924 | 3866.9874827631015 | 821536.021249758 | 0 | 0 | 0 | 0 | 0 | 0 | 0 | 0 | 0 | 0 | 0 | 0 | 0 | 0 | 0 | 0 | 0 | 0 | 0 | 0 | 368.57912678094596 | 345.48011191496903 | 23.099014865976955 | 4996.554386706942 | 368.57912678094596 | 341.03701199613005 | 27.542114784815922 | 6028.538842176058 | 368.57912678094596 | 336.65105324463457 | 31.928073536311377 | 7047.251303419739 | 368.57912678094596 | 332.321500787744 | 36.25762599320196 | 8052.862456953453 | 30503.39010023898 | 20956.73080443874 | 9546.65929580024 | 2186868.304187481 | 30503.39010023898 | 20687.213556628973 | 9816.176543610005 | 2249468.2040999667 | 30503.39010023898 | 20421.162476684076 | 10082.227623554903 | 2311263.0284071486 | 30503.39010023898 | 20158.532987421077 | 10344.857112817903 | 2372263.130907214 | 430034.52099620906 | 380395.7396712234 | 49638.78132498576 | 11099404.755985443
 |  | 263 | 0 | -9.319546917331353e-12 | 9.319546917331353e-12 | 2.292514610240494e-09 | 0 | 0 | 0 | 0 | 0 | 0 | 0 | 0 | 0 | 0 | 0 | 0 | 0 | 0 | 0 | 0 | 0 | 0 | 0 | 0 | 76636.66102203233 | 75978.17951516244 | 658.4815068698969 | 76306.70998394453 | 76636.66102203233 | 75001.0504950108 | 1635.6105270215307 | 303261.3088460284 | 76636.66102203233 | 74036.48799235295 | 2600.173029679389 | 527297.1233121166 | 76636.66102203233 | 73084.330393565 | 3552.330628467328 | 748451.690856193 | 0 | 0 | 0 | 0 | 0 | 0 | 0 | 0 | 0 | 0 | 0 | 0 | 0 | 0 | 0 | 0 | 0 | 0 | 0 | 0 | 368.57912678094596 | 346.97397165007214 | 21.6051551308738 | 4649.580415056869 | 368.57912678094596 | 342.5116597191987 | 26.067467061747273 | 5686.027182456859 | 368.57912678094596 | 338.1067360346934 | 30.47239074625252 | 6709.144567385046 | 368.57912678094596 | 333.75846254622013 | 34.82066423472583 | 7719.103994407233 | 30503.39010023898 | 21047.347934769678 | 9456.0421654693 | 2165820.9562527114 | 30503.39010023898 | 20776.665291469602 | 9726.724808769377 | 2228691.538808497 | 30503.39010023898 | 20509.46380378167 | 9993.926296457308 | 2290753.564603367 | 30503.39010023898 | 20245.698701770703 | 10257.691398468276 | 2352017.4322054433 | 430034.52099620906 | 382040.57495783304 | 47993.946038376016 | 10717364.18102761
 |  | 264 | 0 | -9.357587449276936e-12 | 9.357587449276936e-12 | 2.301872197689771e-09 | 0 | 0 | 0 | 0 | 0 | 0 | 0 | 0 | 0 | 0 | 0 | 0 | 0 | 0 | 0 | 0 | 0 | 0 | 0 | 0 | 76636.66102203233 | 76306.70998394981 | 329.9510380825187 | -5.282345227897167e-09 | 76636.66102203233 | 75325.35584736207 | 1311.305174670275 | 227935.95299866633 | 76636.66102203233 | 74356.62256602544 | 2280.038456006894 | 452940.50074609113 | 76636.66102203233 | 73400.34782749704 | 3236.3131945352875 | 675051.3430286959 | 0 | 0 | 0 | 0 | 0 | 0 | 0 | 0 | 0 | 0 | 0 | 0 | 0 | 0 | 0 | 0 | 0 | 0 | 0 | 0 | 368.57912678094596 | 348.4742908508036 | 20.10483593014238 | 4301.106124206066 | 368.57912678094596 | 343.9926838349481 | 24.586442945997888 | 5342.034498621911 | 368.57912678094596 | 339.56871321285786 | 29.010413568088083 | 6369.575854172188 | 368.57912678094596 | 335.2016377428591 | 33.37748903808688 | 7383.902356664374 | 30503.39010023898 | 21138.356894550838 | 9365.033205688143 | 2144682.5993581605 | 30503.39010023898 | 20866.50381657776 | 9636.886283661219 | 2207825.0349919195 | 30503.39010023898 | 20598.146946771292 | 9905.243153467687 | 2270155.417656596 | 30503.39010023898 | 20333.241321610563 | 10170.148778628414 | 2331684.1908838325 | 430034.52099620906 | 383692.5225299863 | 46341.99846622276 | 10333671.658497624
 |  | 265 | 0 | -9.395783255087603e-12 | 9.395783255087603e-12 | 2.3112679809448583e-09 | 0 | 0 | 0 | 0 | 0 | 0 | 0 | 0 | 0 | 0 | 0 | 0 | 0 | 0 | 0 | 0 | 0 | 0 | 0 | 0 | 0 | 2.284091781471945e-11 | -2.284091781471945e-11 | -5.3051861457118866e-09 | 76636.66102203233 | 75651.06349955937 | 985.5975224729566 | 152284.88949910697 | 76636.66102203233 | 74678.14140505195 | 1958.5196169803883 | 378262.3593410392 | 76636.66102203233 | 73717.7317242264 | 2918.9292978059393 | 601333.6113044695 | 0 | 0 | 0 | 0 | 0 | 0 | 0 | 0 | 0 | 0 | 0 | 0 | 0 | 0 | 0 | 0 | 0 | 0 | 0 | 0 | 368.57912678094596 | 349.9810974479624 | 18.598029332983565 | 3951.1250267581036 | 368.57912678094596 | 345.48011191496903 | 23.099014865976955 | 4996.554386706942 | 368.57912678094596 | 341.03701199613005 | 27.542114784815922 | 6028.538842176058 | 368.57912678094596 | 336.65105324463457 | 31.928073536311377 | 7047.251303419739 | 30503.39010023898 | 21229.75937805698 | 9273.630722181997 | 2123452.8399801035 | 30503.39010023898 | 20956.73080443874 | 9546.65929580024 | 2186868.304187481 | 30503.39010023898 | 20687.213556628973 | 9816.176543610005 | 2249468.2040999667 | 30503.39010023898 | 20421.162476684076 | 10082.227623554903 | 2311263.0284071486 | 353397.8599741767 | 308714.9521192502 | 44682.90785492651 | 10024956.706378374
 |  | 266 | 0 | -9.434134968560308e-12 | 9.434134968560308e-12 | 2.320702115913419e-09 | 0 | 0 | 0 | 0 | 0 | 0 | 0 | 0 | 0 | 0 | 0 | 0 | 0 | 0 | 0 | 0 | 0 | 0 | 0 | 0 | 0 | 2.2939682190032055e-11 | -2.2939682190032055e-11 | -5.328125827901919e-09 | 76636.66102203233 | 75978.17951516244 | 658.4815068698969 | 76306.70998394453 | 76636.66102203233 | 75001.0504950108 | 1635.6105270215307 | 303261.3088460284 | 76636.66102203233 | 74036.48799235295 | 2600.173029679389 | 527297.1233121166 | 0 | 0 | 0 | 0 | 0 | 0 | 0 | 0 | 0 | 0 | 0 | 0 | 0 | 0 | 0 | 0 | 0 | 0 | 0 | 0 | 368.57912678094596 | 351.4944194931208 | 17.084707287825132 | 3599.6306072649827 | 368.57912678094596 | 346.97397165007214 | 21.6051551308738 | 4649.580415056869 | 368.57912678094596 | 342.5116597191987 | 26.067467061747273 | 5686.027182456859 | 368.57912678094596 | 338.1067360346934 | 30.47239074625252 | 6709.144567385046 | 30503.39010023898 | 21321.557086888955 | 9181.833013350022 | 2102131.2828932144 | 30503.39010023898 | 21047.347934769678 | 9456.0421654693 | 2165820.9562527114 | 30503.39010023898 | 20776.665291469602 | 9726.724808769377 | 2228691.538808497 | 30503.39010023898 | 20509.46380378167 | 9993.926296457308 | 2290753.564603367 | 353397.8599741767 | 310049.8389063332 | 43348.0210678435 | 9714906.867472041
 |  | 267 | 0 | -9.472643226079037e-12 | 9.472643226079037e-12 | 2.330174759139498e-09 | 0 | 0 | 0 | 0 | 0 | 0 | 0 | 0 | 0 | 0 | 0 | 0 | 0 | 0 | 0 | 0 | 0 | 0 | 0 | 0 | 0 | 2.3038873623570164e-11 | -2.3038873623570164e-11 | -5.351164701525489e-09 | 76636.66102203233 | 76306.70998394981 | 329.9510380825187 | -5.282345227897167e-09 | 76636.66102203233 | 75325.35584736207 | 1311.305174670275 | 227935.95299866633 | 76636.66102203233 | 74356.62256602544 | 2280.038456006894 | 452940.50074609113 | 0 | 0 | 0 | 0 | 0 | 0 | 0 | 0 | 0 | 0 | 0 | 0 | 0 | 0 | 0 | 0 | 0 | 0 | 0 | 0 | 368.57912678094596 | 353.01428515914637 | 15.564841621799566 | 3246.6163221058364 | 368.57912678094596 | 348.4742908508036 | 20.10483593014238 | 4301.106124206066 | 368.57912678094596 | 343.9926838349481 | 24.586442945997888 | 5342.034498621911 | 368.57912678094596 | 339.56871321285786 | 29.010413568088083 | 6369.575854172188 | 30503.39010023898 | 21413.751730005337 | 9089.638370233644 | 2080717.5311632091 | 30503.39010023898 | 21138.356894550838 | 9365.033205688143 | 2144682.5993581605 | 30503.39010023898 | 20866.50381657776 | 9636.886283661219 | 2207825.0349919195 | 30503.39010023898 | 20598.146946771292 | 9905.243153467687 | 2270155.417656596 | 353397.8599741767 | 311390.49775830033 | 42007.3622158764 | 9403516.369713742
 |  | 268 | 0 | -9.511308666625362e-12 | 9.511308666625362e-12 | 2.3396860678061233e-09 | 0 | 0 | 0 | 0 | 0 | 0 | 0 | 0 | 0 | 0 | 0 | 0 | 0 | 0 | 0 | 0 | 0 | 0 | 0 | 0 | 0 | 2.3138493961938157e-11 | -2.3138493961938157e-11 | -5.374303195487427e-09 | 0 | 2.284091781471945e-11 | -2.284091781471945e-11 | -5.3051861457118866e-09 | 76636.66102203233 | 75651.06349955937 | 985.5975224729566 | 152284.88949910697 | 76636.66102203233 | 74678.14140505195 | 1958.5196169803883 | 378262.3593410392 | 0 | 0 | 0 | 0 | 0 | 0 | 0 | 0 | 0 | 0 | 0 | 0 | 0 | 0 | 0 | 0 | 0 | 0 | 0 | 0 | 368.57912678094596 | 354.5407227407264 | 14.038404040219568 | 2892.07559936511 | 368.57912678094596 | 349.9810974479624 | 18.598029332983565 | 3951.1250267581036 | 368.57912678094596 | 345.48011191496903 | 23.099014865976955 | 4996.554386706942 | 368.57912678094596 | 341.03701199613005 | 27.542114784815922 | 6028.538842176058 | 30503.39010023898 | 21506.34502375425 | 8997.04507648473 | 2059211.1861394548 | 30503.39010023898 | 21229.75937805698 | 9273.630722181997 | 2123452.8399801035 | 30503.39010023898 | 20956.73080443874 | 9546.65929580024 | 2186868.304187481 | 30503.39010023898 | 20687.213556628973 | 9816.176543610005 | 2249468.2040999667 | 276761.19895214436 | 236100.29261159012 | 40660.90634055428 | 9167416.077102149
 |  | 269 | 0 | -9.550131931789057e-12 | 9.550131931789057e-12 | 2.3492361997379124e-09 | 0 | 0 | 0 | 0 | 0 | 0 | 0 | 0 | 0 | 0 | 0 | 0 | 0 | 0 | 0 | 0 | 0 | 0 | 0 | 0 | 0 | 2.323854505972515e-11 | -2.323854505972515e-11 | -5.397541740547152e-09 | 0 | 2.2939682190032055e-11 | -2.2939682190032055e-11 | -5.328125827901919e-09 | 76636.66102203233 | 75978.17951516244 | 658.4815068698969 | 76306.70998394453 | 76636.66102203233 | 75001.0504950108 | 1635.6105270215307 | 303261.3088460284 | 0 | 0 | 0 | 0 | 0 | 0 | 0 | 0 | 0 | 0 | 0 | 0 | 0 | 0 | 0 | 0 | 0 | 0 | 0 | 0 | 368.57912678094596 | 356.07376065489467 | 12.505366126051301 | 2536.0018387102155 | 368.57912678094596 | 351.4944194931208 | 17.084707287825132 | 3599.6306072649827 | 368.57912678094596 | 346.97397165007214 | 21.6051551308738 | 4649.580415056869 | 368.57912678094596 | 342.5116597191987 | 26.067467061747273 | 5686.027182456859 | 30503.39010023898 | 21599.33869190534 | 8904.051408333638 | 2037611.8474475495 | 30503.39010023898 | 21321.557086888955 | 9181.833013350022 | 2102131.2828932144 | 30503.39010023898 | 21047.347934769678 | 9456.0421654693 | 2165820.9562527114 | 30503.39010023898 | 20776.665291469602 | 9726.724808769377 | 2228691.538808497 | 276761.19895214436 | 237121.19282672415 | 39640.00612542023 | 8930294.884275425
 |  | 270 | 0 | -9.589113665778737e-12 | 9.589113665778737e-12 | 2.3588253134036913e-09 | 0 | 0 | 0 | 0 | 0 | 0 | 0 | 0 | 0 | 0 | 0 | 0 | 0 | 0 | 0 | 0 | 0 | 0 | 0 | 0 | 0 | 2.333902877953953e-11 | -2.333902877953953e-11 | -5.4208807693266914e-09 | 0 | 2.3038873623570164e-11 | -2.3038873623570164e-11 | -5.351164701525489e-09 | 76636.66102203233 | 76306.70998394981 | 329.9510380825187 | -5.282345227897167e-09 | 76636.66102203233 | 75325.35584736207 | 1311.305174670275 | 227935.95299866633 | 0 | 0 | 0 | 0 | 0 | 0 | 0 | 0 | 0 | 0 | 0 | 0 | 0 | 0 | 0 | 0 | 0 | 0 | 0 | 0 | 368.57912678094596 | 357.6134274415606 | 10.965699339385374 | 2178.3884112686546 | 368.57912678094596 | 353.01428515914637 | 15.564841621799566 | 3246.6163221058364 | 368.57912678094596 | 348.4742908508036 | 20.10483593014238 | 4301.106124206066 | 368.57912678094596 | 343.9926838349481 | 24.586442945997888 | 5342.034498621911 | 30503.39010023898 | 21692.73446568185 | 8810.65563455713 | 2015919.1129818675 | 30503.39010023898 | 21413.751730005337 | 9089.638370233644 | 2080717.5311632091 | 30503.39010023898 | 21138.356894550838 | 9365.033205688143 | 2144682.5993581605 | 30503.39010023898 | 20866.50381657776 | 9636.886283661219 | 2207825.0349919195 | 276761.19895214436 | 238146.5074254142 | 38614.69152673022 | 8692148.376850013
 |  | 271 | 0 | -9.628254515432544e-12 | 9.628254515432544e-12 | 2.3684535679191238e-09 | 0 | 0 | 0 | 0 | 0 | 0 | 0 | 0 | 0 | 0 | 0 | 0 | 0 | 0 | 0 | 0 | 0 | 0 | 0 | 0 | 0 | 2.343994699204361e-11 | -2.343994699204361e-11 | -5.444320716318735e-09 | 0 | 2.3138493961938157e-11 | -2.3138493961938157e-11 | -5.374303195487427e-09 | 0 | 2.284091781471945e-11 | -2.284091781471945e-11 | -5.3051861457118866e-09 | 76636.66102203233 | 75651.06349955937 | 985.5975224729566 | 152284.88949910697 | 0 | 0 | 0 | 0 | 0 | 0 | 0 | 0 | 0 | 0 | 0 | 0 | 0 | 0 | 0 | 0 | 0 | 0 | 0 | 0 | 368.57912678094596 | 359.15975176404044 | 9.41937501690551 | 1819.2286595046141 | 368.57912678094596 | 354.5407227407264 | 14.038404040219568 | 2892.07559936511 | 368.57912678094596 | 349.9810974479624 | 18.598029332983565 | 3951.1250267581036 | 368.57912678094596 | 345.48011191496903 | 23.099014865976955 | 4996.554386706942 | 30503.39010023898 | 21786.534083792838 | 8716.85601644614 | 1994132.5788980746 | 30503.39010023898 | 21506.34502375425 | 8997.04507648473 | 2059211.1861394548 | 30503.39010023898 | 21229.75937805698 | 9273.630722181997 | 2123452.8399801035 | 30503.39010023898 | 20956.73080443874 | 9546.65929580024 | 2186868.304187481 | 200124.53793011204 | 162539.59447346992 | 37584.94345664208 | 8529608.78237654
 |  | 272 | 0 | -9.66755513022889e-12 | 9.66755513022889e-12 | 2.3781211230493526e-09 | 0 | 0 | 0 | 0 | 0 | 0 | 0 | 0 | 0 | 0 | 0 | 0 | 0 | 0 | 0 | 0 | 0 | 0 | 0 | 0 | 0 | 2.354130157598847e-11 | -2.354130157598847e-11 | -5.467862017894724e-09 | 0 | 2.323854505972515e-11 | -2.323854505972515e-11 | -5.397541740547152e-09 | 0 | 2.2939682190032055e-11 | -2.2939682190032055e-11 | -5.328125827901919e-09 | 76636.66102203233 | 75978.17951516244 | 658.4815068698969 | 76306.70998394453 | 0 | 0 | 0 | 0 | 0 | 0 | 0 | 0 | 0 | 0 | 0 | 0 | 0 | 0 | 0 | 0 | 0 | 0 | 0 | 0 | 368.57912678094596 | 360.712762409591 | 7.866364371354952 | 1458.515897095023 | 368.57912678094596 | 356.07376065489467 | 12.505366126051301 | 2536.0018387102155 | 368.57912678094596 | 351.4944194931208 | 17.084707287825132 | 3599.6306072649827 | 368.57912678094596 | 346.97397165007214 | 21.6051551308738 | 4649.580415056869 | 30503.39010023898 | 21880.73929246558 | 8622.6508077734 | 1972251.839605609 | 30503.39010023898 | 21599.33869190534 | 8904.051408333638 | 2037611.8474475495 | 30503.39010023898 | 21321.557086888955 | 9181.833013350022 | 2102131.2828932144 | 30503.39010023898 | 21047.347934769678 | 9456.0421654693 | 2165820.9562527114 | 200124.53793011204 | 163242.41743539972 | 36882.1204947123 | 8366366.3649411425
 |  | 273 | 0 | -9.707016162297223e-12 | 9.707016162297223e-12 | 2.3878281392116497e-09 | 0 | 0 | 0 | 0 | 0 | 0 | 0 | 0 | 0 | 0 | 0 | 0 | 0 | 0 | 0 | 0 | 0 | 0 | 0 | 0 | 0 | 2.364309441824894e-11 | -2.364309441824894e-11 | -5.491505112312973e-09 | 0 | 2.333902877953953e-11 | -2.333902877953953e-11 | -5.4208807693266914e-09 | 0 | 2.3038873623570164e-11 | -2.3038873623570164e-11 | -5.351164701525489e-09 | 76636.66102203233 | 76306.70998394981 | 329.9510380825187 | -5.282345227897167e-09 | 0 | 0 | 0 | 0 | 0 | 0 | 0 | 0 | 0 | 0 | 0 | 0 | 0 | 0 | 0 | 0 | 0 | 0 | 0 | 0 | 368.57912678094596 | 362.27248828994544 | 6.306638491000529 | 1096.2434088050777 | 368.57912678094596 | 357.6134274415606 | 10.965699339385374 | 2178.3884112686546 | 368.57912678094596 | 353.01428515914637 | 15.564841621799566 | 3246.6163221058364 | 368.57912678094596 | 348.4742908508036 | 20.10483593014238 | 4301.106124206066 | 30503.39010023898 | 21975.351845478035 | 8528.038254760944 | 1950276.487760131 | 30503.39010023898 | 21692.73446568185 | 8810.65563455713 | 2015919.1129818675 | 30503.39010023898 | 21413.751730005337 | 9089.638370233644 | 2080717.5311632091 | 30503.39010023898 | 21138.356894550838 | 9365.033205688143 | 2144682.5993581605 | 200124.53793011204 | 163948.2794114074 | 36176.25851870465 | 8202418.085529735
 |  | 274 | 0 | -9.746638266428857e-12 | 9.746638266428857e-12 | 2.3975747774780787e-09 | 0 | 0 | 0 | 0 | 0 | 0 | 0 | 0 | 0 | 0 | 0 | 0 | 0 | 0 | 0 | 0 | 0 | 0 | 0 | 0 | 0 | 2.3745327413858706e-11 | -2.3745327413858706e-11 | -5.515250439726832e-09 | 0 | 2.343994699204361e-11 | -2.343994699204361e-11 | -5.444320716318735e-09 | 0 | 2.3138493961938157e-11 | -2.3138493961938157e-11 | -5.374303195487427e-09 | 0 | 2.284091781471945e-11 | -2.284091781471945e-11 | -5.3051861457118866e-09 | 0 | 0 | 0 | 0 | 0 | 0 | 0 | 0 | 0 | 0 | 0 | 0 | 0 | 0 | 0 | 0 | 0 | 0 | 0 | 0 | 368.57912678094596 | 363.8389584418515 | 4.740168339094425 | 732.4044503632263 | 368.57912678094596 | 359.15975176404044 | 9.41937501690551 | 1819.2286595046141 | 368.57912678094596 | 354.5407227407264 | 14.038404040219568 | 2892.07559936511 | 368.57912678094596 | 349.9810974479624 | 18.598029332983565 | 3951.1250267581036 | 30503.39010023898 | 22070.373504191528 | 8433.01659604745 | 1928206.1142559394 | 30503.39010023898 | 21786.534083792838 | 8716.85601644614 | 1994132.5788980746 | 30503.39010023898 | 21506.34502375425 | 8997.04507648473 | 2059211.1861394548 | 30503.39010023898 | 21229.75937805698 | 9273.630722181997 | 2123452.8399801035 | 123487.87690807969 | 88020.53252019026 | 35467.34438788944 | 8114397.553009544
 |  | 275 | 0 | -9.786422100087832e-12 | 9.786422100087832e-12 | 2.4073611995781667e-09 | 0 | 0 | 0 | 0 | 0 | 0 | 0 | 0 | 0 | 0 | 0 | 0 | 0 | 0 | 0 | 0 | 0 | 0 | 0 | 0 | 0 | 2.3848002466045607e-11 | -2.3848002466045607e-11 | -5.5390984421928774e-09 | 0 | 2.354130157598847e-11 | -2.354130157598847e-11 | -5.467862017894724e-09 | 0 | 2.323854505972515e-11 | -2.323854505972515e-11 | -5.397541740547152e-09 | 0 | 2.2939682190032055e-11 | -2.2939682190032055e-11 | -5.328125827901919e-09 | 0 | 0 | 0 | 0 | 0 | 0 | 0 | 0 | 0 | 0 | 0 | 0 | 0 | 0 | 0 | 0 | 0 | 0 | 0 | 0 | 368.57912678094596 | 365.41220202761235 | 3.1669247533336127 | 366.9922483356139 | 368.57912678094596 | 360.712762409591 | 7.866364371354952 | 1458.515897095023 | 368.57912678094596 | 356.07376065489467 | 12.505366126051301 | 2536.0018387102155 | 368.57912678094596 | 351.4944194931208 | 17.084707287825132 | 3599.6306072649827 | 30503.39010023898 | 22165.806037583534 | 8337.584062655444 | 1906040.3082183558 | 30503.39010023898 | 21880.73929246558 | 8622.6508077734 | 1972251.839605609 | 30503.39010023898 | 21599.33869190534 | 8904.051408333638 | 2037611.8474475495 | 30503.39010023898 | 21321.557086888955 | 9181.833013350022 | 2102131.2828932144 | 123487.87690807969 | 88401.13425342873 | 35086.74265465098 | 8025996.418756114
 |  | 276 | 0 | -9.826368323421825e-12 | 9.826368323421825e-12 | 2.4171875679015885e-09 | 0 | 0 | 0 | 0 | 0 | 0 | 0 | 0 | 0 | 0 | 0 | 0 | 0 | 0 | 0 | 0 | 0 | 0 | 0 | 0 | 0 | 2.395112148626705e-11 | -2.395112148626705e-11 | -5.5630495636791445e-09 | 0 | 2.364309441824894e-11 | -2.364309441824894e-11 | -5.491505112312973e-09 | 0 | 2.333902877953953e-11 | -2.333902877953953e-11 | -5.4208807693266914e-09 | 0 | 2.3038873623570164e-11 | -2.3038873623570164e-11 | -5.351164701525489e-09 | 0 | 0 | 0 | 0 | 0 | 0 | 0 | 0 | 0 | 0 | 0 | 0 | 0 | 0 | 0 | 0 | 0 | 0 | 0 | 0 | 368.57912678094596 | 366.99224833562903 | 1.5868784453169504 | -1.5120349416974932e-11 | 368.57912678094596 | 362.27248828994544 | 6.306638491000529 | 1096.2434088050777 | 368.57912678094596 | 357.6134274415606 | 10.965699339385374 | 2178.3884112686546 | 368.57912678094596 | 353.01428515914637 | 15.564841621799566 | 3246.6163221058364 | 30503.39010023898 | 22261.651222280598 | 8241.73887795838 | 1883778.656996075 | 30503.39010023898 | 21975.351845478035 | 8528.038254760944 | 1950276.487760131 | 30503.39010023898 | 21692.73446568185 | 8810.65563455713 | 2015919.1129818675 | 30503.39010023898 | 21413.751730005337 | 9089.638370233644 | 2080717.5311632091 | 123487.87690807969 | 88783.38171267218 | 34704.495195407515 | 7937213.037043443
 |  | 277 | 0 | -9.866477599273105e-12 | 9.866477599273105e-12 | 2.4270540455008615e-09 | 0 | 0 | 0 | 0 | 0 | 0 | 0 | 0 | 0 | 0 | 0 | 0 | 0 | 0 | 0 | 0 | 0 | 0 | 0 | 0 | 0 | 2.4054686394245616e-11 | -2.4054686394245616e-11 | -5.58710425007339e-09 | 0 | 2.3745327413858706e-11 | -2.3745327413858706e-11 | -5.515250439726832e-09 | 0 | 2.343994699204361e-11 | -2.343994699204361e-11 | -5.444320716318735e-09 | 0 | 2.3138493961938157e-11 | -2.3138493961938157e-11 | -5.374303195487427e-09 | 0 | 0 | 0 | 0 | 0 | 0 | 0 | 0 | 0 | 0 | 0 | 0 | 0 | 0 | 0 | 0 | 0 | 0 | 0 | 0 | 0 | 6.538055417866923e-14 | -6.538055417866923e-14 | -1.51857299711536e-11 | 368.57912678094596 | 363.8389584418515 | 4.740168339094425 | 732.4044503632263 | 368.57912678094596 | 359.15975176404044 | 9.41937501690551 | 1819.2286595046141 | 368.57912678094596 | 354.5407227407264 | 14.038404040219568 | 2892.07559936511 | 30503.39010023898 | 22357.910842591424 | 8145.4792576475575 | 1861420.7461534836 | 30503.39010023898 | 22070.373504191528 | 8433.01659604745 | 1928206.1142559394 | 30503.39010023898 | 21786.534083792838 | 8716.85601644614 | 1994132.5788980746 | 30503.39010023898 | 21506.34502375425 | 8997.04507648473 | 2059211.1861394548 | 123119.29778129875 | 88798.70288727674 | 34320.59489402201 | 7848414.334156167
 |  | 278 | 0 | -9.906750593189529e-12 | 9.906750593189529e-12 | 2.436960796094051e-09 | 0 | 0 | 0 | 0 | 0 | 0 | 0 | 0 | 0 | 0 | 0 | 0 | 0 | 0 | 0 | 0 | 0 | 0 | 0 | 0 | 0 | 2.415869911800478e-11 | -2.415869911800478e-11 | -5.6112629491913946e-09 | 0 | 2.3848002466045607e-11 | -2.3848002466045607e-11 | -5.5390984421928774e-09 | 0 | 2.354130157598847e-11 | -2.354130157598847e-11 | -5.467862017894724e-09 | 0 | 2.323854505972515e-11 | -2.323854505972515e-11 | -5.397541740547152e-09 | 0 | 0 | 0 | 0 | 0 | 0 | 0 | 0 | 0 | 0 | 0 | 0 | 0 | 0 | 0 | 0 | 0 | 0 | 0 | 0 | 0 | 6.566326040104732e-14 | -6.566326040104732e-14 | -1.5251393231554648e-11 | 368.57912678094596 | 365.41220202761235 | 3.1669247533336127 | 366.9922483356139 | 368.57912678094596 | 360.712762409591 | 7.866364371354952 | 1458.515897095023 | 368.57912678094596 | 356.07376065489467 | 12.505366126051301 | 2536.0018387102155 | 30503.39010023898 | 22454.58669054007 | 8048.803409698909 | 1838966.1594629437 | 30503.39010023898 | 22165.806037583534 | 8337.584062655444 | 1906040.3082183558 | 30503.39010023898 | 21880.73929246558 | 8622.6508077734 | 1972251.839605609 | 30503.39010023898 | 21599.33869190534 | 8904.051408333638 | 2037611.8474475495 | 123119.29778129875 | 89182.66943758671 | 33936.628343712044 | 7759231.6647185795
 |  | 279 | 0 | -9.947187973435591e-12 | 9.947187973435591e-12 | 2.446907984067487e-09 | 0 | 0 | 0 | 0 | 0 | 0 | 0 | 0 | 0 | 0 | 0 | 0 | 0 | 0 | 0 | 0 | 0 | 0 | 0 | 0 | 0 | 2.4263161593904818e-11 | -2.4263161593904818e-11 | -5.6355261107853e-09 | 0 | 2.395112148626705e-11 | -2.395112148626705e-11 | -5.5630495636791445e-09 | 0 | 2.364309441824894e-11 | -2.364309441824894e-11 | -5.491505112312973e-09 | 0 | 2.333902877953953e-11 | -2.333902877953953e-11 | -5.4208807693266914e-09 | 0 | 0 | 0 | 0 | 0 | 0 | 0 | 0 | 0 | 0 | 0 | 0 | 0 | 0 | 0 | 0 | 0 | 0 | 0 | 0 | 0 | 6.594718904818421e-14 | -6.594718904818421e-14 | -1.531734042060283e-11 | 368.57912678094596 | 366.99224833562903 | 1.5868784453169504 | -1.5120349416974932e-11 | 368.57912678094596 | 362.27248828994544 | 6.306638491000529 | 1096.2434088050777 | 368.57912678094596 | 357.6134274415606 | 10.965699339385374 | 2178.3884112686546 | 30503.39010023898 | 22551.680565899347 | 7951.709534339632 | 1816414.4788970444 | 30503.39010023898 | 22261.651222280598 | 8241.73887795838 | 1883778.656996075 | 30503.39010023898 | 21975.351845478035 | 8528.038254760944 | 1950276.487760131 | 30503.39010023898 | 21692.73446568185 | 8810.65563455713 | 2015919.1129818675 | 123119.29778129875 | 89568.29626340706 | 33551.0015178917 | 7669663.368455172
 |  | 280 | 0 | -9.987790411003505e-12 | 9.987790411003505e-12 | 2.4568957744784903e-09 | 0 | 0 | 0 | 0 | 0 | 0 | 0 | 0 | 0 | 0 | 0 | 0 | 0 | 0 | 0 | 0 | 0 | 0 | 0 | 0 | 0 | 2.436807576667884e-11 | -2.436807576667884e-11 | -5.659894186551979e-09 | 0 | 2.4054686394245616e-11 | -2.4054686394245616e-11 | -5.58710425007339e-09 | 0 | 2.3745327413858706e-11 | -2.3745327413858706e-11 | -5.515250439726832e-09 | 0 | 2.343994699204361e-11 | -2.343994699204361e-11 | -5.444320716318735e-09 | 0 | 0 | 0 | 0 | 0 | 0 | 0 | 0 | 0 | 0 | 0 | 0 | 0 | 0 | 0 | 0 | 0 | 0 | 0 | 0 | 0 | 6.623234540585775e-14 | -6.623234540585775e-14 | -1.538357276600869e-11 | 0 | 6.538055417866923e-14 | -6.538055417866923e-14 | -1.51857299711536e-11 | 368.57912678094596 | 363.8389584418515 | 4.740168339094425 | 732.4044503632263 | 368.57912678094596 | 359.15975176404044 | 9.41937501690551 | 1819.2286595046141 | 30503.39010023898 | 22649.19427622429 | 7854.195824014689 | 1793765.28462082 | 30503.39010023898 | 22357.910842591424 | 8145.4792576475575 | 1861420.7461534836 | 30503.39010023898 | 22070.373504191528 | 8433.01659604745 | 1928206.1142559394 | 30503.39010023898 | 21786.534083792838 | 8716.85601644614 | 1994132.5788980746 | 122750.7186545178 | 89587.01141700607 | 33163.70723751175 | 7580076.357038166
 |  | 281 | 0 | -1.0028558579624341e-11 | 1.0028558579624341e-11 | 2.4669243330581145e-09 | 0 | 0 | 0 | 0 | 0 | 0 | 0 | 0 | 0 | 0 | 0 | 0 | 0 | 0 | 0 | 0 | 0 | 0 | 0 | 0 | 0 | 2.4473443589469013e-11 | -2.4473443589469013e-11 | -5.684367630141448e-09 | 0 | 2.415869911800478e-11 | -2.415869911800478e-11 | -5.6112629491913946e-09 | 0 | 2.3848002466045607e-11 | -2.3848002466045607e-11 | -5.5390984421928774e-09 | 0 | 2.354130157598847e-11 | -2.354130157598847e-11 | -5.467862017894724e-09 | 0 | 0 | 0 | 0 | 0 | 0 | 0 | 0 | 0 | 0 | 0 | 0 | 0 | 0 | 0 | 0 | 0 | 0 | 0 | 0 | 0 | 6.651873478270156e-14 | -6.651873478270156e-14 | -1.5450091500791392e-11 | 0 | 6.566326040104732e-14 | -6.566326040104732e-14 | -1.5251393231554648e-11 | 368.57912678094596 | 365.41220202761235 | 3.1669247533336127 | 366.9922483356139 | 368.57912678094596 | 360.712762409591 | 7.866364371354952 | 1458.515897095023 | 30503.39010023898 | 22747.129636885827 | 7756.260463353153 | 1771018.1549839342 | 30503.39010023898 | 22454.58669054007 | 8048.803409698909 | 1838966.1594629437 | 30503.39010023898 | 22165.806037583534 | 8337.584062655444 | 1906040.3082183558 | 30503.39010023898 | 21880.73929246558 | 8622.6508077734 | 1972251.839605609 | 122750.7186545178 | 89974.3866219123 | 32776.33203260551 | 7490101.970416253
 |  | 282 | 0 | -1.0069493155779206e-11 | 1.0069493155779206e-11 | 2.476993826213894e-09 | 0 | 0 | 0 | 0 | 0 | 0 | 0 | 0 | 0 | 0 | 0 | 0 | 0 | 0 | 0 | 0 | 0 | 0 | 0 | 0 | 0 | 2.4579267023862898e-11 | -2.4579267023862898e-11 | -5.7089468971653104e-09 | 0 | 2.4263161593904818e-11 | -2.4263161593904818e-11 | -5.6355261107853e-09 | 0 | 2.395112148626705e-11 | -2.395112148626705e-11 | -5.5630495636791445e-09 | 0 | 2.364309441824894e-11 | -2.364309441824894e-11 | -5.491505112312973e-09 | 0 | 0 | 0 | 0 | 0 | 0 | 0 | 0 | 0 | 0 | 0 | 0 | 0 | 0 | 0 | 0 | 0 | 0 | 0 | 0 | 0 | 6.680636251030384e-14 | -6.680636251030384e-14 | -1.5516897863301697e-11 | 0 | 6.594718904818421e-14 | -6.594718904818421e-14 | -1.531734042060283e-11 | 368.57912678094596 | 366.99224833562903 | 1.5868784453169504 | -1.5120349416974932e-11 | 368.57912678094596 | 362.27248828994544 | 6.306638491000529 | 1096.2434088050777 | 30503.39010023898 | 22845.488471104563 | 7657.901629134415 | 1748172.6665128297 | 30503.39010023898 | 22551.680565899347 | 7951.709534339632 | 1816414.4788970444 | 30503.39010023898 | 22261.651222280598 | 8241.73887795838 | 1883778.656996075 | 30503.39010023898 | 21975.351845478035 | 8528.038254760944 | 1950276.487760131 | 122750.7186545178 | 90363.4368413882 | 32387.281813129604 | 7399738.533574865
 |  | 283 | 0 | -1.0110594818710469e-11 | 1.0110594818710469e-11 | 2.4871044210326044e-09 | 0 | 0 | 0 | 0 | 0 | 0 | 0 | 0 | 0 | 0 | 0 | 0 | 0 | 0 | 0 | 0 | 0 | 0 | 0 | 0 | 0 | 2.4685548039929995e-11 | -2.4685548039929995e-11 | -5.733632445205241e-09 | 0 | 2.436807576667884e-11 | -2.436807576667884e-11 | -5.659894186551979e-09 | 0 | 2.4054686394245616e-11 | -2.4054686394245616e-11 | -5.58710425007339e-09 | 0 | 2.3745327413858706e-11 | -2.3745327413858706e-11 | -5.515250439726832e-09 | 0 | 0 | 0 | 0 | 0 | 0 | 0 | 0 | 0 | 0 | 0 | 0 | 0 | 0 | 0 | 0 | 0 | 0 | 0 | 0 | 0 | 6.709523394330665e-14 | -6.709523394330665e-14 | -1.5583993097245005e-11 | 0 | 6.623234540585775e-14 | -6.623234540585775e-14 | -1.538357276600869e-11 | 0 | 6.538055417866923e-14 | -6.538055417866923e-14 | -1.51857299711536e-11 | 368.57912678094596 | 363.8389584418515 | 4.740168339094425 | 732.4044503632263 | 30503.39010023898 | 22944.27260998474 | 7559.117490254241 | 1725228.393902845 | 30503.39010023898 | 22649.19427622429 | 7854.195824014689 | 1793765.28462082 | 30503.39010023898 | 22357.910842591424 | 8145.4792576475575 | 1861420.7461534836 | 30503.39010023898 | 22070.373504191528 | 8433.01659604745 | 1928206.1142559394 | 122382.13952773686 | 90385.5901914339 | 31996.549336302945 | 7309352.943383432
 |  | 284 | 0 | -1.015186425043303e-11 | 1.015186425043303e-11 | 2.4972562852830372e-09 | 0 | 0 | 0 | 0 | 0 | 0 | 0 | 0 | 0 | 0 | 0 | 0 | 0 | 0 | 0 | 0 | 0 | 0 | 0 | 0 | 0 | 2.4792288616258402e-11 | -2.4792288616258402e-11 | -5.758424733821499e-09 | 0 | 2.4473443589469013e-11 | -2.4473443589469013e-11 | -5.684367630141448e-09 | 0 | 2.415869911800478e-11 | -2.415869911800478e-11 | -5.6112629491913946e-09 | 0 | 2.3848002466045607e-11 | -2.3848002466045607e-11 | -5.5390984421928774e-09 | 0 | 0 | 0 | 0 | 0 | 0 | 0 | 0 | 0 | 0 | 0 | 0 | 0 | 0 | 0 | 0 | 0 | 0 | 0 | 0 | 0 | 6.738535445950558e-14 | -6.738535445950558e-14 | -1.565137845170451e-11 | 0 | 6.651873478270156e-14 | -6.651873478270156e-14 | -1.5450091500791392e-11 | 0 | 6.566326040104732e-14 | -6.566326040104732e-14 | -1.5251393231554648e-11 | 368.57912678094596 | 365.41220202761235 | 3.1669247533336127 | 366.9922483356139 | 30503.39010023898 | 23043.483892548298 | 7459.90620769068 | 1702184.9100102966 | 30503.39010023898 | 22747.129636885827 | 7756.260463353153 | 1771018.1549839342 | 30503.39010023898 | 22454.58669054007 | 8048.803409698909 | 1838966.1594629437 | 30503.39010023898 | 22165.806037583534 | 8337.584062655444 | 1906040.3082183558 | 122382.13952773686 | 90776.41845958543 | 31605.721068151433 | 7218576.524923846
 |  | 285 | 0 | -1.0193302135745632e-11 | 1.0193302135745632e-11 | 2.507449587418783e-09 | 0 | 0 | 0 | 0 | 0 | 0 | 0 | 0 | 0 | 0 | 0 | 0 | 0 | 0 | 0 | 0 | 0 | 0 | 0 | 0 | 0 | 2.4899490739991652e-11 | -2.4899490739991652e-11 | -5.783324224561491e-09 | 0 | 2.4579267023862898e-11 | -2.4579267023862898e-11 | -5.7089468971653104e-09 | 0 | 2.4263161593904818e-11 | -2.4263161593904818e-11 | -5.6355261107853e-09 | 0 | 2.395112148626705e-11 | -2.395112148626705e-11 | -5.5630495636791445e-09 | 0 | 0 | 0 | 0 | 0 | 0 | 0 | 0 | 0 | 0 | 0 | 0 | 0 | 0 | 0 | 0 | 0 | 0 | 0 | 0 | 0 | 6.767672945994984e-14 | -6.767672945994984e-14 | -1.571905518116446e-11 | 0 | 6.680636251030384e-14 | -6.680636251030384e-14 | -1.5516897863301697e-11 | 0 | 6.594718904818421e-14 | -6.594718904818421e-14 | -1.531734042060283e-11 | 368.57912678094596 | 366.99224833562903 | 1.5868784453169504 | -1.5120349416974932e-11 | 30503.39010023898 | 23143.124165769146 | 7360.265934469834 | 1679041.7858445274 | 30503.39010023898 | 22845.488471104563 | 7657.901629134415 | 1748172.6665128297 | 30503.39010023898 | 22551.680565899347 | 7951.709534339632 | 1816414.4788970444 | 30503.39010023898 | 22261.651222280598 | 8241.73887795838 | 1883778.656996075 | 122382.13952773686 | 91168.93667338937 | 31213.202854347488 | 7127407.588250456
 |  | 286 | 0 | -1.0234909162242242e-11 | 1.0234909162242242e-11 | 2.5176844965810253e-09 | 0 | 0 | 0 | 0 | 0 | 0 | 0 | 0 | 0 | 0 | 0 | 0 | 0 | 0 | 0 | 0 | 0 | 0 | 0 | 0 | 0 | 2.5007156406865702e-11 | -2.5007156406865702e-11 | -5.808331380968356e-09 | 0 | 2.4685548039929995e-11 | -2.4685548039929995e-11 | -5.733632445205241e-09 | 0 | 2.436807576667884e-11 | -2.436807576667884e-11 | -5.659894186551979e-09 | 0 | 2.4054686394245616e-11 | -2.4054686394245616e-11 | -5.58710425007339e-09 | 0 | 0 | 0 | 0 | 0 | 0 | 0 | 0 | 0 | 0 | 0 | 0 | 0 | 0 | 0 | 0 | 0 | 0 | 0 | 0 | 0 | 6.796936436904288e-14 | -6.796936436904288e-14 | -1.5787024545533503e-11 | 0 | 6.709523394330665e-14 | -6.709523394330665e-14 | -1.5583993097245005e-11 | 0 | 6.623234540585775e-14 | -6.623234540585775e-14 | -1.538357276600869e-11 | 0 | 6.538055417866923e-14 | -6.538055417866923e-14 | -1.51857299711536e-11 | 30503.39010023898 | 23243.195284607515 | 7260.194815631466 | 1655798.5905599198 | 30503.39010023898 | 22944.27260998474 | 7559.117490254241 | 1725228.393902845 | 30503.39010023898 | 22649.19427622429 | 7854.195824014689 | 1793765.28462082 | 30503.39010023898 | 22357.910842591424 | 8145.4792576475575 | 1861420.7461534836 | 122013.56040095592 | 91194.57301340805 | 30818.987387547866 | 7036213.015237048
 |  | 287 | 0 | -1.027668602032344e-11 | 1.027668602032344e-11 | 2.5279611826013485e-09 | 0 | 0 | 0 | 0 | 0 | 0 | 0 | 0 | 0 | 0 | 0 | 0 | 0 | 0 | 0 | 0 | 0 | 0 | 0 | 0 | 0 | 2.5115287621246105e-11 | -2.5115287621246105e-11 | -5.833446668589602e-09 | 0 | 2.4792288616258402e-11 | -2.4792288616258402e-11 | -5.758424733821499e-09 | 0 | 2.4473443589469013e-11 | -2.4473443589469013e-11 | -5.684367630141448e-09 | 0 | 2.415869911800478e-11 | -2.415869911800478e-11 | -5.6112629491913946e-09 | 0 | 0 | 0 | 0 | 0 | 0 | 0 | 0 | 0 | 0 | 0 | 0 | 0 | 0 | 0 | 0 | 0 | 0 | 0 | 0 | 0 | 6.826326463464329e-14 | -6.826326463464329e-14 | -1.5855287810168148e-11 | 0 | 6.738535445950558e-14 | -6.738535445950558e-14 | -1.565137845170451e-11 | 0 | 6.651873478270156e-14 | -6.651873478270156e-14 | -1.5450091500791392e-11 | 0 | 6.566326040104732e-14 | -6.566326040104732e-14 | -1.5251393231554648e-11 | 30503.39010023898 | 23343.699112044505 | 7159.690988194474 | 1632454.8914478754 | 30503.39010023898 | 23043.483892548298 | 7459.90620769068 | 1702184.9100102966 | 30503.39010023898 | 22747.129636885827 | 7756.260463353153 | 1771018.1549839342 | 30503.39010023898 | 22454.58669054007 | 8048.803409698909 | 1838966.1594629437 | 122013.56040095592 | 91588.8993320188 | 30424.66106893713 | 6944624.11590503
 |  | 288 | 0 | -1.0318633403207882e-11 | 1.0318633403207882e-11 | 2.5382798160045564e-09 | 0 | 0 | 0 | 0 | 0 | 0 | 0 | 0 | 0 | 0 | 0 | 0 | 0 | 0 | 0 | 0 | 0 | 0 | 0 | 0 | 0 | 2.5223886396165306e-11 | -2.5223886396165306e-11 | -5.858670554985767e-09 | 0 | 2.4899490739991652e-11 | -2.4899490739991652e-11 | -5.783324224561491e-09 | 0 | 2.4579267023862898e-11 | -2.4579267023862898e-11 | -5.7089468971653104e-09 | 0 | 2.4263161593904818e-11 | -2.4263161593904818e-11 | -5.6355261107853e-09 | 0 | 0 | 0 | 0 | 0 | 0 | 0 | 0 | 0 | 0 | 0 | 0 | 0 | 0 | 0 | 0 | 0 | 0 | 0 | 0 | 0 | 6.855843572816629e-14 | -6.855843572816629e-14 | -1.5923846245896315e-11 | 0 | 6.767672945994984e-14 | -6.767672945994984e-14 | -1.571905518116446e-11 | 0 | 6.680636251030384e-14 | -6.680636251030384e-14 | -1.5516897863301697e-11 | 0 | 6.594718904818421e-14 | -6.594718904818421e-14 | -1.531734042060283e-11 | 30503.39010023898 | 23444.637519116775 | 7058.752581122204 | 1609010.2539287587 | 30503.39010023898 | 23143.124165769146 | 7360.265934469834 | 1679041.7858445274 | 30503.39010023898 | 22845.488471104563 | 7657.901629134415 | 1748172.6665128297 | 30503.39010023898 | 22551.680565899347 | 7951.709534339632 | 1816414.4788970444 | 122013.56040095592 | 91984.93072188992 | 30028.629679065998 | 6852639.1851831395
 |  | 289 | 0 | -1.0360752006943811e-11 | 1.0360752006943811e-11 | 2.5486405680115003e-09 | 0 | 0 | 0 | 0 | 0 | 0 | 0 | 0 | 0 | 0 | 0 | 0 | 0 | 0 | 0 | 0 | 0 | 0 | 0 | 0 | 0 | 2.5332954753360123e-11 | -2.5332954753360123e-11 | -5.884003509739127e-09 | 0 | 2.5007156406865702e-11 | -2.5007156406865702e-11 | -5.808331380968356e-09 | 0 | 2.4685548039929995e-11 | -2.4685548039929995e-11 | -5.733632445205241e-09 | 0 | 2.436807576667884e-11 | -2.436807576667884e-11 | -5.659894186551979e-09 | 0 | 0 | 0 | 0 | 0 | 0 | 0 | 0 | 0 | 0 | 0 | 0 | 0 | 0 | 0 | 0 | 0 | 0 | 0 | 0 | 0 | 6.885488314468551e-14 | -6.885488314468551e-14 | -1.5992701129041002e-11 | 0 | 6.796936436904288e-14 | -6.796936436904288e-14 | -1.5787024545533503e-11 | 0 | 6.709523394330665e-14 | -6.709523394330665e-14 | -1.5583993097245005e-11 | 0 | 6.623234540585775e-14 | -6.623234540585775e-14 | -1.538357276600869e-11 | 30503.39010023898 | 23546.012384951362 | 6957.377715287619 | 1585464.2415438073 | 30503.39010023898 | 23243.195284607515 | 7260.194815631466 | 1655798.5905599198 | 30503.39010023898 | 22944.27260998474 | 7559.117490254241 | 1725228.393902845 | 30503.39010023898 | 22649.19427622429 | 7854.195824014689 | 1793765.28462082 | 122013.56040095592 | 92382.674555768 | 29630.885845187924 | 6760256.510627372
 |  | 290 | 0 | -1.0403042530420597e-11 | 1.0403042530420597e-11 | 2.559043610541921e-09 | 0 | 0 | 0 | 0 | 0 | 0 | 0 | 0 | 0 | 0 | 0 | 0 | 0 | 0 | 0 | 0 | 0 | 0 | 0 | 0 | 0 | 2.5442494723309388e-11 | -2.5442494723309388e-11 | -5.909446004462437e-09 | 0 | 2.5115287621246105e-11 | -2.5115287621246105e-11 | -5.833446668589602e-09 | 0 | 2.4792288616258402e-11 | -2.4792288616258402e-11 | -5.758424733821499e-09 | 0 | 2.4473443589469013e-11 | -2.4473443589469013e-11 | -5.684367630141448e-09 | 0 | 0 | 0 | 0 | 0 | 0 | 0 | 0 | 0 | 0 | 0 | 0 | 0 | 0 | 0 | 0 | 0 | 0 | 0 | 0 | 0 | 6.915261240303541e-14 | -6.915261240303541e-14 | -1.6061853741444038e-11 | 0 | 6.826326463464329e-14 | -6.826326463464329e-14 | -1.5855287810168148e-11 | 0 | 6.738535445950558e-14 | -6.738535445950558e-14 | -1.565137845170451e-11 | 0 | 6.651873478270156e-14 | -6.651873478270156e-14 | -1.5450091500791392e-11 | 30503.39010023898 | 23647.825596800663 | 6855.564503438318 | 1561816.4159470065 | 30503.39010023898 | 23343.699112044505 | 7159.690988194474 | 1632454.8914478754 | 30503.39010023898 | 23043.483892548298 | 7459.90620769068 | 1702184.9100102966 | 30503.39010023898 | 22747.129636885827 | 7756.260463353153 | 1771018.1549839342 | 122013.56040095592 | 92782.13823827938 | 29231.422162676536 | 6667474.372389092
 |  | 291 | 0 | -1.0445505675380335e-11 | 1.0445505675380335e-11 | 2.569489116217301e-09 | 0 | 0 | 0 | 0 | 0 | 0 | 0 | 0 | 0 | 0 | 0 | 0 | 0 | 0 | 0 | 0 | 0 | 0 | 0 | 0 | 0 | 2.555250834527175e-11 | -2.555250834527175e-11 | -5.934998512807708e-09 | 0 | 2.5223886396165306e-11 | -2.5223886396165306e-11 | -5.858670554985767e-09 | 0 | 2.4899490739991652e-11 | -2.4899490739991652e-11 | -5.783324224561491e-09 | 0 | 2.4579267023862898e-11 | -2.4579267023862898e-11 | -5.7089468971653104e-09 | 0 | 0 | 0 | 0 | 0 | 0 | 0 | 0 | 0 | 0 | 0 | 0 | 0 | 0 | 0 | 0 | 0 | 0 | 0 | 0 | 0 | 6.945162904591386e-14 | -6.945162904591386e-14 | -1.613130537048995e-11 | 0 | 6.855843572816629e-14 | -6.855843572816629e-14 | -1.5923846245896315e-11 | 0 | 6.767672945994984e-14 | -6.767672945994984e-14 | -1.571905518116446e-11 | 0 | 6.680636251030384e-14 | -6.680636251030384e-14 | -1.5516897863301697e-11 | 30503.39010023898 | 23750.07905007758 | 6753.311050161398 | 1538066.336896929 | 30503.39010023898 | 23444.637519116775 | 7058.752581122204 | 1609010.2539287587 | 30503.39010023898 | 23143.124165769146 | 7360.265934469834 | 1679041.7858445274 | 30503.39010023898 | 22845.488471104563 | 7657.901629134415 | 1748172.6665128297 | 122013.56040095592 | 93183.32920606816 | 28830.23119488776 | 6574291.043183023
 |  | 292 | 0 | -1.0488142146429492e-11 | 1.0488142146429492e-11 | 2.5799772583637307e-09 | 0 | 0 | 0 | 0 | 0 | 0 | 0 | 0 | 0 | 0 | 0 | 0 | 0 | 0 | 0 | 0 | 0 | 0 | 0 | 0 | 0 | 2.5662997667323616e-11 | -2.5662997667323616e-11 | -5.960661510475032e-09 | 0 | 2.5332954753360123e-11 | -2.5332954753360123e-11 | -5.884003509739127e-09 | 0 | 2.5007156406865702e-11 | -2.5007156406865702e-11 | -5.808331380968356e-09 | 0 | 2.4685548039929995e-11 | -2.4685548039929995e-11 | -5.733632445205241e-09 | 0 | 0 | 0 | 0 | 0 | 0 | 0 | 0 | 0 | 0 | 0 | 0 | 0 | 0 | 0 | 0 | 0 | 0 | 0 | 0 | 0 | 6.975193863998551e-14 | -6.975193863998551e-14 | -1.6201057309129937e-11 | 0 | 6.885488314468551e-14 | -6.885488314468551e-14 | -1.5992701129041002e-11 | 0 | 6.796936436904288e-14 | -6.796936436904288e-14 | -1.5787024545533503e-11 | 0 | 6.709523394330665e-14 | -6.709523394330665e-14 | -1.5583993097245005e-11 | 30503.39010023898 | 23852.77464839081 | 6650.615451848172 | 1514213.5622485382 | 30503.39010023898 | 23546.012384951362 | 6957.377715287619 | 1585464.2415438073 | 30503.39010023898 | 23243.195284607515 | 7260.194815631466 | 1655798.5905599198 | 30503.39010023898 | 22944.27260998474 | 7559.117490254241 | 1725228.393902845 | 122013.56040095592 | 93586.25492793451 | 28427.305473021406 | 6480704.788255089
 |  | 293 | 0 | -1.05309526510506e-11 | 1.05309526510506e-11 | 2.590508211014781e-09 | 0 | 0 | 0 | 0 | 0 | 0 | 0 | 0 | 0 | 0 | 0 | 0 | 0 | 0 | 0 | 0 | 0 | 0 | 0 | 0 | 0 | 2.5773964746397323e-11 | -2.5773964746397323e-11 | -5.98643547522143e-09 | 0 | 2.5442494723309388e-11 | -2.5442494723309388e-11 | -5.909446004462437e-09 | 0 | 2.5115287621246105e-11 | -2.5115287621246105e-11 | -5.833446668589602e-09 | 0 | 2.4792288616258402e-11 | -2.4792288616258402e-11 | -5.758424733821499e-09 | 0 | 0 | 0 | 0 | 0 | 0 | 0 | 0 | 0 | 0 | 0 | 0 | 0 | 0 | 0 | 0 | 0 | 0 | 0 | 0 | 0 | 7.005354677598526e-14 | -7.005354677598526e-14 | -1.6271110855905923e-11 | 0 | 6.915261240303541e-14 | -6.915261240303541e-14 | -1.6061853741444038e-11 | 0 | 6.826326463464329e-14 | -6.826326463464329e-14 | -1.5855287810168148e-11 | 0 | 6.738535445950558e-14 | -6.738535445950558e-14 | -1.565137845170451e-11 | 30503.39010023898 | 23955.91430358025 | 6547.4757966587285 | 1490257.647944958 | 30503.39010023898 | 23647.825596800663 | 6855.564503438318 | 1561816.4159470065 | 30503.39010023898 | 23343.699112044505 | 7159.690988194474 | 1632454.8914478754 | 30503.39010023898 | 23043.483892548298 | 7459.90620769068 | 1702184.9100102966 | 122013.56040095592 | 93990.92290497382 | 28022.63749598211 | 6386713.865350116
 |  | 294 | 0 | -1.0573937899613995e-11 | 1.0573937899613995e-11 | 2.601082148914395e-09 | 0 | 0 | 0 | 0 | 0 | 0 | 0 | 0 | 0 | 0 | 0 | 0 | 0 | 0 | 0 | 0 | 0 | 0 | 0 | 0 | 0 | 2.588541164831939e-11 | -2.588541164831939e-11 | -6.0123208868697494e-09 | 0 | 2.555250834527175e-11 | -2.555250834527175e-11 | -5.934998512807708e-09 | 0 | 2.5223886396165306e-11 | -2.5223886396165306e-11 | -5.858670554985767e-09 | 0 | 2.4899490739991652e-11 | -2.4899490739991652e-11 | -5.783324224561491e-09 | 0 | 0 | 0 | 0 | 0 | 0 | 0 | 0 | 0 | 0 | 0 | 0 | 0 | 0 | 0 | 0 | 0 | 0 | 0 | 0 | 0 | 7.035645906882245e-14 | -7.035645906882245e-14 | -1.6341467314974747e-11 | 0 | 6.945162904591386e-14 | -6.945162904591386e-14 | -1.613130537048995e-11 | 0 | 6.855843572816629e-14 | -6.855843572816629e-14 | -1.5923846245896315e-11 | 0 | 6.767672945994984e-14 | -6.767672945994984e-14 | -1.571905518116446e-11 | 30503.39010023898 | 24059.49993575264 | 6443.890164486338 | 1466198.1480092052 | 30503.39010023898 | 23750.07905007758 | 6753.311050161398 | 1538066.336896929 | 30503.39010023898 | 23444.637519116775 | 7058.752581122204 | 1609010.2539287587 | 30503.39010023898 | 23143.124165769146 | 7360.265934469834 | 1679041.7858445274 | 122013.56040095592 | 94397.34067071622 | 27616.21973023968 | 6292316.524679399
 |  | 295 | 0 | -1.0617098605389597e-11 | 1.0617098605389597e-11 | 2.6116992475197847e-09 | 0 | 0 | 0 | 0 | 0 | 0 | 0 | 0 | 0 | 0 | 0 | 0 | 0 | 0 | 0 | 0 | 0 | 0 | 0 | 0 | 0 | 2.599734044784899e-11 | -2.599734044784899e-11 | -6.038318227317598e-09 | 0 | 2.5662997667323616e-11 | -2.5662997667323616e-11 | -5.960661510475032e-09 | 0 | 2.5332954753360123e-11 | -2.5332954753360123e-11 | -5.884003509739127e-09 | 0 | 2.5007156406865702e-11 | -2.5007156406865702e-11 | -5.808331380968356e-09 | 0 | 0 | 0 | 0 | 0 | 0 | 0 | 0 | 0 | 0 | 0 | 0 | 0 | 0 | 0 | 0 | 0 | 0 | 0 | 0 | 0 | 7.066068115768533e-14 | -7.066068115768533e-14 | -1.6412127996132432e-11 | 0 | 6.975193863998551e-14 | -6.975193863998551e-14 | -1.6201057309129937e-11 | 0 | 6.885488314468551e-14 | -6.885488314468551e-14 | -1.5992701129041002e-11 | 0 | 6.796936436904288e-14 | -6.796936436904288e-14 | -1.5787024545533503e-11 | 30503.39010023898 | 24163.53347331727 | 6339.856626921709 | 1442034.614535888 | 30503.39010023898 | 23852.77464839081 | 6650.615451848172 | 1514213.5622485382 | 30503.39010023898 | 23546.012384951362 | 6957.377715287619 | 1585464.2415438073 | 30503.39010023898 | 23243.195284607515 | 7260.194815631466 | 1655798.5905599198 | 122013.56040095592 | 94805.51579126705 | 27208.044609688874 | 6197511.008888133
 |  | 296 | 0 | -1.0660435484558759e-11 | 1.0660435484558759e-11 | 2.6223596830043434e-09 | 0 | 0 | 0 | 0 | 0 | 0 | 0 | 0 | 0 | 0 | 0 | 0 | 0 | 0 | 0 | 0 | 0 | 0 | 0 | 0 | 0 | 2.6109753228716584e-11 | -2.6109753228716584e-11 | -6.064427980546315e-09 | 0 | 2.5773964746397323e-11 | -2.5773964746397323e-11 | -5.98643547522143e-09 | 0 | 2.5442494723309388e-11 | -2.5442494723309388e-11 | -5.909446004462437e-09 | 0 | 2.5115287621246105e-11 | -2.5115287621246105e-11 | -5.833446668589602e-09 | 0 | 0 | 0 | 0 | 0 | 0 | 0 | 0 | 0 | 0 | 0 | 0 | 0 | 0 | 0 | 0 | 0 | 0 | 0 | 0 | 0 | 7.096621870614602e-14 | -7.096621870614602e-14 | -1.6483094214838577e-11 | 0 | 7.005354677598526e-14 | -7.005354677598526e-14 | -1.6271110855905923e-11 | 0 | 6.915261240303541e-14 | -6.915261240303541e-14 | -1.6061853741444038e-11 | 0 | 6.826326463464329e-14 | -6.826326463464329e-14 | -1.5855287810168148e-11 | 30503.39010023898 | 24268.016853021887 | 6235.3732472170905 | 1417766.597682866 | 30503.39010023898 | 23955.91430358025 | 6547.4757966587285 | 1490257.647944958 | 30503.39010023898 | 23647.825596800663 | 6855.564503438318 | 1561816.4159470065 | 30503.39010023898 | 23343.699112044505 | 7159.690988194474 | 1632454.8914478754 | 122013.56040095592 | 95215.4558654474 | 26798.10453550852 | 6102295.5530226845
 |  | 297 | 0 | -1.0703949256226138e-11 | 1.0703949256226138e-11 | 2.6330636322605695e-09 | 0 | 0 | 0 | 0 | 0 | 0 | 0 | 0 | 0 | 0 | 0 | 0 | 0 | 0 | 0 | 0 | 0 | 0 | 0 | 0 | 0 | 2.622265208366271e-11 | -2.622265208366271e-11 | -6.090650632629977e-09 | 0 | 2.588541164831939e-11 | -2.588541164831939e-11 | -6.0123208868697494e-09 | 0 | 2.555250834527175e-11 | -2.555250834527175e-11 | -5.934998512807708e-09 | 0 | 2.5223886396165306e-11 | -2.5223886396165306e-11 | -5.858670554985767e-09 | 0 | 0 | 0 | 0 | 0 | 0 | 0 | 0 | 0 | 0 | 0 | 0 | 0 | 0 | 0 | 0 | 0 | 0 | 0 | 0 | 0 | 7.127307740226607e-14 | -7.127307740226607e-14 | -1.6554367292240843e-11 | 0 | 7.035645906882245e-14 | -7.035645906882245e-14 | -1.6341467314974747e-11 | 0 | 6.945162904591386e-14 | -6.945162904591386e-14 | -1.613130537048995e-11 | 0 | 6.855843572816629e-14 | -6.855843572816629e-14 | -1.5923846245896315e-11 | 30503.39010023898 | 24372.95201998877 | 6130.438080250208 | 1393393.6456628772 | 30503.39010023898 | 24059.49993575264 | 6443.890164486338 | 1466198.1480092052 | 30503.39010023898 | 23750.07905007758 | 6753.311050161398 | 1538066.336896929 | 30503.39010023898 | 23444.637519116775 | 7058.752581122204 | 1609010.2539287587 | 122013.56040095592 | 95627.16852493586 | 26386.391876020058 | 6006668.384497749
 |  | 298 | 0 | -1.0747640642431633e-11 | 1.0747640642431633e-11 | 2.643811272903001e-09 | 0 | 0 | 0 | 0 | 0 | 0 | 0 | 0 | 0 | 0 | 0 | 0 | 0 | 0 | 0 | 0 | 0 | 0 | 0 | 0 | 0 | 2.6336039114476928e-11 | -2.6336039114476928e-11 | -6.116986671744454e-09 | 0 | 2.599734044784899e-11 | -2.599734044784899e-11 | -6.038318227317598e-09 | 0 | 2.5662997667323616e-11 | -2.5662997667323616e-11 | -5.960661510475032e-09 | 0 | 2.5332954753360123e-11 | -2.5332954753360123e-11 | -5.884003509739127e-09 | 0 | 0 | 0 | 0 | 0 | 0 | 0 | 0 | 0 | 0 | 0 | 0 | 0 | 0 | 0 | 0 | 0 | 0 | 0 | 0 | 0 | 7.158126295870221e-14 | -7.158126295870221e-14 | -1.6625948555199545e-11 | 0 | 7.066068115768533e-14 | -7.066068115768533e-14 | -1.6412127996132432e-11 | 0 | 6.975193863998551e-14 | -6.975193863998551e-14 | -1.6201057309129937e-11 | 0 | 6.885488314468551e-14 | -6.885488314468551e-14 | -1.5992701129041002e-11 | 30503.39010023898 | 24478.340927750916 | 6025.049172488063 | 1368915.3047351264 | 30503.39010023898 | 24163.53347331727 | 6339.856626921709 | 1442034.614535888 | 30503.39010023898 | 23852.77464839081 | 6650.615451848172 | 1514213.5622485382 | 30503.39010023898 | 23546.012384951362 | 6957.377715287619 | 1585464.2415438073 | 122013.56040095592 | 96040.66143441046 | 25972.898966545472 | 5910627.723063339
 |  | 299 | 0 | -1.079151036816237e-11 | 1.079151036816237e-11 | 2.6546027832711634e-09 | 0 | 0 | 0 | 0 | 0 | 0 | 0 | 0 | 0 | 0 | 0 | 0 | 0 | 0 | 0 | 0 | 0 | 0 | 0 | 0 | 0 | 2.644991643203697e-11 | -2.644991643203697e-11 | -6.1434365881764914e-09 | 0 | 2.6109753228716584e-11 | -2.6109753228716584e-11 | -6.064427980546315e-09 | 0 | 2.5773964746397323e-11 | -2.5773964746397323e-11 | -5.98643547522143e-09 | 0 | 2.5442494723309388e-11 | -2.5442494723309388e-11 | -5.909446004462437e-09 | 0 | 0 | 0 | 0 | 0 | 0 | 0 | 0 | 0 | 0 | 0 | 0 | 0 | 0 | 0 | 0 | 0 | 0 | 0 | 0 | 0 | 7.189078111281278e-14 | -7.189078111281278e-14 | -1.6697839336312358e-11 | 0 | 7.096621870614602e-14 | -7.096621870614602e-14 | -1.6483094214838577e-11 | 0 | 7.005354677598526e-14 | -7.005354677598526e-14 | -1.6271110855905923e-11 | 0 | 6.915261240303541e-14 | -6.915261240303541e-14 | -1.6061853741444038e-11 | 30503.39010023898 | 24584.185538288424 | 5919.204561950555 | 1344331.119196838 | 30503.39010023898 | 24268.016853021887 | 6235.3732472170905 | 1417766.597682866 | 30503.39010023898 | 23955.91430358025 | 6547.4757966587285 | 1490257.647944958 | 30503.39010023898 | 23647.825596800663 | 6855.564503438318 | 1561816.4159470065 | 122013.56040095592 | 96455.94229169132 | 25557.6181092646 | 5814171.780771647
 |  | 300 | 0 | -1.0835559161364724e-11 | 1.0835559161364724e-11 | 2.665438342432528e-09 | 0 | 0 | 0 | 0 | 0 | 0 | 0 | 0 | 0 | 0 | 0 | 0 | 0 | 0 | 0 | 0 | 0 | 0 | 0 | 0 | 0 | 2.6564286156348014e-11 | -2.6564286156348014e-11 | -6.17000087433284e-09 | 0 | 2.622265208366271e-11 | -2.622265208366271e-11 | -6.090650632629977e-09 | 0 | 2.588541164831939e-11 | -2.588541164831939e-11 | -6.0123208868697494e-09 | 0 | 2.555250834527175e-11 | -2.555250834527175e-11 | -5.934998512807708e-09 | 0 | 0 | 0 | 0 | 0 | 0 | 0 | 0 | 0 | 0 | 0 | 0 | 0 | 0 | 0 | 0 | 0 | 0 | 0 | 0 | 0 | 7.220163762676453e-14 | -7.220163762676453e-14 | -1.677004097393912e-11 | 0 | 7.127307740226607e-14 | -7.127307740226607e-14 | -1.6554367292240843e-11 | 0 | 7.035645906882245e-14 | -7.035645906882245e-14 | -1.6341467314974747e-11 | 0 | 6.945162904591386e-14 | -6.945162904591386e-14 | -1.613130537048995e-11 | 30503.39010023898 | 24690.487822065017 | 5812.902278173961 | 1319640.6313747729 | 30503.39010023898 | 24372.95201998877 | 6130.438080250208 | 1393393.6456628772 | 30503.39010023898 | 24059.49993575264 | 6443.890164486338 | 1466198.1480092052 | 30503.39010023898 | 23750.07905007758 | 6753.311050161398 | 1538066.336896929 | 122013.56040095592 | 96873.0188278841 | 25140.541573071816 | 5717298.761943763
 |  | 301 | 0 | -1.08797877529564e-11 | 1.08797877529564e-11 | 2.6763181301854844e-09 | 0 | 0 | 0 | 0 | 0 | 0 | 0 | 0 | 0 | 0 | 0 | 0 | 0 | 0 | 0 | 0 | 0 | 0 | 0 | 0 | 0 | 2.6679150416582172e-11 | -2.6679150416582172e-11 | -6.196680024749422e-09 | 0 | 2.6336039114476928e-11 | -2.6336039114476928e-11 | -6.116986671744454e-09 | 0 | 2.599734044784899e-11 | -2.599734044784899e-11 | -6.038318227317598e-09 | 0 | 2.5662997667323616e-11 | -2.5662997667323616e-11 | -5.960661510475032e-09 | 0 | 0 | 0 | 0 | 0 | 0 | 0 | 0 | 0 | 0 | 0 | 0 | 0 | 0 | 0 | 0 | 0 | 0 | 0 | 0 | 0 | 7.251383828763984e-14 | -7.251383828763984e-14 | -1.6842554812226762e-11 | 0 | 7.158126295870221e-14 | -7.158126295870221e-14 | -1.6625948555199545e-11 | 0 | 7.066068115768533e-14 | -7.066068115768533e-14 | -1.6412127996132432e-11 | 0 | 6.975193863998551e-14 | -6.975193863998551e-14 | -1.6201057309129937e-11 | 30503.39010023898 | 24797.249758064725 | 5706.140342174253 | 1294843.3816167081 | 30503.39010023898 | 24478.340927750916 | 6025.049172488063 | 1368915.3047351264 | 30503.39010023898 | 24163.53347331727 | 6339.856626921709 | 1442034.614535888 | 30503.39010023898 | 23852.77464839081 | 6650.615451848172 | 1514213.5622485382 | 122013.56040095592 | 97291.89880752382 | 24721.6615934321 | 5620006.863136239
 |  | 302 | 0 | -1.0924196876838575e-11 | 1.0924196876838575e-11 | 2.687242327062323e-09 | 0 | 0 | 0 | 0 | 0 | 0 | 0 | 0 | 0 | 0 | 0 | 0 | 0 | 0 | 0 | 0 | 0 | 0 | 0 | 0 | 0 | 2.6794511351118116e-11 | -2.6794511351118116e-11 | -6.2234745361005405e-09 | 0 | 2.644991643203697e-11 | -2.644991643203697e-11 | -6.1434365881764914e-09 | 0 | 2.6109753228716584e-11 | -2.6109753228716584e-11 | -6.064427980546315e-09 | 0 | 2.5773964746397323e-11 | -2.5773964746397323e-11 | -5.98643547522143e-09 | 0 | 0 | 0 | 0 | 0 | 0 | 0 | 0 | 0 | 0 | 0 | 0 | 0 | 0 | 0 | 0 | 0 | 0 | 0 | 0 | 0 | 7.282738890754456e-14 | -7.282738890754456e-14 | -1.6915382201134305e-11 | 0 | 7.189078111281278e-14 | -7.189078111281278e-14 | -1.6697839336312358e-11 | 0 | 7.096621870614602e-14 | -7.096621870614602e-14 | -1.6483094214838577e-11 | 0 | 7.005354677598526e-14 | -7.005354677598526e-14 | -1.6271110855905923e-11 | 30503.39010023898 | 24904.473333828726 | 5598.916766410254 | 1269938.9082828795 | 30503.39010023898 | 24584.185538288424 | 5919.204561950555 | 1344331.119196838 | 30503.39010023898 | 24268.016853021887 | 6235.3732472170905 | 1417766.597682866 | 30503.39010023898 | 23955.91430358025 | 6547.4757966587285 | 1490257.647944958 | 122013.56040095592 | 97712.59002871938 | 24300.97037223653 | 5522294.273107519
 |  | 303 | 0 | -1.0968787269908048e-11 | 1.0968787269908048e-11 | 2.6982111143322308e-09 | 0 | 0 | 0 | 0 | 0 | 0 | 0 | 0 | 0 | 0 | 0 | 0 | 0 | 0 | 0 | 0 | 0 | 0 | 0 | 0 | 0 | 2.691037110758089e-11 | -2.691037110758089e-11 | -6.250384907208121e-09 | 0 | 2.6564286156348014e-11 | -2.6564286156348014e-11 | -6.17000087433284e-09 | 0 | 2.622265208366271e-11 | -2.622265208366271e-11 | -6.090650632629977e-09 | 0 | 2.588541164831939e-11 | -2.588541164831939e-11 | -6.0123208868697494e-09 | 0 | 0 | 0 | 0 | 0 | 0 | 0 | 0 | 0 | 0 | 0 | 0 | 0 | 0 | 0 | 0 | 0 | 0 | 0 | 0 | 0 | 7.314229532371607e-14 | -7.314229532371607e-14 | -1.698852449645802e-11 | 0 | 7.220163762676453e-14 | -7.220163762676453e-14 | -1.677004097393912e-11 | 0 | 7.127307740226607e-14 | -7.127307740226607e-14 | -1.6554367292240843e-11 | 0 | 7.035645906882245e-14 | -7.035645906882245e-14 | -1.6341467314974747e-11 | 30503.39010023898 | 25012.16054549234 | 5491.229554746639 | 1244926.7477373872 | 30503.39010023898 | 24690.487822065017 | 5812.902278173961 | 1319640.6313747729 | 30503.39010023898 | 24372.95201998877 | 6130.438080250208 | 1393393.6456628772 | 30503.39010023898 | 24059.49993575264 | 6443.890164486338 | 1466198.1480092052 | 122013.56040095592 | 98135.10032329887 | 23878.46007765705 | 5424159.17278422
 |  | 304 | 0 | -1.1013559672069495e-11 | 1.1013559672069495e-11 | 2.7092246740043e-09 | 0 | 0 | 0 | 0 | 0 | 0 | 0 | 0 | 0 | 0 | 0 | 0 | 0 | 0 | 0 | 0 | 0 | 0 | 0 | 0 | 0 | 2.702673184288189e-11 | -2.702673184288189e-11 | -6.277411639051003e-09 | 0 | 2.6679150416582172e-11 | -2.6679150416582172e-11 | -6.196680024749422e-09 | 0 | 2.6336039114476928e-11 | -2.6336039114476928e-11 | -6.116986671744454e-09 | 0 | 2.599734044784899e-11 | -2.599734044784899e-11 | -6.038318227317598e-09 | 0 | 0 | 0 | 0 | 0 | 0 | 0 | 0 | 0 | 0 | 0 | 0 | 0 | 0 | 0 | 0 | 0 | 0 | 0 | 0 | 0 | 7.345856339863211e-14 | -7.345856339863211e-14 | -1.7061983059856655e-11 | 0 | 7.251383828763984e-14 | -7.251383828763984e-14 | -1.6842554812226762e-11 | 0 | 7.158126295870221e-14 | -7.158126295870221e-14 | -1.6625948555199545e-11 | 0 | 7.066068115768533e-14 | -7.066068115768533e-14 | -1.6412127996132432e-11 | 30503.39010023898 | 25120.31339782221 | 5383.076702416768 | 1219806.434339565 | 30503.39010023898 | 24797.249758064725 | 5706.140342174253 | 1294843.3816167081 | 30503.39010023898 | 24478.340927750916 | 6025.049172488063 | 1368915.3047351264 | 30503.39010023898 | 24163.53347331727 | 6339.856626921709 | 1442034.614535888 | 122013.56040095592 | 98559.4375569552 | 23454.122844000696 | 5325599.735227265
 |  | 305 | 0 | -1.1058514826247729e-11 | 1.1058514826247729e-11 | 2.7202831888305477e-09 | 0 | 0 | 0 | 0 | 0 | 0 | 0 | 0 | 0 | 0 | 0 | 0 | 0 | 0 | 0 | 0 | 0 | 0 | 0 | 0 | 0 | 2.714359572325903e-11 | -2.714359572325903e-11 | -6.304555234774262e-09 | 0 | 2.6794511351118116e-11 | -2.6794511351118116e-11 | -6.2234745361005405e-09 | 0 | 2.644991643203697e-11 | -2.644991643203697e-11 | -6.1434365881764914e-09 | 0 | 2.6109753228716584e-11 | -2.6109753228716584e-11 | -6.064427980546315e-09 | 0 | 0 | 0 | 0 | 0 | 0 | 0 | 0 | 0 | 0 | 0 | 0 | 0 | 0 | 0 | 0 | 0 | 0 | 0 | 0 | 0 | 7.377619902011978e-14 | -7.377619902011978e-14 | -1.7135759258876774e-11 | 0 | 7.282738890754456e-14 | -7.282738890754456e-14 | -1.6915382201134305e-11 | 0 | 7.189078111281278e-14 | -7.189078111281278e-14 | -1.6697839336312358e-11 | 0 | 7.096621870614602e-14 | -7.096621870614602e-14 | -1.6483094214838577e-11 | 30503.39010023898 | 25228.933904253605 | 5274.456195985374 | 1194577.5004353113 | 30503.39010023898 | 24904.473333828726 | 5598.916766410254 | 1269938.9082828795 | 30503.39010023898 | 24584.185538288424 | 5919.204561950555 | 1344331.119196838 | 30503.39010023898 | 24268.016853021887 | 6235.3732472170905 | 1417766.597682866 | 122013.56040095592 | 98985.60962939274 | 23027.950771563177 | 5226614.125597873
 |  | 306 | 0 | -1.1103653478400041e-11 | 1.1103653478400041e-11 | 2.7313868423089477e-09 | 0 | 0 | 0 | 0 | 0 | 0 | 0 | 0 | 0 | 0 | 0 | 0 | 0 | 0 | 0 | 0 | 0 | 0 | 0 | 0 | 0 | 2.7260964924317048e-11 | -2.7260964924317048e-11 | -6.33181619969858e-09 | 0 | 2.691037110758089e-11 | -2.691037110758089e-11 | -6.250384907208121e-09 | 0 | 2.6564286156348014e-11 | -2.6564286156348014e-11 | -6.17000087433284e-09 | 0 | 2.622265208366271e-11 | -2.622265208366271e-11 | -6.090650632629977e-09 | 0 | 0 | 0 | 0 | 0 | 0 | 0 | 0 | 0 | 0 | 0 | 0 | 0 | 0 | 0 | 0 | 0 | 0 | 0 | 0 | 0 | 7.409520810146521e-14 | -7.409520810146521e-14 | -1.720985446697824e-11 | 0 | 7.314229532371607e-14 | -7.314229532371607e-14 | -1.698852449645802e-11 | 0 | 7.220163762676453e-14 | -7.220163762676453e-14 | -1.677004097393912e-11 | 0 | 7.127307740226607e-14 | -7.127307740226607e-14 | -1.6554367292240843e-11 | 30503.39010023898 | 25338.02408692791 | 5165.366013311068 | 1169239.4763483834 | 30503.39010023898 | 25012.16054549234 | 5491.229554746639 | 1244926.7477373872 | 30503.39010023898 | 24690.487822065017 | 5812.902278173961 | 1319640.6313747729 | 30503.39010023898 | 24372.95201998877 | 6130.438080250208 | 1393393.6456628772 | 122013.56040095592 | 99413.62447447414 | 22599.935926481783 | 5127200.501123399
 |  | 307 | 0 | -1.1148976377528565e-11 | 1.1148976377528565e-11 | 2.7425358186864764e-09 | 0 | 0 | 0 | 0 | 0 | 0 | 0 | 0 | 0 | 0 | 0 | 0 | 0 | 0 | 0 | 0 | 0 | 0 | 0 | 0 | 0 | 2.737884163106803e-11 | -2.737884163106803e-11 | -6.359195041329648e-09 | 0 | 2.702673184288189e-11 | -2.702673184288189e-11 | -6.277411639051003e-09 | 0 | 2.6679150416582172e-11 | -2.6679150416582172e-11 | -6.196680024749422e-09 | 0 | 2.6336039114476928e-11 | -2.6336039114476928e-11 | -6.116986671744454e-09 | 0 | 0 | 0 | 0 | 0 | 0 | 0 | 0 | 0 | 0 | 0 | 0 | 0 | 0 | 0 | 0 | 0 | 0 | 0 | 0 | 0 | 7.44155965815237e-14 | -7.44155965815237e-14 | -1.7284270063559764e-11 | 0 | 7.345856339863211e-14 | -7.345856339863211e-14 | -1.7061983059856655e-11 | 0 | 7.251383828763984e-14 | -7.251383828763984e-14 | -1.6842554812226762e-11 | 0 | 7.158126295870221e-14 | -7.158126295870221e-14 | -1.6625948555199545e-11 | 30503.39010023898 | 25447.585976730275 | 5055.804123508706 | 1143791.890371653 | 30503.39010023898 | 25120.31339782221 | 5383.076702416768 | 1219806.434339565 | 30503.39010023898 | 24797.249758064725 | 5706.140342174253 | 1294843.3816167081 | 30503.39010023898 | 24478.340927750916 | 6025.049172488063 | 1368915.3047351264 | 122013.56040095592 | 99843.49006036823 | 22170.070340587696 | 5027357.01106303
 |  | 308 | 0 | -1.1194484275692714e-11 | 1.1194484275692714e-11 | 2.753730302962169e-09 | 0 | 0 | 0 | 0 | 0 | 0 | 0 | 0 | 0 | 0 | 0 | 0 | 0 | 0 | 0 | 0 | 0 | 0 | 0 | 0 | 0 | 2.749722803797207e-11 | -2.749722803797207e-11 | -6.38669226936762e-09 | 0 | 2.714359572325903e-11 | -2.714359572325903e-11 | -6.304555234774262e-09 | 0 | 2.6794511351118116e-11 | -2.6794511351118116e-11 | -6.2234745361005405e-09 | 0 | 2.644991643203697e-11 | -2.644991643203697e-11 | -6.1434365881764914e-09 | 0 | 0 | 0 | 0 | 0 | 0 | 0 | 0 | 0 | 0 | 0 | 0 | 0 | 0 | 0 | 0 | 0 | 0 | 0 | 0 | 0 | 7.473737042483013e-14 | -7.473737042483013e-14 | -1.7359007433984594e-11 | 0 | 7.377619902011978e-14 | -7.377619902011978e-14 | -1.7135759258876774e-11 | 0 | 7.282738890754456e-14 | -7.282738890754456e-14 | -1.6915382201134305e-11 | 0 | 7.189078111281278e-14 | -7.189078111281278e-14 | -1.6697839336312358e-11 | 30503.39010023898 | 25557.62161332741 | 4945.76848691157 | 1118234.2687583256 | 30503.39010023898 | 25228.933904253605 | 5274.456195985374 | 1194577.5004353113 | 30503.39010023898 | 24904.473333828726 | 5598.916766410254 | 1269938.9082828795 | 30503.39010023898 | 24584.185538288424 | 5919.204561950555 | 1344331.119196838 | 122013.56040095592 | 100275.21438969827 | 21738.346011257654 | 4927081.796673332
 |  | 309 | 0 | -1.1240177928021657e-11 | 1.1240177928021657e-11 | 2.764970480890191e-09 | 0 | 0 | 0 | 0 | 0 | 0 | 0 | 0 | 0 | 0 | 0 | 0 | 0 | 0 | 0 | 0 | 0 | 0 | 0 | 0 | 0 | 2.7616126348978137e-11 | -2.7616126348978137e-11 | -6.4143083957165985e-09 | 0 | 2.7260964924317048e-11 | -2.7260964924317048e-11 | -6.33181619969858e-09 | 0 | 2.691037110758089e-11 | -2.691037110758089e-11 | -6.250384907208121e-09 | 0 | 2.6564286156348014e-11 | -2.6564286156348014e-11 | -6.17000087433284e-09 | 0 | 0 | 0 | 0 | 0 | 0 | 0 | 0 | 0 | 0 | 0 | 0 | 0 | 0 | 0 | 0 | 0 | 0 | 0 | 0 | 0 | 7.506053562171017e-14 | -7.506053562171017e-14 | -1.7434067969606302e-11 | 0 | 7.409520810146521e-14 | -7.409520810146521e-14 | -1.720985446697824e-11 | 0 | 7.314229532371607e-14 | -7.314229532371607e-14 | -1.698852449645802e-11 | 0 | 7.220163762676453e-14 | -7.220163762676453e-14 | -1.677004097393912e-11 | 30503.39010023898 | 25668.133045205574 | 4835.257055033405 | 1092566.13571312 | 30503.39010023898 | 25338.02408692791 | 5165.366013311068 | 1169239.4763483834 | 30503.39010023898 | 25012.16054549234 | 5491.229554746639 | 1244926.7477373872 | 30503.39010023898 | 24690.487822065017 | 5812.902278173961 | 1319640.6313747729 | 122013.56040095592 | 100708.80549969093 | 21304.754901264976 | 4826372.991173641
 |  | 310 | 0 | -1.128605809272685e-11 | 1.128605809272685e-11 | 2.7762565389829177e-09 | 0 | 0 | 0 | 0 | 0 | 0 | 0 | 0 | 0 | 0 | 0 | 0 | 0 | 0 | 0 | 0 | 0 | 0 | 0 | 0 | 0 | 2.7735538777565094e-11 | -2.7735538777565094e-11 | -6.442043934494163e-09 | 0 | 2.737884163106803e-11 | -2.737884163106803e-11 | -6.359195041329648e-09 | 0 | 2.702673184288189e-11 | -2.702673184288189e-11 | -6.277411639051003e-09 | 0 | 2.6679150416582172e-11 | -2.6679150416582172e-11 | -6.196680024749422e-09 | 0 | 0 | 0 | 0 | 0 | 0 | 0 | 0 | 0 | 0 | 0 | 0 | 0 | 0 | 0 | 0 | 0 | 0 | 0 | 0 | 0 | 7.538509818839172e-14 | -7.538509818839172e-14 | -1.7509453067794693e-11 | 0 | 7.44155965815237e-14 | -7.44155965815237e-14 | -1.7284270063559764e-11 | 0 | 7.345856339863211e-14 | -7.345856339863211e-14 | -1.7061983059856655e-11 | 0 | 7.251383828763984e-14 | -7.251383828763984e-14 | -1.6842554812226762e-11 | 30503.39010023898 | 25779.122329708705 | 4724.267770530276 | 1066787.0133834113 | 30503.39010023898 | 25447.585976730275 | 5055.804123508706 | 1143791.890371653 | 30503.39010023898 | 25120.31339782221 | 5383.076702416768 | 1219806.434339565 | 30503.39010023898 | 24797.249758064725 | 5706.140342174253 | 1294843.3816167081 | 122013.56040095592 | 101144.271462326 | 20869.288938629907 | 4725228.719711315
 |  | 311 | 0 | -1.1332125531114617e-11 | 1.1332125531114617e-11 | 2.7875886645140323e-09 | 0 | 0 | 0 | 0 | 0 | 0 | 0 | 0 | 0 | 0 | 0 | 0 | 0 | 0 | 0 | 0 | 0 | 0 | 0 | 0 | 0 | 2.785546754678291e-11 | -2.785546754678291e-11 | -6.469899402040946e-09 | 0 | 2.749722803797207e-11 | -2.749722803797207e-11 | -6.38669226936762e-09 | 0 | 2.714359572325903e-11 | -2.714359572325903e-11 | -6.304555234774262e-09 | 0 | 2.6794511351118116e-11 | -2.6794511351118116e-11 | -6.2234745361005405e-09 | 0 | 0 | 0 | 0 | 0 | 0 | 0 | 0 | 0 | 0 | 0 | 0 | 0 | 0 | 0 | 0 | 0 | 0 | 0 | 0 | 0 | 7.571106416711686e-14 | -7.571106416711686e-14 | -1.758516413196181e-11 | 0 | 7.473737042483013e-14 | -7.473737042483013e-14 | -1.7359007433984594e-11 | 0 | 7.377619902011978e-14 | -7.377619902011978e-14 | -1.7135759258876774e-11 | 0 | 7.282738890754456e-14 | -7.282738890754456e-14 | -1.6915382201134305e-11 | 30503.39010023898 | 25890.59153307671 | 4612.798567162272 | 1040896.4218503346 | 30503.39010023898 | 25557.62161332741 | 4945.76848691157 | 1118234.2687583256 | 30503.39010023898 | 25228.933904253605 | 5274.456195985374 | 1194577.5004353113 | 30503.39010023898 | 24904.473333828726 | 5598.916766410254 | 1269938.9082828795 | 122013.56040095592 | 101581.62038448654 | 20431.940016469372 | 4623647.0993268285
 |  | 312 | 0 | -1.1378381007598783e-11 | 1.1378381007598783e-11 | 2.798967045521631e-09 | 0 | 0 | 0 | 0 | 0 | 0 | 0 | 0 | 0 | 0 | 0 | 0 | 0 | 0 | 0 | 0 | 0 | 0 | 0 | 0 | 0 | 2.7975914889294057e-11 | -2.7975914889294057e-11 | -6.49787531693024e-09 | 0 | 2.7616126348978137e-11 | -2.7616126348978137e-11 | -6.4143083957165985e-09 | 0 | 2.7260964924317048e-11 | -2.7260964924317048e-11 | -6.33181619969858e-09 | 0 | 2.691037110758089e-11 | -2.691037110758089e-11 | -6.250384907208121e-09 | 0 | 0 | 0 | 0 | 0 | 0 | 0 | 0 | 0 | 0 | 0 | 0 | 0 | 0 | 0 | 0 | 0 | 0 | 0 | 0 | 0 | 7.603843962625445e-14 | -7.603843962625445e-14 | -1.7661202571588065e-11 | 0 | 7.506053562171017e-14 | -7.506053562171017e-14 | -1.7434067969606302e-11 | 0 | 7.409520810146521e-14 | -7.409520810146521e-14 | -1.720985446697824e-11 | 0 | 7.314229532371607e-14 | -7.314229532371607e-14 | -1.698852449645802e-11 | 30503.39010023898 | 26002.54273048394 | 4500.847369755038 | 1014893.8791198507 | 30503.39010023898 | 25668.133045205574 | 4835.257055033405 | 1092566.13571312 | 30503.39010023898 | 25338.02408692791 | 5165.366013311068 | 1169239.4763483834 | 30503.39010023898 | 25012.16054549234 | 5491.229554746639 | 1244926.7477373872 | 122013.56040095592 | 102020.86040810986 | 19992.69999284605 | 4521626.238918718
 |  | 313 | 0 | -1.1424825289713361e-11 | 1.1424825289713361e-11 | 2.8103918708113444e-09 | 0 | 0 | 0 | 0 | 0 | 0 | 0 | 0 | 0 | 0 | 0 | 0 | 0 | 0 | 0 | 0 | 0 | 0 | 0 | 0 | 0 | 2.8096883047415055e-11 | -2.8096883047415055e-11 | -6.525972199977656e-09 | 0 | 2.7735538777565094e-11 | -2.7735538777565094e-11 | -6.442043934494163e-09 | 0 | 2.737884163106803e-11 | -2.737884163106803e-11 | -6.359195041329648e-09 | 0 | 2.702673184288189e-11 | -2.702673184288189e-11 | -6.277411639051003e-09 | 0 | 0 | 0 | 0 | 0 | 0 | 0 | 0 | 0 | 0 | 0 | 0 | 0 | 0 | 0 | 0 | 0 | 0 | 0 | 0 | 0 | 7.6367230660413e-14 | -7.6367230660413e-14 | -1.7737569802248478e-11 | 0 | 7.538509818839172e-14 | -7.538509818839172e-14 | -1.7509453067794693e-11 | 0 | 7.44155965815237e-14 | -7.44155965815237e-14 | -1.7284270063559764e-11 | 0 | 7.345856339863211e-14 | -7.345856339863211e-14 | -1.7061983059856655e-11 | 30503.39010023898 | 26114.978006077836 | 4388.412094161143 | 988778.9011137729 | 30503.39010023898 | 25779.122329708705 | 4724.267770530276 | 1066787.0133834113 | 30503.39010023898 | 25447.585976730275 | 5055.804123508706 | 1143791.890371653 | 30503.39010023898 | 25120.31339782221 | 5383.076702416768 | 1219806.434339565 | 122013.56040095592 | 102461.99971033912 | 19551.560690616792 | 4419164.23920838
 |  | 314 | 0 | -1.1471459148125275e-11 | 1.1471459148125275e-11 | 2.8218633299594696e-09 | 0 | 0 | 0 | 0 | 0 | 0 | 0 | 0 | 0 | 0 | 0 | 0 | 0 | 0 | 0 | 0 | 0 | 0 | 0 | 0 | 0 | 2.821837427315822e-11 | -2.821837427315822e-11 | -6.554190574250814e-09 | 0 | 2.785546754678291e-11 | -2.785546754678291e-11 | -6.469899402040946e-09 | 0 | 2.749722803797207e-11 | -2.749722803797207e-11 | -6.38669226936762e-09 | 0 | 2.714359572325903e-11 | -2.714359572325903e-11 | -6.304555234774262e-09 | 0 | 0 | 0 | 0 | 0 | 0 | 0 | 0 | 0 | 0 | 0 | 0 | 0 | 0 | 0 | 0 | 0 | 0 | 0 | 0 | 0 | 7.669744339055418e-14 | -7.669744339055418e-14 | -1.7814267245639033e-11 | 0 | 7.571106416711686e-14 | -7.571106416711686e-14 | -1.758516413196181e-11 | 0 | 7.473737042483013e-14 | -7.473737042483013e-14 | -1.7359007433984594e-11 | 0 | 7.377619902011978e-14 | -7.377619902011978e-14 | -1.7135759258876774e-11 | 30503.39010023898 | 26227.8994530177 | 4275.49064722128 | 962551.0016607551 | 30503.39010023898 | 25890.59153307671 | 4612.798567162272 | 1040896.4218503346 | 30503.39010023898 | 25557.62161332741 | 4945.76848691157 | 1118234.2687583256 | 30503.39010023898 | 25228.933904253605 | 5274.456195985374 | 1194577.5004353113 | 122013.56040095592 | 102905.04650367552 | 19108.513897280398 | 4316259.192704704
 |  | 315 | 0 | -1.1518283356647169e-11 | 1.1518283356647169e-11 | 2.8333816133161165e-09 | 0 | 0 | 0 | 0 | 0 | 0 | 0 | 0 | 0 | 0 | 0 | 0 | 0 | 0 | 0 | 0 | 0 | 0 | 0 | 0 | 0 | 2.8340390828273604e-11 | -2.8340390828273604e-11 | -6.582530965079088e-09 | 0 | 2.7975914889294057e-11 | -2.7975914889294057e-11 | -6.49787531693024e-09 | 0 | 2.7616126348978137e-11 | -2.7616126348978137e-11 | -6.4143083957165985e-09 | 0 | 2.7260964924317048e-11 | -2.7260964924317048e-11 | -6.33181619969858e-09 | 0 | 0 | 0 | 0 | 0 | 0 | 0 | 0 | 0 | 0 | 0 | 0 | 0 | 0 | 0 | 0 | 0 | 0 | 0 | 0 | 0 | 7.70290839641068e-14 | -7.70290839641068e-14 | -1.789129632960314e-11 | 0 | 7.603843962625445e-14 | -7.603843962625445e-14 | -1.7661202571588065e-11 | 0 | 7.506053562171017e-14 | -7.506053562171017e-14 | -1.7434067969606302e-11 | 0 | 7.409520810146521e-14 | -7.409520810146521e-14 | -1.720985446697824e-11 | 30503.39010023898 | 26341.309173513684 | 4162.080926725297 | 936209.6924872415 | 30503.39010023898 | 26002.54273048394 | 4500.847369755038 | 1014893.8791198507 | 30503.39010023898 | 25668.133045205574 | 4835.257055033405 | 1092566.13571312 | 30503.39010023898 | 25338.02408692791 | 5165.366013311068 | 1169239.4763483834 | 122013.56040095592 | 103350.0090361312 | 18663.551364824707 | 4212909.183668572
 |  | 316 | 0 | -1.156529869225023e-11 | 1.156529869225023e-11 | 2.8449469120083667e-09 | 0 | 0 | 0 | 0 | 0 | 0 | 0 | 0 | 0 | 0 | 0 | 0 | 0 | 0 | 0 | 0 | 0 | 0 | 0 | 0 | 0 | 2.8462934984291086e-11 | -2.8462934984291086e-11 | -6.610993900063379e-09 | 0 | 2.8096883047415055e-11 | -2.8096883047415055e-11 | -6.525972199977656e-09 | 0 | 2.7735538777565094e-11 | -2.7735538777565094e-11 | -6.442043934494163e-09 | 0 | 2.737884163106803e-11 | -2.737884163106803e-11 | -6.359195041329648e-09 | 0 | 0 | 0 | 0 | 0 | 0 | 0 | 0 | 0 | 0 | 0 | 0 | 0 | 0 | 0 | 0 | 0 | 0 | 0 | 0 | 0 | 7.736215855508118e-14 | -7.736215855508118e-14 | -1.7968658488158223e-11 | 0 | 7.6367230660413e-14 | -7.6367230660413e-14 | -1.7737569802248478e-11 | 0 | 7.538509818839172e-14 | -7.538509818839172e-14 | -1.7509453067794693e-11 | 0 | 7.44155965815237e-14 | -7.44155965815237e-14 | -1.7284270063559764e-11 | 30503.39010023898 | 26455.209278865914 | 4048.1808213730665 | 909754.4832083755 | 30503.39010023898 | 26114.978006077836 | 4388.412094161143 | 988778.9011137729 | 30503.39010023898 | 25779.122329708705 | 4724.267770530276 | 1066787.0133834113 | 30503.39010023898 | 25447.585976730275 | 5055.804123508706 | 1143791.890371653 | 122013.56040095592 | 103796.89559138284 | 18216.664809573092 | 4109112.2880771896
 |  | 317 | 0 | -1.1612505935077086e-11 | 1.1612505935077086e-11 | 2.856559417943444e-09 | 0 | 0 | 0 | 0 | 0 | 0 | 0 | 0 | 0 | 0 | 0 | 0 | 0 | 0 | 0 | 0 | 0 | 0 | 0 | 0 | 0 | 2.8586009022562665e-11 | -2.8586009022562665e-11 | -6.639579909085942e-09 | 0 | 2.821837427315822e-11 | -2.821837427315822e-11 | -6.554190574250814e-09 | 0 | 2.785546754678291e-11 | -2.785546754678291e-11 | -6.469899402040946e-09 | 0 | 2.749722803797207e-11 | -2.749722803797207e-11 | -6.38669226936762e-09 | 0 | 0 | 0 | 0 | 0 | 0 | 0 | 0 | 0 | 0 | 0 | 0 | 0 | 0 | 0 | 0 | 0 | 0 | 0 | 0 | 0 | 7.769667336418414e-14 | -7.769667336418414e-14 | -1.8046355161522406e-11 | 0 | 7.669744339055418e-14 | -7.669744339055418e-14 | -1.7814267245639033e-11 | 0 | 7.571106416711686e-14 | -7.571106416711686e-14 | -1.758516413196181e-11 | 0 | 7.473737042483013e-14 | -7.473737042483013e-14 | -1.7359007433984594e-11 | 30503.39010023898 | 26569.601889503807 | 3933.788210735172 | 883184.8813188717 | 30503.39010023898 | 26227.8994530177 | 4275.49064722128 | 962551.0016607551 | 30503.39010023898 | 25890.59153307671 | 4612.798567162272 | 1040896.4218503346 | 30503.39010023898 | 25557.62161332741 | 4945.76848691157 | 1118234.2687583256 | 122013.56040095592 | 104245.71448892573 | 17767.845912030192 | 4004866.573588264
 |  | 318 | 0 | -1.1659905868454755e-11 | 1.1659905868454755e-11 | 2.8682193238118986e-09 | 0 | 0 | 0 | 0 | 0 | 0 | 0 | 0 | 0 | 0 | 0 | 0 | 0 | 0 | 0 | 0 | 0 | 0 | 0 | 0 | 0 | 2.8709615234304926e-11 | -2.8709615234304926e-11 | -6.668289524320247e-09 | 0 | 2.8340390828273604e-11 | -2.8340390828273604e-11 | -6.582530965079088e-09 | 0 | 2.7975914889294057e-11 | -2.7975914889294057e-11 | -6.49787531693024e-09 | 0 | 2.7616126348978137e-11 | -2.7616126348978137e-11 | -6.4143083957165985e-09 | 0 | 0 | 0 | 0 | 0 | 0 | 0 | 0 | 0 | 0 | 0 | 0 | 0 | 0 | 0 | 0 | 0 | 0 | 0 | 0 | 0 | 7.80326346189344e-14 | -7.80326346189344e-14 | -1.812438779614134e-11 | 0 | 7.70290839641068e-14 | -7.70290839641068e-14 | -1.789129632960314e-11 | 0 | 7.603843962625445e-14 | -7.603843962625445e-14 | -1.7661202571588065e-11 | 0 | 7.506053562171017e-14 | -7.506053562171017e-14 | -1.7434067969606302e-11 | 30503.39010023898 | 26684.48913502554 | 3818.9009652134405 | 856500.3921838462 | 30503.39010023898 | 26341.309173513684 | 4162.080926725297 | 936209.6924872415 | 30503.39010023898 | 26002.54273048394 | 4500.847369755038 | 1014893.8791198507 | 30503.39010023898 | 25668.133045205574 | 4835.257055033405 | 1092566.13571312 | 122013.56040095592 | 104696.47408422883 | 17317.08631672708 | 3900170.099504035
 |  | 319 | 0 | -1.1707499278907636e-11 | 1.1707499278907636e-11 | 2.879926823090806e-09 | 0 | 0 | 0 | 0 | 0 | 0 | 0 | 0 | 0 | 0 | 0 | 0 | 0 | 0 | 0 | 0 | 0 | 0 | 0 | 0 | 0 | 2.883375592064171e-11 | -2.883375592064171e-11 | -6.6971232802408885e-09 | 0 | 2.8462934984291086e-11 | -2.8462934984291086e-11 | -6.610993900063379e-09 | 0 | 2.8096883047415055e-11 | -2.8096883047415055e-11 | -6.525972199977656e-09 | 0 | 2.7735538777565094e-11 | -2.7735538777565094e-11 | -6.442043934494163e-09 | 0 | 0 | 0 | 0 | 0 | 0 | 0 | 0 | 0 | 0 | 0 | 0 | 0 | 0 | 0 | 0 | 0 | 0 | 0 | 0 | 0 | 7.837004857377859e-14 | -7.837004857377859e-14 | -1.8202757844715117e-11 | 0 | 7.736215855508118e-14 | -7.736215855508118e-14 | -1.7968658488158223e-11 | 0 | 7.6367230660413e-14 | -7.6367230660413e-14 | -1.7737569802248478e-11 | 0 | 7.538509818839172e-14 | -7.538509818839172e-14 | -1.7509453067794693e-11 | 30503.39010023898 | 26799.873154237688 | 3703.5169460012908 | 829700.5190296086 | 30503.39010023898 | 26455.209278865914 | 4048.1808213730665 | 909754.4832083755 | 30503.39010023898 | 26114.978006077836 | 4388.412094161143 | 988778.9011137729 | 30503.39010023898 | 25779.122329708705 | 4724.267770530276 | 1066787.0133834113 | 122013.56040095592 | 105149.18276889026 | 16864.377632065676 | 3795020.916735145
 |  | 320 | 0 | -1.1755286956170565e-11 | 1.1755286956170565e-11 | 2.8916821100469766e-09 | 0 | 0 | 0 | 0 | 0 | 0 | 0 | 0 | 0 | 0 | 0 | 0 | 0 | 0 | 0 | 0 | 0 | 0 | 0 | 0 | 0 | 2.895843339264693e-11 | -2.895843339264693e-11 | -6.726081713633535e-09 | 0 | 2.8586009022562665e-11 | -2.8586009022562665e-11 | -6.639579909085942e-09 | 0 | 2.821837427315822e-11 | -2.821837427315822e-11 | -6.554190574250814e-09 | 0 | 2.785546754678291e-11 | -2.785546754678291e-11 | -6.469899402040946e-09 | 0 | 0 | 0 | 0 | 0 | 0 | 0 | 0 | 0 | 0 | 0 | 0 | 0 | 0 | 0 | 0 | 0 | 0 | 0 | 0 | 0 | 7.870892151020759e-14 | -7.870892151020759e-14 | -1.8281466766225324e-11 | 0 | 7.769667336418414e-14 | -7.769667336418414e-14 | -1.8046355161522406e-11 | 0 | 7.669744339055418e-14 | -7.669744339055418e-14 | -1.7814267245639033e-11 | 0 | 7.571106416711686e-14 | -7.571106416711686e-14 | -1.758516413196181e-11 | 30503.39010023898 | 26915.756095195058 | 3587.6340050439217 | 802784.7629344135 | 30503.39010023898 | 26569.601889503807 | 3933.788210735172 | 883184.8813188717 | 30503.39010023898 | 26227.8994530177 | 4275.49064722128 | 962551.0016607551 | 30503.39010023898 | 25890.59153307671 | 4612.798567162272 | 1040896.4218503346 | 122013.56040095592 | 105603.84897079339 | 16409.71143016254 | 3689417.067764352
 |  | 321 | 0 | -1.180326969320192e-11 | 1.180326969320192e-11 | 2.9034853797401784e-09 | 0 | 0 | 0 | 0 | 0 | 0 | 0 | 0 | 0 | 0 | 0 | 0 | 0 | 0 | 0 | 0 | 0 | 0 | 0 | 0 | 0 | 2.9083649971387614e-11 | -2.9083649971387614e-11 | -6.755165363604923e-09 | 0 | 2.8709615234304926e-11 | -2.8709615234304926e-11 | -6.668289524320247e-09 | 0 | 2.8340390828273604e-11 | -2.8340390828273604e-11 | -6.582530965079088e-09 | 0 | 2.7975914889294057e-11 | -2.7975914889294057e-11 | -6.49787531693024e-09 | 0 | 0 | 0 | 0 | 0 | 0 | 0 | 0 | 0 | 0 | 0 | 0 | 0 | 0 | 0 | 0 | 0 | 0 | 0 | 0 | 0 | 7.904925973687353e-14 | -7.904925973687353e-14 | -1.8360516025962197e-11 | 0 | 7.80326346189344e-14 | -7.80326346189344e-14 | -1.812438779614134e-11 | 0 | 7.70290839641068e-14 | -7.70290839641068e-14 | -1.789129632960314e-11 | 0 | 7.603843962625445e-14 | -7.603843962625445e-14 | -1.7661202571588065e-11 | 30503.39010023898 | 27032.14011524066 | 3471.249984998318 | 775752.6228191728 | 30503.39010023898 | 26684.48913502554 | 3818.9009652134405 | 856500.3921838462 | 30503.39010023898 | 26341.309173513684 | 4162.080926725297 | 936209.6924872415 | 30503.39010023898 | 26002.54273048394 | 4500.847369755038 | 1014893.8791198507 | 122013.56040095592 | 106060.48115426392 | 15953.07924669199 | 3583356.586610087
 |  | 322 | 0 | -1.1851448286196776e-11 | 1.1851448286196776e-11 | 2.9153368280263753e-09 | 0 | 0 | 0 | 0 | 0 | 0 | 0 | 0 | 0 | 0 | 0 | 0 | 0 | 0 | 0 | 0 | 0 | 0 | 0 | 0 | 0 | 2.9209407987967116e-11 | -2.9209407987967116e-11 | -6.78437477159289e-09 | 0 | 2.883375592064171e-11 | -2.883375592064171e-11 | -6.6971232802408885e-09 | 0 | 2.8462934984291086e-11 | -2.8462934984291086e-11 | -6.610993900063379e-09 | 0 | 2.8096883047415055e-11 | -2.8096883047415055e-11 | -6.525972199977656e-09 | 0 | 0 | 0 | 0 | 0 | 0 | 0 | 0 | 0 | 0 | 0 | 0 | 0 | 0 | 0 | 0 | 0 | 0 | 0 | 0 | 0 | 7.939106958970723e-14 | -7.939106958970723e-14 | -1.8439907095551905e-11 | 0 | 7.837004857377859e-14 | -7.837004857377859e-14 | -1.8202757844715117e-11 | 0 | 7.736215855508118e-14 | -7.736215855508118e-14 | -1.7968658488158223e-11 | 0 | 7.6367230660413e-14 | -7.6367230660413e-14 | -1.7737569802248478e-11 | 30503.39010023898 | 27149.02738104589 | 3354.3627191930896 | 748603.5954381269 | 30503.39010023898 | 26799.873154237688 | 3703.5169460012908 | 829700.5190296086 | 30503.39010023898 | 26455.209278865914 | 4048.1808213730665 | 909754.4832083755 | 30503.39010023898 | 26114.978006077836 | 4388.412094161143 | 988778.9011137729 | 122013.56040095592 | 106519.08782022743 | 15494.472580728489 | 3476837.49878986
 |  | 323 | 0 | -1.1899823534600117e-11 | 1.1899823534600117e-11 | 2.9272366515609755e-09 | 0 | 0 | 0 | 0 | 0 | 0 | 0 | 0 | 0 | 0 | 0 | 0 | 0 | 0 | 0 | 0 | 0 | 0 | 0 | 0 | 0 | 2.933570978356849e-11 | -2.933570978356849e-11 | -6.813710481376458e-09 | 0 | 2.895843339264693e-11 | -2.895843339264693e-11 | -6.726081713633535e-09 | 0 | 2.8586009022562665e-11 | -2.8586009022562665e-11 | -6.639579909085942e-09 | 0 | 2.821837427315822e-11 | -2.821837427315822e-11 | -6.554190574250814e-09 | 0 | 0 | 0 | 0 | 0 | 0 | 0 | 0 | 0 | 0 | 0 | 0 | 0 | 0 | 0 | 0 | 0 | 0 | 0 | 0 | 0 | 7.973435743203614e-14 | -7.973435743203614e-14 | -1.851964145298394e-11 | 0 | 7.870892151020759e-14 | -7.870892151020759e-14 | -1.8281466766225324e-11 | 0 | 7.769667336418414e-14 | -7.769667336418414e-14 | -1.8046355161522406e-11 | 0 | 7.669744339055418e-14 | -7.669744339055418e-14 | -1.7814267245639033e-11 | 30503.39010023898 | 27266.42006865084 | 3236.9700315881387 | 721337.1753694761 | 30503.39010023898 | 26915.756095195058 | 3587.6340050439217 | 802784.7629344135 | 30503.39010023898 | 26569.601889503807 | 3933.788210735172 | 883184.8813188717 | 30503.39010023898 | 26227.8994530177 | 4275.49064722128 | 962551.0016607551 | 122013.56040095592 | 106979.67750636752 | 15033.882894588409 | 3369857.8212834923
 |  | 324 | 0 | -1.19483962411201e-11 | 1.19483962411201e-11 | 2.9391850478020956e-09 | 0 | 0 | 0 | 0 | 0 | 0 | 0 | 0 | 0 | 0 | 0 | 0 | 0 | 0 | 0 | 0 | 0 | 0 | 0 | 0 | 0 | 2.94625577094981e-11 | -2.94625577094981e-11 | -6.843173039085956e-09 | 0 | 2.9083649971387614e-11 | -2.9083649971387614e-11 | -6.755165363604923e-09 | 0 | 2.8709615234304926e-11 | -2.8709615234304926e-11 | -6.668289524320247e-09 | 0 | 2.8340390828273604e-11 | -2.8340390828273604e-11 | -6.582530965079088e-09 | 0 | 0 | 0 | 0 | 0 | 0 | 0 | 0 | 0 | 0 | 0 | 0 | 0 | 0 | 0 | 0 | 0 | 0 | 0 | 0 | 0 | 8.007912965470277e-14 | -8.007912965470277e-14 | -1.859972058263864e-11 | 0 | 7.904925973687353e-14 | -7.904925973687353e-14 | -1.8360516025962197e-11 | 0 | 7.80326346189344e-14 | -7.80326346189344e-14 | -1.812438779614134e-11 | 0 | 7.70290839641068e-14 | -7.70290839641068e-14 | -1.789129632960314e-11 | 30503.39010023898 | 27384.320363504838 | 3119.069736734143 | 693952.8550059713 | 30503.39010023898 | 27032.14011524066 | 3471.249984998318 | 775752.6228191728 | 30503.39010023898 | 26684.48913502554 | 3818.9009652134405 | 856500.3921838462 | 30503.39010023898 | 26341.309173513684 | 4162.080926725297 | 936209.6924872415 | 122013.56040095592 | 107442.25878728482 | 14571.301613671094 | 3262415.5624962077
 |  | 325 | 0 | -1.199716721174138e-11 | 1.199716721174138e-11 | 2.951182215013837e-09 | 0 | 0 | 0 | 0 | 0 | 0 | 0 | 0 | 0 | 0 | 0 | 0 | 0 | 0 | 0 | 0 | 0 | 0 | 0 | 0 | 0 | 2.958995412722939e-11 | -2.958995412722939e-11 | -6.872762993213185e-09 | 0 | 2.9209407987967116e-11 | -2.9209407987967116e-11 | -6.78437477159289e-09 | 0 | 2.883375592064171e-11 | -2.883375592064171e-11 | -6.6971232802408885e-09 | 0 | 2.8462934984291086e-11 | -2.8462934984291086e-11 | -6.610993900063379e-09 | 0 | 0 | 0 | 0 | 0 | 0 | 0 | 0 | 0 | 0 | 0 | 0 | 0 | 0 | 0 | 0 | 0 | 0 | 0 | 0 | 0 | 8.042539267618375e-14 | -8.042539267618375e-14 | -1.8680145975314824e-11 | 0 | 7.939106958970723e-14 | -7.939106958970723e-14 | -1.8439907095551905e-11 | 0 | 7.837004857377859e-14 | -7.837004857377859e-14 | -1.8202757844715117e-11 | 0 | 7.736215855508118e-14 | -7.736215855508118e-14 | -1.7968658488158223e-11 | 30503.39010023898 | 27502.730460507104 | 3000.659639731877 | 666450.1245454642 | 30503.39010023898 | 27149.02738104589 | 3354.3627191930896 | 748603.5954381269 | 30503.39010023898 | 26799.873154237688 | 3703.5169460012908 | 829700.5190296086 | 30503.39010023898 | 26455.209278865914 | 4048.1808213730665 | 909754.4832083755 | 122013.56040095592 | 107906.84027465672 | 14106.72012629922 | 3154508.722221551
 |  | 326 | 0 | -1.2046137255738478e-11 | 1.2046137255738478e-11 | 2.9632283522695754e-09 | 0 | 0 | 0 | 0 | 0 | 0 | 0 | 0 | 0 | 0 | 0 | 0 | 0 | 0 | 0 | 0 | 0 | 0 | 0 | 0 | 0 | 2.971790140844683e-11 | -2.971790140844683e-11 | -6.902480894621632e-09 | 0 | 2.933570978356849e-11 | -2.933570978356849e-11 | -6.813710481376458e-09 | 0 | 2.895843339264693e-11 | -2.895843339264693e-11 | -6.726081713633535e-09 | 0 | 2.8586009022562665e-11 | -2.8586009022562665e-11 | -6.639579909085942e-09 | 0 | 0 | 0 | 0 | 0 | 0 | 0 | 0 | 0 | 0 | 0 | 0 | 0 | 0 | 0 | 0 | 0 | 0 | 0 | 0 | 0 | 8.077315294270925e-14 | -8.077315294270925e-14 | -1.8760919128257532e-11 | 0 | 7.973435743203614e-14 | -7.973435743203614e-14 | -1.851964145298394e-11 | 0 | 7.870892151020759e-14 | -7.870892151020759e-14 | -1.8281466766225324e-11 | 0 | 7.769667336418414e-14 | -7.769667336418414e-14 | -1.8046355161522406e-11 | 30503.39010023898 | 27621.652564047636 | 2881.7375361913446 | 638828.4719814166 | 30503.39010023898 | 27266.42006865084 | 3236.9700315881387 | 721337.1753694761 | 30503.39010023898 | 26915.756095195058 | 3587.6340050439217 | 802784.7629344135 | 30503.39010023898 | 26569.601889503807 | 3933.788210735172 | 883184.8813188717 | 122013.56040095592 | 108373.43061739745 | 13640.129783558472 | 3046135.291604154
 |  | 327 | 0 | -1.2095307185689214e-11 | 1.2095307185689214e-11 | 2.9753236594552645e-09 | 0 | 0 | 0 | 0 | 0 | 0 | 0 | 0 | 0 | 0 | 0 | 0 | 0 | 0 | 0 | 0 | 0 | 0 | 0 | 0 | 0 | 2.984640193509009e-11 | -2.984640193509009e-11 | -6.9323272965567215e-09 | 0 | 2.94625577094981e-11 | -2.94625577094981e-11 | -6.843173039085956e-09 | 0 | 2.9083649971387614e-11 | -2.9083649971387614e-11 | -6.755165363604923e-09 | 0 | 2.8709615234304926e-11 | -2.8709615234304926e-11 | -6.668289524320247e-09 | 0 | 0 | 0 | 0 | 0 | 0 | 0 | 0 | 0 | 0 | 0 | 0 | 0 | 0 | 0 | 0 | 0 | 0 | 0 | 0 | 0 | 8.112241692838302e-14 | -8.112241692838302e-14 | -1.8842041545185916e-11 | 0 | 8.007912965470277e-14 | -8.007912965470277e-14 | -1.859972058263864e-11 | 0 | 7.904925973687353e-14 | -7.904925973687353e-14 | -1.8360516025962197e-11 | 0 | 7.80326346189344e-14 | -7.80326346189344e-14 | -1.812438779614134e-11 | 30503.39010023898 | 27741.088888048234 | 2762.3012121907454 | 611087.3830933684 | 30503.39010023898 | 27384.320363504838 | 3119.069736734143 | 693952.8550059713 | 30503.39010023898 | 27032.14011524066 | 3471.249984998318 | 775752.6228191728 | 30503.39010023898 | 26684.48913502554 | 3818.9009652134405 | 856500.3921838462 | 122013.56040095592 | 108842.03850181938 | 13171.521899136542 | 2937293.253102334
 |  | 328 | 0 | -1.214467781748819e-11 | 1.214467781748819e-11 | 2.9874683372727527e-09 | 0 | 0 | 0 | 0 | 0 | 0 | 0 | 0 | 0 | 0 | 0 | 0 | 0 | 0 | 0 | 0 | 0 | 0 | 0 | 0 | 0 | 2.997545809939835e-11 | -2.997545809939835e-11 | -6.96230275465612e-09 | 0 | 2.958995412722939e-11 | -2.958995412722939e-11 | -6.872762993213185e-09 | 0 | 2.9209407987967116e-11 | -2.9209407987967116e-11 | -6.78437477159289e-09 | 0 | 2.883375592064171e-11 | -2.883375592064171e-11 | -6.6971232802408885e-09 | 0 | 0 | 0 | 0 | 0 | 0 | 0 | 0 | 0 | 0 | 0 | 0 | 0 | 0 | 0 | 0 | 0 | 0 | 0 | 0 | 0 | 8.147319113530289e-14 | -8.147319113530289e-14 | -1.892351473632122e-11 | 0 | 8.042539267618375e-14 | -8.042539267618375e-14 | -1.8680145975314824e-11 | 0 | 7.939106958970723e-14 | -7.939106958970723e-14 | -1.8439907095551905e-11 | 0 | 7.837004857377859e-14 | -7.837004857377859e-14 | -1.8202757844715117e-11 | 30503.39010023898 | 27861.041656003723 | 2642.348444235256 | 583226.3414373647 | 30503.39010023898 | 27502.730460507104 | 3000.659639731877 | 666450.1245454642 | 30503.39010023898 | 27149.02738104589 | 3354.3627191930896 | 748603.5954381269 | 30503.39010023898 | 26799.873154237688 | 3703.5169460012908 | 829700.5190296086 | 122013.56040095592 | 109312.6726517945 | 12700.887749161408 | 2827980.58045054
 |  | 329 | 0 | -1.2194249970360322e-11 | 1.2194249970360322e-11 | 2.999662587243113e-09 | 0 | 0 | 0 | 0 | 0 | 0 | 0 | 0 | 0 | 0 | 0 | 0 | 0 | 0 | 0 | 0 | 0 | 0 | 0 | 0 | 0 | 3.010507230395489e-11 | -3.010507230395489e-11 | -6.992407826960074e-09 | 0 | 2.971790140844683e-11 | -2.971790140844683e-11 | -6.902480894621632e-09 | 0 | 2.933570978356849e-11 | -2.933570978356849e-11 | -6.813710481376458e-09 | 0 | 2.895843339264693e-11 | -2.895843339264693e-11 | -6.726081713633535e-09 | 0 | 0 | 0 | 0 | 0 | 0 | 0 | 0 | 0 | 0 | 0 | 0 | 0 | 0 | 0 | 0 | 0 | 0 | 0 | 0 | 0 | 8.182548209368185e-14 | -8.182548209368185e-14 | -1.90053402184149e-11 | 0 | 8.077315294270925e-14 | -8.077315294270925e-14 | -1.8760919128257532e-11 | 0 | 7.973435743203614e-14 | -7.973435743203614e-14 | -1.851964145298394e-11 | 0 | 7.870892151020759e-14 | -7.870892151020759e-14 | -1.8281466766225324e-11 | 30503.39010023898 | 27981.51310102334 | 2521.876999215638 | 555244.8283363413 | 30503.39010023898 | 27621.652564047636 | 2881.7375361913446 | 638828.4719814166 | 30503.39010023898 | 27266.42006865084 | 3236.9700315881387 | 721337.1753694761 | 30503.39010023898 | 26915.756095195058 | 3587.6340050439217 | 802784.7629344135 | 122013.56040095592 | 109785.34182891698 | 12228.218572038935 | 2718195.2386216233
 |  | 330 | 0 | -1.2244024466874444e-11 | 1.2244024466874444e-11 | 3.0119066117099877e-09 | 0 | 0 | 0 | 0 | 0 | 0 | 0 | 0 | 0 | 0 | 0 | 0 | 0 | 0 | 0 | 0 | 0 | 0 | 0 | 0 | 0 | 3.023524696173176e-11 | -3.023524696173176e-11 | -7.022643073921806e-09 | 0 | 2.984640193509009e-11 | -2.984640193509009e-11 | -6.9323272965567215e-09 | 0 | 2.94625577094981e-11 | -2.94625577094981e-11 | -6.843173039085956e-09 | 0 | 2.9083649971387614e-11 | -2.9083649971387614e-11 | -6.755165363604923e-09 | 0 | 0 | 0 | 0 | 0 | 0 | 0 | 0 | 0 | 0 | 0 | 0 | 0 | 0 | 0 | 0 | 0 | 0 | 0 | 0 | 0 | 8.217929636196957e-14 | -8.217929636196957e-14 | -1.908751951477687e-11 | 0 | 8.112241692838302e-14 | -8.112241692838302e-14 | -1.8842041545185916e-11 | 0 | 8.007912965470277e-14 | -8.007912965470277e-14 | -1.859972058263864e-11 | 0 | 7.904925973687353e-14 | -7.904925973687353e-14 | -1.8360516025962197e-11 | 30503.39010023898 | 28102.505465872317 | 2400.8846343666637 | 527142.322870469 | 30503.39010023898 | 27741.088888048234 | 2762.3012121907454 | 611087.3830933684 | 30503.39010023898 | 27384.320363504838 | 3119.069736734143 | 693952.8550059713 | 30503.39010023898 | 27032.14011524066 | 3471.249984998318 | 775752.6228191728 | 122013.56040095592 | 110260.05483266615 | 11753.505568289764 | 2607935.1837889566
 |  | 331 | 0 | -1.229400213295695e-11 | 1.229400213295695e-11 | 3.0242006138429446e-09 | 0 | 0 | 0 | 0 | 0 | 0 | 0 | 0 | 0 | 0 | 0 | 0 | 0 | 0 | 0 | 0 | 0 | 0 | 0 | 0 | 0 | 3.0365984496134746e-11 | -3.0365984496134746e-11 | -7.053009058417941e-09 | 0 | 2.997545809939835e-11 | -2.997545809939835e-11 | -6.96230275465612e-09 | 0 | 2.958995412722939e-11 | -2.958995412722939e-11 | -6.872762993213185e-09 | 0 | 2.9209407987967116e-11 | -2.9209407987967116e-11 | -6.78437477159289e-09 | 0 | 0 | 0 | 0 | 0 | 0 | 0 | 0 | 0 | 0 | 0 | 0 | 0 | 0 | 0 | 0 | 0 | 0 | 0 | 0 | 0 | 8.253464052697456e-14 | -8.253464052697456e-14 | -1.9170054155303844e-11 | 0 | 8.147319113530289e-14 | -8.147319113530289e-14 | -1.892351473632122e-11 | 0 | 8.042539267618375e-14 | -8.042539267618375e-14 | -1.8680145975314824e-11 | 0 | 7.939106958970723e-14 | -7.939106958970723e-14 | -1.8439907095551905e-11 | 30503.39010023898 | 28224.021003013615 | 2279.369097225366 | 498918.30186745536 | 30503.39010023898 | 27861.041656003723 | 2642.348444235256 | 583226.3414373647 | 30503.39010023898 | 27502.730460507104 | 3000.659639731877 | 666450.1245454642 | 30503.39010023898 | 27149.02738104589 | 3354.3627191930896 | 748603.5954381269 | 122013.56040095592 | 110736.82050057044 | 11276.739900385483 | 2497198.3632883863
 |  | 332 | 0 | -1.2344183797905499e-11 | 1.2344183797905499e-11 | 3.03654479764085e-09 | 0 | 0 | 0 | 0 | 0 | 0 | 0 | 0 | 0 | 0 | 0 | 0 | 0 | 0 | 0 | 0 | 0 | 0 | 0 | 0 | 0 | 3.0497287341048456e-11 | -3.0497287341048456e-11 | -7.083506345758989e-09 | 0 | 3.010507230395489e-11 | -3.010507230395489e-11 | -6.992407826960074e-09 | 0 | 2.971790140844683e-11 | -2.971790140844683e-11 | -6.902480894621632e-09 | 0 | 2.933570978356849e-11 | -2.933570978356849e-11 | -6.813710481376458e-09 | 0 | 0 | 0 | 0 | 0 | 0 | 0 | 0 | 0 | 0 | 0 | 0 | 0 | 0 | 0 | 0 | 0 | 0 | 0 | 0 | 0 | 8.289152120398674e-14 | -8.289152120398674e-14 | -1.925294567650783e-11 | 0 | 8.182548209368185e-14 | -8.182548209368185e-14 | -1.90053402184149e-11 | 0 | 8.077315294270925e-14 | -8.077315294270925e-14 | -1.8760919128257532e-11 | 0 | 7.973435743203614e-14 | -7.973435743203614e-14 | -1.851964145298394e-11 | 30503.39010023898 | 28346.061974649878 | 2157.328125589103 | 470572.23989280546 | 30503.39010023898 | 27981.51310102334 | 2521.876999215638 | 555244.8283363413 | 30503.39010023898 | 27621.652564047636 | 2881.7375361913446 | 638828.4719814166 | 30503.39010023898 | 27266.42006865084 | 3236.9700315881387 | 721337.1753694761 | 122013.56040095592 | 111215.6477083718 | 10797.912692584117 | 2385982.7155800145
 |  | 333 | 0 | -1.239457029440278e-11 | 1.239457029440278e-11 | 3.048939367935253e-09 | 0 | 0 | 0 | 0 | 0 | 0 | 0 | 0 | 0 | 0 | 0 | 0 | 0 | 0 | 0 | 0 | 0 | 0 | 0 | 0 | 0 | 3.062915794088165e-11 | -3.062915794088165e-11 | -7.114135503699871e-09 | 0 | 3.023524696173176e-11 | -3.023524696173176e-11 | -7.022643073921806e-09 | 0 | 2.984640193509009e-11 | -2.984640193509009e-11 | -6.9323272965567215e-09 | 0 | 2.94625577094981e-11 | -2.94625577094981e-11 | -6.843173039085956e-09 | 0 | 0 | 0 | 0 | 0 | 0 | 0 | 0 | 0 | 0 | 0 | 0 | 0 | 0 | 0 | 0 | 0 | 0 | 0 | 0 | 0 | 8.324994503690064e-14 | -8.324994503690064e-14 | -1.9336195621544732e-11 | 0 | 8.217929636196957e-14 | -8.217929636196957e-14 | -1.908751951477687e-11 | 0 | 8.112241692838302e-14 | -8.112241692838302e-14 | -1.8842041545185916e-11 | 0 | 8.007912965470277e-14 | -8.007912965470277e-14 | -1.859972058263864e-11 | 30503.39010023898 | 28468.630652765536 | 2034.7594474734426 | 442103.60924003995 | 30503.39010023898 | 28102.505465872317 | 2400.8846343666637 | 527142.322870469 | 30503.39010023898 | 27741.088888048234 | 2762.3012121907454 | 611087.3830933684 | 30503.39010023898 | 27384.320363504838 | 3119.069736734143 | 693952.8550059713 | 122013.56040095592 | 111696.54537019104 | 10317.015030764887 | 2274286.1702098236
 |  | 334 | 0 | -1.2445162458530326e-11 | 1.2445162458530326e-11 | 3.061384530393783e-09 | 0 | 0 | 0 | 0 | 0 | 0 | 0 | 0 | 0 | 0 | 0 | 0 | 0 | 0 | 0 | 0 | 0 | 0 | 0 | 0 | 0 | 3.0761598750612714e-11 | -3.0761598750612714e-11 | -7.144897102450484e-09 | 0 | 3.0365984496134746e-11 | -3.0365984496134746e-11 | -7.053009058417941e-09 | 0 | 2.997545809939835e-11 | -2.997545809939835e-11 | -6.96230275465612e-09 | 0 | 2.958995412722939e-11 | -2.958995412722939e-11 | -6.872762993213185e-09 | 0 | 0 | 0 | 0 | 0 | 0 | 0 | 0 | 0 | 0 | 0 | 0 | 0 | 0 | 0 | 0 | 0 | 0 | 0 | 0 | 0 | 8.360991869833904e-14 | -8.360991869833904e-14 | -1.941980554024307e-11 | 0 | 8.253464052697456e-14 | -8.253464052697456e-14 | -1.9170054155303844e-11 | 0 | 8.147319113530289e-14 | -8.147319113530289e-14 | -1.892351473632122e-11 | 0 | 8.042539267618375e-14 | -8.042539267618375e-14 | -1.8680145975314824e-11 | 30503.39010023898 | 28591.72931916911 | 1911.6607810698692 | 413511.8799208708 | 30503.39010023898 | 28224.021003013615 | 2279.369097225366 | 498918.30186745536 | 30503.39010023898 | 27861.041656003723 | 2642.348444235256 | 583226.3414373647 | 30503.39010023898 | 27502.730460507104 | 3000.659639731877 | 666450.1245454642 | 122013.56040095592 | 112179.52243869368 | 9834.03796226226 | 2162106.64777113
 |  | 335 | 0 | -1.2495961129782388e-11 | 1.2495961129782388e-11 | 3.0738804915235654e-09 | 0 | 0 | 0 | 0 | 0 | 0 | 0 | 0 | 0 | 0 | 0 | 0 | 0 | 0 | 0 | 0 | 0 | 0 | 0 | 0 | 0 | 3.089461223583542e-11 | -3.089461223583542e-11 | -7.175791714686319e-09 | 0 | 3.0497287341048456e-11 | -3.0497287341048456e-11 | -7.083506345758989e-09 | 0 | 3.010507230395489e-11 | -3.010507230395489e-11 | -6.992407826960074e-09 | 0 | 2.971790140844683e-11 | -2.971790140844683e-11 | -6.902480894621632e-09 | 0 | 0 | 0 | 0 | 0 | 0 | 0 | 0 | 0 | 0 | 0 | 0 | 0 | 0 | 0 | 0 | 0 | 0 | 0 | 0 | 0 | 8.397144888977719e-14 | -8.397144888977719e-14 | -1.9503776989132847e-11 | 0 | 8.289152120398674e-14 | -8.289152120398674e-14 | -1.925294567650783e-11 | 0 | 8.182548209368185e-14 | -8.182548209368185e-14 | -1.90053402184149e-11 | 0 | 8.077315294270925e-14 | -8.077315294270925e-14 | -1.8760919128257532e-11 | 30503.39010023898 | 28715.360265535677 | 1788.0298347033022 | 384796.51965533517 | 30503.39010023898 | 28346.061974649878 | 2157.328125589103 | 470572.23989280546 | 30503.39010023898 | 27981.51310102334 | 2521.876999215638 | 555244.8283363413 | 30503.39010023898 | 27621.652564047636 | 2881.7375361913446 | 638828.4719814166 | 122013.56040095592 | 112664.58790525665 | 9348.97249569928 | 2049442.0598658733
 |  | 336 | 0 | -1.2546967151079863e-11 | 1.2546967151079863e-11 | 3.0864274586746452e-09 | 0 | 0 | 0 | 0 | 0 | 0 | 0 | 0 | 0 | 0 | 0 | 0 | 0 | 0 | 0 | 0 | 0 | 0 | 0 | 0 | 0 | 3.1028200872804764e-11 | -3.1028200872804764e-11 | -7.2068199155591235e-09 | 0 | 3.062915794088165e-11 | -3.062915794088165e-11 | -7.114135503699871e-09 | 0 | 3.023524696173176e-11 | -3.023524696173176e-11 | -7.022643073921806e-09 | 0 | 2.984640193509009e-11 | -2.984640193509009e-11 | -6.9323272965567215e-09 | 0 | 0 | 0 | 0 | 0 | 0 | 0 | 0 | 0 | 0 | 0 | 0 | 0 | 0 | 0 | 0 | 0 | 0 | 0 | 0 | 0 | 8.433454234166766e-14 | -8.433454234166766e-14 | -1.9588111531474515e-11 | 0 | 8.324994503690064e-14 | -8.324994503690064e-14 | -1.9336195621544732e-11 | 0 | 8.217929636196957e-14 | -8.217929636196957e-14 | -1.908751951477687e-11 | 0 | 8.112241692838302e-14 | -8.112241692838302e-14 | -1.8842041545185916e-11 | 30503.39010023898 | 28839.525793449546 | 1663.864306789433 | 355956.9938618856 | 30503.39010023898 | 28468.630652765536 | 2034.7594474734426 | 442103.60924003995 | 30503.39010023898 | 28102.505465872317 | 2400.8846343666637 | 527142.322870469 | 30503.39010023898 | 27741.088888048234 | 2762.3012121907454 | 611087.3830933684 | 122013.56040095592 | 113151.75080013573 | 8861.809600820176 | 1936290.3090657378
 |  | 337 | 0 | -1.259818136878429e-11 | 1.259818136878429e-11 | 3.0990256400434297e-09 | 0 | 0 | 0 | 0 | 0 | 0 | 0 | 0 | 0 | 0 | 0 | 0 | 0 | 0 | 0 | 0 | 0 | 0 | 0 | 0 | 0 | 3.116236714848313e-11 | -3.116236714848313e-11 | -7.237982282707607e-09 | 0 | 3.0761598750612714e-11 | -3.0761598750612714e-11 | -7.144897102450484e-09 | 0 | 3.0365984496134746e-11 | -3.0365984496134746e-11 | -7.053009058417941e-09 | 0 | 2.997545809939835e-11 | -2.997545809939835e-11 | -6.96230275465612e-09 | 0 | 0 | 0 | 0 | 0 | 0 | 0 | 0 | 0 | 0 | 0 | 0 | 0 | 0 | 0 | 0 | 0 | 0 | 0 | 0 | 0 | 8.469920581356551e-14 | -8.469920581356551e-14 | -1.967281073728808e-11 | 0 | 8.360991869833904e-14 | -8.360991869833904e-14 | -1.941980554024307e-11 | 0 | 8.253464052697456e-14 | -8.253464052697456e-14 | -1.9170054155303844e-11 | 0 | 8.147319113530289e-14 | -8.147319113530289e-14 | -1.892351473632122e-11 | 30503.39010023898 | 28964.228214447103 | 1539.161885791877 | 326992.76564743853 | 30503.39010023898 | 28591.72931916911 | 1911.6607810698692 | 413511.8799208708 | 30503.39010023898 | 28224.021003013615 | 2279.369097225366 | 498918.30186745536 | 30503.39010023898 | 27861.041656003723 | 2642.348444235256 | 583226.3414373647 | 122013.56040095592 | 113641.02019263366 | 8372.540208322258 | 1822649.2888731041
 |  | 338 | 0 | -1.2649604632711879e-11 | 1.2649604632711879e-11 | 3.1116752446761414e-09 | 0 | 0 | 0 | 0 | 0 | 0 | 0 | 0 | 0 | 0 | 0 | 0 | 0 | 0 | 0 | 0 | 0 | 0 | 0 | 0 | 0 | 3.129711356058652e-11 | -3.129711356058652e-11 | -7.269279396268193e-09 | 0 | 3.089461223583542e-11 | -3.089461223583542e-11 | -7.175791714686319e-09 | 0 | 3.0497287341048456e-11 | -3.0497287341048456e-11 | -7.083506345758989e-09 | 0 | 3.010507230395489e-11 | -3.010507230395489e-11 | -6.992407826960074e-09 | 0 | 0 | 0 | 0 | 0 | 0 | 0 | 0 | 0 | 0 | 0 | 0 | 0 | 0 | 0 | 0 | 0 | 0 | 0 | 0 | 0 | 8.50654460942542e-14 | -8.50654460942542e-14 | -1.9757876183382333e-11 | 0 | 8.397144888977719e-14 | -8.397144888977719e-14 | -1.9503776989132847e-11 | 0 | 8.289152120398674e-14 | -8.289152120398674e-14 | -1.925294567650783e-11 | 0 | 8.182548209368185e-14 | -8.182548209368185e-14 | -1.90053402184149e-11 | 30503.39010023898 | 29089.46985005984 | 1413.9202501791424 | 297903.2957973787 | 30503.39010023898 | 28715.360265535677 | 1788.0298347033022 | 384796.51965533517 | 30503.39010023898 | 28346.061974649878 | 2157.328125589103 | 470572.23989280546 | 30503.39010023898 | 27981.51310102334 | 2521.876999215638 | 555244.8283363413 | 122013.56040095592 | 114132.40519126884 | 7881.155209687075 | 1708516.8836818351
 |  | 339 | 0 | -1.2701237796147624e-11 | 1.2701237796147624e-11 | 3.124376482472289e-09 | 0 | 0 | 0 | 0 | 0 | 0 | 0 | 0 | 0 | 0 | 0 | 0 | 0 | 0 | 0 | 0 | 0 | 0 | 0 | 0 | 0 | 3.1432442617631106e-11 | -3.1432442617631106e-11 | -7.300711838885824e-09 | 0 | 3.1028200872804764e-11 | -3.1028200872804764e-11 | -7.2068199155591235e-09 | 0 | 3.062915794088165e-11 | -3.062915794088165e-11 | -7.114135503699871e-09 | 0 | 3.023524696173176e-11 | -3.023524696173176e-11 | -7.022643073921806e-09 | 0 | 0 | 0 | 0 | 0 | 0 | 0 | 0 | 0 | 0 | 0 | 0 | 0 | 0 | 0 | 0 | 0 | 0 | 0 | 0 | 0 | 8.543327000187199e-14 | -8.543327000187199e-14 | -1.9843309453384205e-11 | 0 | 8.433454234166766e-14 | -8.433454234166766e-14 | -1.9588111531474515e-11 | 0 | 8.324994503690064e-14 | -8.324994503690064e-14 | -1.9336195621544732e-11 | 0 | 8.217929636196957e-14 | -8.217929636196957e-14 | -1.908751951477687e-11 | 30503.39010023898 | 29215.25303185757 | 1288.1370683814096 | 268688.04276552115 | 30503.39010023898 | 28839.525793449546 | 1663.864306789433 | 355956.9938618856 | 30503.39010023898 | 28468.630652765536 | 2034.7594474734426 | 442103.60924003995 | 30503.39010023898 | 28102.505465872317 | 2400.8846343666637 | 527142.322870469 | 122013.56040095592 | 114625.91494394507 | 7387.645457010838 | 1593890.96873789
 |  | 340 | 0 | -1.2753081715859456e-11 | 1.2753081715859456e-11 | 3.1371295641881482e-09 | 0 | 0 | 0 | 0 | 0 | 0 | 0 | 0 | 0 | 0 | 0 | 0 | 0 | 0 | 0 | 0 | 0 | 0 | 0 | 0 | 0 | 3.1568356838979906e-11 | -3.1568356838979906e-11 | -7.332280195724804e-09 | 0 | 3.116236714848313e-11 | -3.116236714848313e-11 | -7.237982282707607e-09 | 0 | 3.0761598750612714e-11 | -3.0761598750612714e-11 | -7.144897102450484e-09 | 0 | 3.0365984496134746e-11 | -3.0365984496134746e-11 | -7.053009058417941e-09 | 0 | 0 | 0 | 0 | 0 | 0 | 0 | 0 | 0 | 0 | 0 | 0 | 0 | 0 | 0 | 0 | 0 | 0 | 0 | 0 | 0 | 8.58026843840388e-14 | -8.58026843840388e-14 | -1.9929112137768243e-11 | 0 | 8.469920581356551e-14 | -8.469920581356551e-14 | -1.967281073728808e-11 | 0 | 8.360991869833904e-14 | -8.360991869833904e-14 | -1.941980554024307e-11 | 0 | 8.253464052697456e-14 | -8.253464052697456e-14 | -1.9170054155303844e-11 | 30503.39010023898 | 29341.580101491854 | 1161.8099987471257 | 239346.4626640293 | 30503.39010023898 | 28964.228214447103 | 1539.161885791877 | 326992.76564743853 | 30503.39010023898 | 28591.72931916911 | 1911.6607810698692 | 413511.8799208708 | 30503.39010023898 | 28224.021003013615 | 2279.369097225366 | 498918.30186745536 | 122013.56040095592 | 115121.55863812179 | 6892.001762834127 | 1478769.410099768
 |  | 341 | 0 | -1.2805137252112466e-11 | 1.2805137252112466e-11 | 3.1499347014402608e-09 | 0 | 0 | 0 | 0 | 0 | 0 | 0 | 0 | 0 | 0 | 0 | 0 | 0 | 0 | 0 | 0 | 0 | 0 | 0 | 0 | 0 | 3.17048587548897e-11 | -3.17048587548897e-11 | -7.363985054479693e-09 | 0 | 3.129711356058652e-11 | -3.129711356058652e-11 | -7.269279396268193e-09 | 0 | 3.089461223583542e-11 | -3.089461223583542e-11 | -7.175791714686319e-09 | 0 | 3.0497287341048456e-11 | -3.0497287341048456e-11 | -7.083506345758989e-09 | 0 | 0 | 0 | 0 | 0 | 0 | 0 | 0 | 0 | 0 | 0 | 0 | 0 | 0 | 0 | 0 | 0 | 0 | 0 | 0 | 0 | 8.61736961179838e-14 | -8.61736961179838e-14 | -2.0015285833886228e-11 | 0 | 8.50654460942542e-14 | -8.50654460942542e-14 | -1.9757876183382333e-11 | 0 | 8.397144888977719e-14 | -8.397144888977719e-14 | -1.9503776989132847e-11 | 0 | 8.289152120398674e-14 | -8.289152120398674e-14 | -1.925294567650783e-11 | 30503.39010023898 | 29468.453410739567 | 1034.9366894994118 | 209878.00925328973 | 30503.39010023898 | 29089.46985005984 | 1413.9202501791424 | 297903.2957973787 | 30503.39010023898 | 28715.360265535677 | 1788.0298347033022 | 384796.51965533517 | 30503.39010023898 | 28346.061974649878 | 2157.328125589103 | 470572.23989280546 | 122013.56040095592 | 115619.34550098507 | 6394.214899970848 | 1363150.0645987832
 |  | 342 | 0 | -1.2857405268683173e-11 | 1.2857405268683173e-11 | 3.162792106708944e-09 | 0 | 0 | 0 | 0 | 0 | 0 | 0 | 0 | 0 | 0 | 0 | 0 | 0 | 0 | 0 | 0 | 0 | 0 | 0 | 0 | 0 | 3.184195090655809e-11 | -3.184195090655809e-11 | -7.395827005386252e-09 | 0 | 3.1432442617631106e-11 | -3.1432442617631106e-11 | -7.300711838885824e-09 | 0 | 3.1028200872804764e-11 | -3.1028200872804764e-11 | -7.2068199155591235e-09 | 0 | 3.062915794088165e-11 | -3.062915794088165e-11 | -7.114135503699871e-09 | 0 | 0 | 0 | 0 | 0 | 0 | 0 | 0 | 0 | 0 | 0 | 0 | 0 | 0 | 0 | 0 | 0 | 0 | 0 | 0 | 0 | 8.654631211067327e-14 | -8.654631211067327e-14 | -2.01018321459969e-11 | 0 | 8.543327000187199e-14 | -8.543327000187199e-14 | -1.9843309453384205e-11 | 0 | 8.433454234166766e-14 | -8.433454234166766e-14 | -1.9588111531474515e-11 | 0 | 8.324994503690064e-14 | -8.324994503690064e-14 | -1.9336195621544732e-11 | 30503.39010023898 | 29595.8753215467 | 907.5147786922801 | 180282.13393174304 | 30503.39010023898 | 29215.25303185757 | 1288.1370683814096 | 268688.04276552115 | 30503.39010023898 | 28839.525793449546 | 1663.864306789433 | 355956.9938618856 | 30503.39010023898 | 28468.630652765536 | 2034.7594474734426 | 442103.60924003995 | 122013.56040095592 | 116119.28479961946 | 5894.275601336452 | 1247030.7797991638
 |  | 343 | 0 | -1.2909886632873858e-11 | 1.2909886632873858e-11 | 3.175701993341818e-09 | 0 | 0 | 0 | 0 | 0 | 0 | 0 | 0 | 0 | 0 | 0 | 0 | 0 | 0 | 0 | 0 | 0 | 0 | 0 | 0 | 0 | 3.19796358461709e-11 | -3.19796358461709e-11 | -7.427806641232423e-09 | 0 | 3.1568356838979906e-11 | -3.1568356838979906e-11 | -7.332280195724804e-09 | 0 | 3.116236714848313e-11 | -3.116236714848313e-11 | -7.237982282707607e-09 | 0 | 3.0761598750612714e-11 | -3.0761598750612714e-11 | -7.144897102450484e-09 | 0 | 0 | 0 | 0 | 0 | 0 | 0 | 0 | 0 | 0 | 0 | 0 | 0 | 0 | 0 | 0 | 0 | 0 | 0 | 0 | 0 | 8.69205392989394e-14 | -8.69205392989394e-14 | -2.018875268529584e-11 | 0 | 8.58026843840388e-14 | -8.58026843840388e-14 | -1.9929112137768243e-11 | 0 | 8.469920581356551e-14 | -8.469920581356551e-14 | -1.967281073728808e-11 | 0 | 8.360991869833904e-14 | -8.360991869833904e-14 | -1.941980554024307e-11 | 30503.39010023898 | 29723.848206072318 | 779.5418941666624 | 150558.28572567072 | 30503.39010023898 | 29341.580101491854 | 1161.8099987471257 | 239346.4626640293 | 30503.39010023898 | 28964.228214447103 | 1539.161885791877 | 326992.76564743853 | 30503.39010023898 | 28591.72931916911 | 1911.6607810698692 | 413511.8799208708 | 122013.56040095592 | 116621.3858411805 | 5392.174559775422 | 1130409.3939579832
 |  | 344 | 0 | -1.296258221552696e-11 | 1.296258221552696e-11 | 3.188664575557345e-09 | 0 | 0 | 0 | 0 | 0 | 0 | 0 | 0 | 0 | 0 | 0 | 0 | 0 | 0 | 0 | 0 | 0 | 0 | 0 | 0 | 0 | 3.211791613694959e-11 | -3.211791613694959e-11 | -7.459924557369372e-09 | 0 | 3.17048587548897e-11 | -3.17048587548897e-11 | -7.363985054479693e-09 | 0 | 3.129711356058652e-11 | -3.129711356058652e-11 | -7.269279396268193e-09 | 0 | 3.089461223583542e-11 | -3.089461223583542e-11 | -7.175791714686319e-09 | 0 | 0 | 0 | 0 | 0 | 0 | 0 | 0 | 0 | 0 | 0 | 0 | 0 | 0 | 0 | 0 | 0 | 0 | 0 | 0 | 0 | 8.729638464960925e-14 | -8.729638464960925e-14 | -2.027604906994545e-11 | 0 | 8.61736961179838e-14 | -8.61736961179838e-14 | -2.0015285833886228e-11 | 0 | 8.50654460942542e-14 | -8.50654460942542e-14 | -1.9757876183382333e-11 | 0 | 8.397144888977719e-14 | -8.397144888977719e-14 | -1.9503776989132847e-11 | 30503.39010023898 | 29852.37444673273 | 651.0156535062497 | 120705.91127893799 | 30503.39010023898 | 29468.453410739567 | 1034.9366894994118 | 209878.00925328973 | 30503.39010023898 | 29089.46985005984 | 1413.9202501791424 | 297903.2957973787 | 30503.39010023898 | 28715.360265535677 | 1788.0298347033022 | 384796.51965533517 | 122013.56040095592 | 117125.65797306792 | 4887.902427887993 | 1013283.7359849154
 |  | 345 | 0 | -1.3015492891039518e-11 | 1.3015492891039518e-11 | 3.2016800684483847e-09 | 0 | 0 | 0 | 0 | 0 | 0 | 0 | 0 | 0 | 0 | 0 | 0 | 0 | 0 | 0 | 0 | 0 | 0 | 0 | 0 | 0 | 3.2256794353199037e-11 | -3.2256794353199037e-11 | -7.492181351722571e-09 | 0 | 3.184195090655809e-11 | -3.184195090655809e-11 | -7.395827005386252e-09 | 0 | 3.1432442617631106e-11 | -3.1432442617631106e-11 | -7.300711838885824e-09 | 0 | 3.1028200872804764e-11 | -3.1028200872804764e-11 | -7.2068199155591235e-09 | 0 | 0 | 0 | 0 | 0 | 0 | 0 | 0 | 0 | 0 | 0 | 0 | 0 | 0 | 0 | 0 | 0 | 0 | 0 | 0 | 0 | 8.767385515963451e-14 | -8.767385515963451e-14 | -2.0363722925105085e-11 | 0 | 8.654631211067327e-14 | -8.654631211067327e-14 | -2.01018321459969e-11 | 0 | 8.543327000187199e-14 | -8.543327000187199e-14 | -1.9843309453384205e-11 | 0 | 8.433454234166766e-14 | -8.433454234166766e-14 | -1.9588111531474515e-11 | 30503.39010023898 | 29981.45643624584 | 521.9336639931388 | 90724.45484269215 | 30503.39010023898 | 29595.8753215467 | 907.5147786922801 | 180282.13393174304 | 30503.39010023898 | 29215.25303185757 | 1288.1370683814096 | 268688.04276552115 | 30503.39010023898 | 28839.525793449546 | 1663.864306789433 | 355956.9938618856 | 122013.56040095592 | 117632.11058309977 | 4381.449817856147 | 895651.6254018157
 |  | 346 | 0 | -1.3068619537377693e-11 | 1.3068619537377693e-11 | 3.2147486879857623e-09 | 0 | 0 | 0 | 0 | 0 | 0 | 0 | 0 | 0 | 0 | 0 | 0 | 0 | 0 | 0 | 0 | 0 | 0 | 0 | 0 | 0 | 3.2396273080355426e-11 | -3.2396273080355426e-11 | -7.524577624802927e-09 | 0 | 3.19796358461709e-11 | -3.19796358461709e-11 | -7.427806641232423e-09 | 0 | 3.1568356838979906e-11 | -3.1568356838979906e-11 | -7.332280195724804e-09 | 0 | 3.116236714848313e-11 | -3.116236714848313e-11 | -7.237982282707607e-09 | 0 | 0 | 0 | 0 | 0 | 0 | 0 | 0 | 0 | 0 | 0 | 0 | 0 | 0 | 0 | 0 | 0 | 0 | 0 | 0 | 0 | 8.80529578562218e-14 | -8.80529578562218e-14 | -2.0451775882961306e-11 | 0 | 8.69205392989394e-14 | -8.69205392989394e-14 | -2.018875268529584e-11 | 0 | 8.58026843840388e-14 | -8.58026843840388e-14 | -1.9929112137768243e-11 | 0 | 8.469920581356551e-14 | -8.469920581356551e-14 | -1.967281073728808e-11 | 30503.39010023898 | 30111.09657767569 | 392.29352256328866 | 60613.35826501646 | 30503.39010023898 | 29723.848206072318 | 779.5418941666624 | 150558.28572567072 | 30503.39010023898 | 29341.580101491854 | 1161.8099987471257 | 239346.4626640293 | 30503.39010023898 | 28964.228214447103 | 1539.161885791877 | 326992.76564743853 | 122013.56040095592 | 118140.75309968708 | 3872.8073012688396 | 777510.8723021287
 |  | 347 | 0 | -1.3121963036091323e-11 | 1.3121963036091323e-11 | 3.2278706510218536e-09 | 0 | 0 | 0 | 0 | 0 | 0 | 0 | 0 | 0 | 0 | 0 | 0 | 0 | 0 | 0 | 0 | 0 | 0 | 0 | 0 | 0 | 3.2536354915034406e-11 | -3.2536354915034406e-11 | -7.557113979717961e-09 | 0 | 3.211791613694959e-11 | -3.211791613694959e-11 | -7.459924557369372e-09 | 0 | 3.17048587548897e-11 | -3.17048587548897e-11 | -7.363985054479693e-09 | 0 | 3.129711356058652e-11 | -3.129711356058652e-11 | -7.269279396268193e-09 | 0 | 0 | 0 | 0 | 0 | 0 | 0 | 0 | 0 | 0 | 0 | 0 | 0 | 0 | 0 | 0 | 0 | 0 | 0 | 0 | 0 | 8.843369979696345e-14 | -8.843369979696345e-14 | -2.054020958275827e-11 | 0 | 8.729638464960925e-14 | -8.729638464960925e-14 | -2.027604906994545e-11 | 0 | 8.61736961179838e-14 | -8.61736961179838e-14 | -2.0015285833886228e-11 | 0 | 8.50654460942542e-14 | -8.50654460942542e-14 | -1.9757876183382333e-11 | 30503.39010023898 | 30241.297284477198 | 262.0928157617832 | 30372.060980539263 | 30503.39010023898 | 29852.37444673273 | 651.0156535062497 | 120705.91127893799 | 30503.39010023898 | 29468.453410739567 | 1034.9366894994118 | 209878.00925328973 | 30503.39010023898 | 29089.46985005984 | 1413.9202501791424 | 297903.2957973787 | 122013.56040095592 | 118651.59499200946 | 3361.965408946472 | 658859.2773101192
 |  | 348 | 0 | -1.3175524272328558e-11 | 1.3175524272328558e-11 | 3.241046175294182e-09 | 0 | 0 | 0 | 0 | 0 | 0 | 0 | 0 | 0 | 0 | 0 | 0 | 0 | 0 | 0 | 0 | 0 | 0 | 0 | 0 | 0 | 3.2677042465079426e-11 | -3.2677042465079426e-11 | -7.58979102218304e-09 | 0 | 3.2256794353199037e-11 | -3.2256794353199037e-11 | -7.492181351722571e-09 | 0 | 3.184195090655809e-11 | -3.184195090655809e-11 | -7.395827005386252e-09 | 0 | 3.1432442617631106e-11 | -3.1432442617631106e-11 | -7.300711838885824e-09 | 0 | 0 | 0 | 0 | 0 | 0 | 0 | 0 | 0 | 0 | 0 | 0 | 0 | 0 | 0 | 0 | 0 | 0 | 0 | 0 | 0 | 8.881608806996886e-14 | -8.881608806996886e-14 | -2.062902567082824e-11 | 0 | 8.767385515963451e-14 | -8.767385515963451e-14 | -2.0363722925105085e-11 | 0 | 8.654631211067327e-14 | -8.654631211067327e-14 | -2.01018321459969e-11 | 0 | 8.543327000187199e-14 | -8.543327000187199e-14 | -1.9843309453384205e-11 | 30503.39010023898 | 30372.06098054108 | 131.3291196979013 | -1.8153514247387648e-09 | 30503.39010023898 | 29981.45643624584 | 521.9336639931388 | 90724.45484269215 | 30503.39010023898 | 29595.8753215467 | 907.5147786922801 | 180282.13393174304 | 30503.39010023898 | 29215.25303185757 | 1288.1370683814096 | 268688.04276552115 | 122013.56040095592 | 119164.6457701913 | 2848.9146307646142 | 539694.6315399279
 |  | 349 | 0 | -1.3229304134850545e-11 | 1.3229304134850545e-11 | 3.2542754794290326e-09 | 0 | 0 | 0 | 0 | 0 | 0 | 0 | 0 | 0 | 0 | 0 | 0 | 0 | 0 | 0 | 0 | 0 | 0 | 0 | 0 | 0 | 3.2818338349610264e-11 | -3.2818338349610264e-11 | -7.62260936053265e-09 | 0 | 3.2396273080355426e-11 | -3.2396273080355426e-11 | -7.524577624802927e-09 | 0 | 3.19796358461709e-11 | -3.19796358461709e-11 | -7.427806641232423e-09 | 0 | 3.1568356838979906e-11 | -3.1568356838979906e-11 | -7.332280195724804e-09 | 0 | 0 | 0 | 0 | 0 | 0 | 0 | 0 | 0 | 0 | 0 | 0 | 0 | 0 | 0 | 0 | 0 | 0 | 0 | 0 | 0 | 8.920012979399655e-14 | -8.920012979399655e-14 | -2.0718225800622234e-11 | 0 | 8.80529578562218e-14 | -8.80529578562218e-14 | -2.0451775882961306e-11 | 0 | 8.69205392989394e-14 | -8.69205392989394e-14 | -2.018875268529584e-11 | 0 | 8.58026843840388e-14 | -8.58026843840388e-14 | -1.9929112137768243e-11 | 0 | 7.84959916635331e-12 | -7.84959916635331e-12 | -1.823201023905118e-09 | 30503.39010023898 | 30111.09657767569 | 392.29352256328866 | 60613.35826501646 | 30503.39010023898 | 29723.848206072318 | 779.5418941666624 | 150558.28572567072 | 30503.39010023898 | 29341.580101491854 | 1161.8099987471257 | 239346.4626640293 | 91510.17030071694 | 89176.52488523998 | 2333.645415476953 | 450518.1066546879
 |  | 350 | 0 | -1.3283303516046183e-11 | 1.3283303516046183e-11 | 3.2675587829450787e-09 | 0 | 0 | 0 | 0 | 0 | 0 | 0 | 0 | 0 | 0 | 0 | 0 | 0 | 0 | 0 | 0 | 0 | 0 | 0 | 0 | 0 | 3.29602451990718e-11 | -3.29602451990718e-11 | -7.655569605731722e-09 | 0 | 3.2536354915034406e-11 | -3.2536354915034406e-11 | -7.557113979717961e-09 | 0 | 3.211791613694959e-11 | -3.211791613694959e-11 | -7.459924557369372e-09 | 0 | 3.17048587548897e-11 | -3.17048587548897e-11 | -7.363985054479693e-09 | 0 | 0 | 0 | 0 | 0 | 0 | 0 | 0 | 0 | 0 | 0 | 0 | 0 | 0 | 0 | 0 | 0 | 0 | 0 | 0 | 0 | 8.958583211858658e-14 | -8.958583211858658e-14 | -2.080781163274082e-11 | 0 | 8.843369979696345e-14 | -8.843369979696345e-14 | -2.054020958275827e-11 | 0 | 8.729638464960925e-14 | -8.729638464960925e-14 | -2.027604906994545e-11 | 0 | 8.61736961179838e-14 | -8.61736961179838e-14 | -2.0015285833886228e-11 | 0 | 7.88354091792424e-12 | -7.88354091792424e-12 | -1.8310845648230423e-09 | 30503.39010023898 | 30241.297284477198 | 262.0928157617832 | 30372.060980539263 | 30503.39010023898 | 29852.37444673273 | 651.0156535062497 | 120705.91127893799 | 30503.39010023898 | 29468.453410739567 | 1034.9366894994118 | 209878.00925328973 | 91510.17030071694 | 89562.12514194963 | 1948.0451587673206 | 360955.9815127383
 |  | 351 | 0 | -1.3337523311946917e-11 | 1.3337523311946917e-11 | 3.2808963062570255e-09 | 0 | 0 | 0 | 0 | 0 | 0 | 0 | 0 | 0 | 0 | 0 | 0 | 0 | 0 | 0 | 0 | 0 | 0 | 0 | 0 | 0 | 3.3102765655283015e-11 | -3.3102765655283015e-11 | -7.688672371387005e-09 | 0 | 3.2677042465079426e-11 | -3.2677042465079426e-11 | -7.58979102218304e-09 | 0 | 3.2256794353199037e-11 | -3.2256794353199037e-11 | -7.492181351722571e-09 | 0 | 3.184195090655809e-11 | -3.184195090655809e-11 | -7.395827005386252e-09 | 0 | 0 | 0 | 0 | 0 | 0 | 0 | 0 | 0 | 0 | 0 | 0 | 0 | 0 | 0 | 0 | 0 | 0 | 0 | 0 | 0 | 8.997320222419371e-14 | -8.997320222419371e-14 | -2.0897784834965013e-11 | 0 | 8.881608806996886e-14 | -8.881608806996886e-14 | -2.062902567082824e-11 | 0 | 8.767385515963451e-14 | -8.767385515963451e-14 | -2.0363722925105085e-11 | 0 | 8.654631211067327e-14 | -8.654631211067327e-14 | -2.01018321459969e-11 | 0 | 7.91762943399553e-12 | -7.91762943399553e-12 | -1.8390021942570379e-09 | 30503.39010023898 | 30372.06098054108 | 131.3291196979013 | -1.8153514247387648e-09 | 30503.39010023898 | 29981.45643624584 | 521.9336639931388 | 90724.45484269215 | 30503.39010023898 | 29595.8753215467 | 907.5147786922801 | 180282.13393174304 | 91510.17030071694 | 89949.39273833374 | 1560.7775623831953 | 271006.5887744046
 |  | 352 | 0 | -1.3391964422241617e-11 | 1.3391964422241617e-11 | 3.2942882706792672e-09 | 0 | 0 | 0 | 0 | 0 | 0 | 0 | 0 | 0 | 0 | 0 | 0 | 0 | 0 | 0 | 0 | 0 | 0 | 0 | 0 | 0 | 3.32459023714861e-11 | -3.32459023714861e-11 | -7.721918273758491e-09 | 0 | 3.2818338349610264e-11 | -3.2818338349610264e-11 | -7.62260936053265e-09 | 0 | 3.2396273080355426e-11 | -3.2396273080355426e-11 | -7.524577624802927e-09 | 0 | 3.19796358461709e-11 | -3.19796358461709e-11 | -7.427806641232423e-09 | 0 | 0 | 0 | 0 | 0 | 0 | 0 | 0 | 0 | 0 | 0 | 0 | 0 | 0 | 0 | 0 | 0 | 0 | 0 | 0 | 0 | 9.036224732232108e-14 | -9.036224732232108e-14 | -2.0988147082287333e-11 | 0 | 8.920012979399655e-14 | -8.920012979399655e-14 | -2.0718225800622234e-11 | 0 | 8.80529578562218e-14 | -8.80529578562218e-14 | -2.0451775882961306e-11 | 0 | 8.69205392989394e-14 | -8.69205392989394e-14 | -2.018875268529584e-11 | 0 | 7.95186534917847e-12 | -7.95186534917847e-12 | -1.8469540596062163e-09 | 0 | 7.84959916635331e-12 | -7.84959916635331e-12 | -1.823201023905118e-09 | 30503.39010023898 | 30111.09657767569 | 392.29352256328866 | 60613.35826501646 | 30503.39010023898 | 29723.848206072318 | 779.5418941666624 | 150558.28572567072 | 61006.78020047796 | 59834.94478374814 | 1171.8354167298178 | 211171.64399065642
 |  | 353 | 0 | -1.3446627750291502e-11 | 1.3446627750291502e-11 | 3.3077348984295588e-09 | 0 | 0 | 0 | 0 | 0 | 0 | 0 | 0 | 0 | 0 | 0 | 0 | 0 | 0 | 0 | 0 | 0 | 0 | 0 | 0 | 0 | 3.338965801239592e-11 | -3.338965801239592e-11 | -7.755307931770887e-09 | 0 | 3.29602451990718e-11 | -3.29602451990718e-11 | -7.655569605731722e-09 | 0 | 3.2536354915034406e-11 | -3.2536354915034406e-11 | -7.557113979717961e-09 | 0 | 3.211791613694959e-11 | -3.211791613694959e-11 | -7.459924557369372e-09 | 0 | 0 | 0 | 0 | 0 | 0 | 0 | 0 | 0 | 0 | 0 | 0 | 0 | 0 | 0 | 0 | 0 | 0 | 0 | 0 | 0 | 9.075297465565445e-14 | -9.075297465565445e-14 | -2.1078900056942986e-11 | 0 | 8.958583211858658e-14 | -8.958583211858658e-14 | -2.080781163274082e-11 | 0 | 8.843369979696345e-14 | -8.843369979696345e-14 | -2.054020958275827e-11 | 0 | 8.729638464960925e-14 | -8.729638464960925e-14 | -2.027604906994545e-11 | 0 | 7.98624930082841e-12 | -7.98624930082841e-12 | -1.8549403089070447e-09 | 0 | 7.88354091792424e-12 | -7.88354091792424e-12 | -1.8310845648230423e-09 | 30503.39010023898 | 30241.297284477198 | 262.0928157617832 | 30372.060980539263 | 30503.39010023898 | 29852.37444673273 | 651.0156535062497 | 120705.91127893799 | 61006.78020047796 | 60093.671731210066 | 913.1084692678991 | 151077.97225944637
 |  | 354 | 0 | -1.3501514203145133e-11 | 1.3501514203145133e-11 | 3.321236412632704e-09 | 0 | 0 | 0 | 0 | 0 | 0 | 0 | 0 | 0 | 0 | 0 | 0 | 0 | 0 | 0 | 0 | 0 | 0 | 0 | 0 | 0 | 3.3534035254249596e-11 | -3.3534035254249596e-11 | -7.788841967025137e-09 | 0 | 3.3102765655283015e-11 | -3.3102765655283015e-11 | -7.688672371387005e-09 | 0 | 3.2677042465079426e-11 | -3.2677042465079426e-11 | -7.58979102218304e-09 | 0 | 3.2256794353199037e-11 | -3.2256794353199037e-11 | -7.492181351722571e-09 | 0 | 0 | 0 | 0 | 0 | 0 | 0 | 0 | 0 | 0 | 0 | 0 | 0 | 0 | 0 | 0 | 0 | 0 | 0 | 0 | 0 | 9.114539149819699e-14 | -9.114539149819699e-14 | -2.1170045448441183e-11 | 0 | 8.997320222419371e-14 | -8.997320222419371e-14 | -2.0897784834965013e-11 | 0 | 8.881608806996886e-14 | -8.881608806996886e-14 | -2.062902567082824e-11 | 0 | 8.767385515963451e-14 | -8.767385515963451e-14 | -2.0363722925105085e-11 | 0 | 8.02078192905663e-12 | -8.02078192905663e-12 | -1.8629610908361014e-09 | 0 | 7.91762943399553e-12 | -7.91762943399553e-12 | -1.8390021942570379e-09 | 30503.39010023898 | 30372.06098054108 | 131.3291196979013 | -1.8153514247387648e-09 | 30503.39010023898 | 29981.45643624584 | 521.9336639931388 | 90724.45484269215 | 61006.78020047796 | 60353.51741678706 | 653.2627836909057 | 90724.45484265931
 |  | 355 | 0 | -1.3556624691553464e-11 | 1.3556624691553464e-11 | 3.3347930373242574e-09 | 0 | 0 | 0 | 0 | 0 | 0 | 0 | 0 | 0 | 0 | 0 | 0 | 0 | 0 | 0 | 0 | 0 | 0 | 0 | 0 | 0 | 3.367903678485632e-11 | -3.367903678485632e-11 | -7.822521003809993e-09 | 0 | 3.32459023714861e-11 | -3.32459023714861e-11 | -7.721918273758491e-09 | 0 | 3.2818338349610264e-11 | -3.2818338349610264e-11 | -7.62260936053265e-09 | 0 | 3.2396273080355426e-11 | -3.2396273080355426e-11 | -7.524577624802927e-09 | 0 | 0 | 0 | 0 | 0 | 0 | 0 | 0 | 0 | 0 | 0 | 0 | 0 | 0 | 0 | 0 | 0 | 0 | 0 | 0 | 0 | 9.153950515540479e-14 | -9.153950515540479e-14 | -2.126158495359659e-11 | 0 | 9.036224732232108e-14 | -9.036224732232108e-14 | -2.0988147082287333e-11 | 0 | 8.920012979399655e-14 | -8.920012979399655e-14 | -2.0718225800622234e-11 | 0 | 8.80529578562218e-14 | -8.80529578562218e-14 | -2.0451775882961306e-11 | 0 | 8.055463876742259e-12 | -8.055463876742259e-12 | -1.8710165547128435e-09 | 0 | 7.95186534917847e-12 | -7.95186534917847e-12 | -1.8469540596062163e-09 | 0 | 7.84959916635331e-12 | -7.84959916635331e-12 | -1.823201023905118e-09 | 30503.39010023898 | 30111.09657767569 | 392.29352256328866 | 60613.35826501646 | 30503.39010023898 | 30111.09657767583 | 392.29352256314587 | 60613.35826498348
 |  | 356 | 0 | -1.3611960129984948e-11 | 1.3611960129984948e-11 | 3.348404997454242e-09 | 0 | 0 | 0 | 0 | 0 | 0 | 0 | 0 | 0 | 0 | 0 | 0 | 0 | 0 | 0 | 0 | 0 | 0 | 0 | 0 | 0 | 3.382466530364741e-11 | -3.382466530364741e-11 | -7.85634566911364e-09 | 0 | 3.338965801239592e-11 | -3.338965801239592e-11 | -7.755307931770887e-09 | 0 | 3.29602451990718e-11 | -3.29602451990718e-11 | -7.655569605731722e-09 | 0 | 3.2536354915034406e-11 | -3.2536354915034406e-11 | -7.557113979717961e-09 | 0 | 0 | 0 | 0 | 0 | 0 | 0 | 0 | 0 | 0 | 0 | 0 | 0 | 0 | 0 | 0 | 0 | 0 | 0 | 0 | 0 | 9.19353229643228e-14 | -9.19353229643228e-14 | -2.1353520276560912e-11 | 0 | 9.075297465565445e-14 | -9.075297465565445e-14 | -2.1078900056942986e-11 | 0 | 8.958583211858658e-14 | -8.958583211858658e-14 | -2.080781163274082e-11 | 0 | 8.843369979696345e-14 | -8.843369979696345e-14 | -2.054020958275827e-11 | 0 | 8.090295789544247e-12 | -8.090295789544247e-12 | -1.8791068505023877e-09 | 0 | 7.98624930082841e-12 | -7.98624930082841e-12 | -1.8549403089070447e-09 | 0 | 7.88354091792424e-12 | -7.88354091792424e-12 | -1.8310845648230423e-09 | 30503.39010023898 | 30241.297284477198 | 262.0928157617832 | 30372.060980539263 | 30503.39010023898 | 30241.29728447734 | 262.09281576163977 | 30372.06098050614
 |  | 357 | 0 | -1.3667521436640717e-11 | 1.3667521436640717e-11 | 3.362072518890883e-09 | 0 | 0 | 0 | 0 | 0 | 0 | 0 | 0 | 0 | 0 | 0 | 0 | 0 | 0 | 0 | 0 | 0 | 0 | 0 | 0 | 0 | 3.3970923521726526e-11 | -3.3970923521726526e-11 | -7.890316592635368e-09 | 0 | 3.3534035254249596e-11 | -3.3534035254249596e-11 | -7.788841967025137e-09 | 0 | 3.3102765655283015e-11 | -3.3102765655283015e-11 | -7.688672371387005e-09 | 0 | 3.2677042465079426e-11 | -3.2677042465079426e-11 | -7.58979102218304e-09 | 0 | 0 | 0 | 0 | 0 | 0 | 0 | 0 | 0 | 0 | 0 | 0 | 0 | 0 | 0 | 0 | 0 | 0 | 0 | 0 | 0 | 9.233285229372139e-14 | -9.233285229372139e-14 | -2.1445853128854633e-11 | 0 | 9.114539149819699e-14 | -9.114539149819699e-14 | -2.1170045448441183e-11 | 0 | 8.997320222419371e-14 | -8.997320222419371e-14 | -2.0897784834965013e-11 | 0 | 8.881608806996886e-14 | -8.881608806996886e-14 | -2.062902567082824e-11 | 0 | 8.125278315913375e-12 | -8.125278315913375e-12 | -1.887232128818301e-09 | 0 | 8.02078192905663e-12 | -8.02078192905663e-12 | -1.8629610908361014e-09 | 0 | 7.91762943399553e-12 | -7.91762943399553e-12 | -1.8390021942570379e-09 | 30503.39010023898 | 30372.06098054108 | 131.3291196979013 | -1.8153514247387648e-09 | 30503.39010023898 | 30372.060980541224 | 131.32911969775725 | -3.5084238982072956e-08
 |  | 358 | 0 | -1.3723309533469821e-11 | 1.3723309533469821e-11 | 3.375795828424353e-09 | 0 | 0 | 0 | 0 | 0 | 0 | 0 | 0 | 0 | 0 | 0 | 0 | 0 | 0 | 0 | 0 | 0 | 0 | 0 | 0 | 0 | 3.4117814161920216e-11 | -3.4117814161920216e-11 | -7.924434406797289e-09 | 0 | 3.367903678485632e-11 | -3.367903678485632e-11 | -7.822521003809993e-09 | 0 | 3.32459023714861e-11 | -3.32459023714861e-11 | -7.721918273758491e-09 | 0 | 3.2818338349610264e-11 | -3.2818338349610264e-11 | -7.62260936053265e-09 | 0 | 0 | 0 | 0 | 0 | 0 | 0 | 0 | 0 | 0 | 0 | 0 | 0 | 0 | 0 | 0 | 0 | 0 | 0 | 0 | 0 | 9.27321005442336e-14 | -9.27321005442336e-14 | -2.1538585229398866e-11 | 0 | 9.153950515540479e-14 | -9.153950515540479e-14 | -2.126158495359659e-11 | 0 | 9.036224732232108e-14 | -9.036224732232108e-14 | -2.0988147082287333e-11 | 0 | 8.920012979399655e-14 | -8.920012979399655e-14 | -2.0718225800622234e-11 | 0 | 8.160412107104334e-12 | -8.160412107104334e-12 | -1.895392540925405e-09 | 0 | 8.055463876742259e-12 | -8.055463876742259e-12 | -1.8710165547128435e-09 | 0 | 7.95186534917847e-12 | -7.95186534917847e-12 | -1.8469540596062163e-09 | 0 | 7.84959916635331e-12 | -7.84959916635331e-12 | -1.823201023905118e-09 | 0 | 1.5251895661659744e-10 | -1.5251895661659744e-10 | -3.523675793868956e-08
 |  | 359 | 0 | -1.377932534618452e-11 | 1.377932534618452e-11 | 3.3895751537705377e-09 | 0 | 0 | 0 | 0 | 0 | 0 | 0 | 0 | 0 | 0 | 0 | 0 | 0 | 0 | 0 | 0 | 0 | 0 | 0 | 0 | 0 | 3.426533995882852e-11 | -3.426533995882852e-11 | -7.958699746756117e-09 | 0 | 3.382466530364741e-11 | -3.382466530364741e-11 | -7.85634566911364e-09 | 0 | 3.338965801239592e-11 | -3.338965801239592e-11 | -7.755307931770887e-09 | 0 | 3.29602451990718e-11 | -3.29602451990718e-11 | -7.655569605731722e-09 | 0 | 0 | 0 | 0 | 0 | 0 | 0 | 0 | 0 | 0 | 0 | 0 | 0 | 0 | 0 | 0 | 0 | 0 | 0 | 0 | 0 | 9.313307514849292e-14 | -9.313307514849292e-14 | -2.1631718304547358e-11 | 0 | 9.19353229643228e-14 | -9.19353229643228e-14 | -2.1353520276560912e-11 | 0 | 9.075297465565445e-14 | -9.075297465565445e-14 | -2.1078900056942986e-11 | 0 | 8.958583211858658e-14 | -8.958583211858658e-14 | -2.080781163274082e-11 | 0 | 8.195697817187846e-12 | -8.195697817187846e-12 | -1.903588238742593e-09 | 0 | 8.090295789544247e-12 | -8.090295789544247e-12 | -1.8791068505023877e-09 | 0 | 7.98624930082841e-12 | -7.98624930082841e-12 | -1.8549403089070447e-09 | 0 | 7.88354091792424e-12 | -7.88354091792424e-12 | -1.8310845648230423e-09 | 0 | 1.5318177415813097e-10 | -1.5318177415813097e-10 | -3.5389939712847693e-08
 |  | 360 | 0 | -1.3835569804275644e-11 | 1.3835569804275644e-11 | 3.4034107235748135e-09 | 0 | 0 | 0 | 0 | 0 | 0 | 0 | 0 | 0 | 0 | 0 | 0 | 0 | 0 | 0 | 0 | 0 | 0 | 0 | 0 | 0 | 3.441350365887593e-11 | -3.441350365887593e-11 | -7.993113250414993e-09 | 0 | 3.3970923521726526e-11 | -3.3970923521726526e-11 | -7.890316592635368e-09 | 0 | 3.3534035254249596e-11 | -3.3534035254249596e-11 | -7.788841967025137e-09 | 0 | 3.3102765655283015e-11 | -3.3102765655283015e-11 | -7.688672371387005e-09 | 0 | 0 | 0 | 0 | 0 | 0 | 0 | 0 | 0 | 0 | 0 | 0 | 0 | 0 | 0 | 0 | 0 | 0 | 0 | 0 | 0 | 9.353578357127157e-14 | -9.353578357127157e-14 | -2.172525408811863e-11 | 0 | 9.233285229372139e-14 | -9.233285229372139e-14 | -2.1445853128854633e-11 | 0 | 9.114539149819699e-14 | -9.114539149819699e-14 | -2.1170045448441183e-11 | 0 | 8.997320222419371e-14 | -8.997320222419371e-14 | -2.0897784834965013e-11 | 0 | 8.231136103062846e-12 | -8.231136103062846e-12 | -1.911819374845656e-09 | 0 | 8.125278315913375e-12 | -8.125278315913375e-12 | -1.887232128818301e-09 | 0 | 8.02078192905663e-12 | -8.02078192905663e-12 | -1.8629610908361014e-09 | 0 | 7.91762943399553e-12 | -7.91762943399553e-12 | -1.8390021942570379e-09 | 0 | 1.5384747129747523e-10 | -1.5384747129747523e-10 | -3.554378718414517e-08
[434 linhas]
